

Microchip MPLAB XC8 Assembler V3.00 build 20241204225717 
                                                                                               Sun Sep 27 14:15:53 2026

Microchip MPLAB XC8 C Compiler v3.00 (Free license) build 20241204225717 Og1 
     1                           	processor	18F45K50
     2                           	fnconf	rparam,??,?,0
     3                           	pagewidth 120
     4                           	opt	flic
     5                           	psect	mediumconst,global,reloc=2,class=MEDIUMCONST,space=0,delta=1,noexec
     6                           	psect	cinit,global,reloc=2,class=CODE,space=0,delta=1
     7                           	psect	bssCOMRAM,global,class=COMRAM,space=1,delta=1,lowdata,noexec
     8                           	psect	bssBANK0,global,class=BANK0,space=1,delta=1,lowdata,noexec
     9                           	psect	bssBANK1,global,class=BANK1,space=1,delta=1,lowdata,noexec
    10                           	psect	cstackBANK0,global,class=BANK0,space=1,delta=1,lowdata,noexec
    11                           	psect	cstackCOMRAM,global,class=COMRAM,space=1,delta=1,lowdata,noexec
    12                           	psect	text0,global,reloc=2,class=CODE,space=0,delta=1
    13                           	psect	text1,global,reloc=2,class=CODE,space=0,delta=1
    14                           	psect	text2,global,reloc=2,class=CODE,space=0,delta=1
    15                           	psect	text3,global,reloc=2,class=CODE,space=0,delta=1
    16                           	psect	text4,global,reloc=2,class=CODE,space=0,delta=1
    17                           	psect	text5,global,reloc=2,class=CODE,space=0,delta=1
    18                           	psect	text6,global,reloc=2,class=CODE,space=0,delta=1
    19                           	psect	text7,global,reloc=2,class=CODE,space=0,delta=1
    20                           	psect	text8,global,reloc=2,class=CODE,space=0,delta=1
    21                           	psect	text9,global,reloc=2,class=CODE,space=0,delta=1
    22                           	psect	text10,global,reloc=2,class=CODE,space=0,delta=1
    23                           	psect	text11,global,reloc=2,class=CODE,space=0,delta=1
    24                           	psect	text12,global,reloc=2,class=CODE,space=0,delta=1
    25                           	psect	text13,global,reloc=2,class=CODE,space=0,delta=1
    26                           	psect	text14,global,reloc=2,class=CODE,space=0,delta=1
    27                           	psect	text15,global,reloc=2,class=CODE,space=0,delta=1
    28                           	psect	text16,global,reloc=2,class=CODE,space=0,delta=1
    29                           	psect	text17,global,reloc=2,class=CODE,space=0,delta=1
    30                           	psect	text18,global,reloc=2,class=CODE,space=0,delta=1
    31                           	psect	text19,global,reloc=2,class=CODE,space=0,delta=1
    32                           	psect	text20,global,reloc=2,class=CODE,space=0,delta=1
    33                           	psect	text21,global,reloc=2,class=CODE,space=0,delta=1
    34                           	psect	text22,global,reloc=2,class=CODE,space=0,delta=1,group=2
    35                           	psect	text23,global,reloc=2,class=CODE,space=0,delta=1,group=2
    36                           	psect	text24,global,reloc=2,class=CODE,space=0,delta=1
    37                           	psect	text25,global,reloc=2,class=CODE,space=0,delta=1
    38                           	psect	text26,global,reloc=2,class=CODE,space=0,delta=1
    39                           	psect	text27,global,reloc=2,class=CODE,space=0,delta=1
    40                           	psect	text28,global,reloc=2,class=CODE,space=0,delta=1
    41                           	psect	text29,global,reloc=2,class=CODE,space=0,delta=1
    42                           	psect	text30,global,reloc=2,class=CODE,space=0,delta=1
    43                           	psect	text31,global,reloc=2,class=CODE,space=0,delta=1
    44                           	psect	text32,global,reloc=2,class=CODE,space=0,delta=1
    45                           	psect	text33,global,reloc=2,class=CODE,space=0,delta=1,group=3
    46                           	psect	text34,global,reloc=2,class=CODE,space=0,delta=1,group=1
    47                           	psect	text35,global,reloc=2,class=CODE,space=0,delta=1,group=1
    48                           	psect	text36,global,reloc=2,class=CODE,space=0,delta=1,group=3
    49                           	psect	text37,global,reloc=2,class=CODE,space=0,delta=1,group=3
    50                           	psect	text38,global,reloc=2,class=CODE,space=0,delta=1,group=3
    51                           	psect	text39,global,reloc=2,class=CODE,space=0,delta=1,group=2
    52                           	psect	text40,global,reloc=2,class=CODE,space=0,delta=1,group=2
    53                           	psect	text41,global,reloc=2,class=CODE,space=0,delta=1
    54                           	psect	text42,global,reloc=2,class=CODE,space=0,delta=1
    55                           	psect	text43,global,reloc=2,class=CODE,space=0,delta=1
    56                           	psect	text44,global,reloc=2,class=CODE,space=0,delta=1
    57                           	psect	text45,global,reloc=2,class=CODE,space=0,delta=1
    58                           	psect	text46,global,reloc=2,class=CODE,space=0,delta=1
    59                           	psect	text47,global,reloc=2,class=CODE,space=0,delta=1
    60                           	psect	text48,global,reloc=2,class=CODE,space=0,delta=1
    61                           	psect	text49,global,reloc=2,class=CODE,space=0,delta=1
    62                           	psect	text50,global,reloc=2,class=CODE,space=0,delta=1
    63                           	psect	text51,global,reloc=2,class=CODE,space=0,delta=1,group=2
    64                           	psect	text52,global,reloc=2,class=CODE,space=0,delta=1,group=2
    65                           	psect	text53,global,reloc=2,class=CODE,space=0,delta=1,group=2
    66                           	psect	text54,global,reloc=2,class=CODE,space=0,delta=1
    67                           	psect	text55,global,reloc=2,class=CODE,space=0,delta=1,group=2
    68                           	psect	text56,global,reloc=2,class=CODE,space=0,delta=1
    69                           	psect	text57,global,reloc=2,class=CODE,space=0,delta=1
    70                           	psect	intcode,global,reloc=2,class=CODE,space=0,delta=1
    71                           	psect	text59,global,reloc=2,class=CODE,space=0,delta=1
    72                           	psect	intsave_regs,global,class=BIGRAM,space=1,delta=1,noexec
    73                           	psect	rparam,global,class=COMRAM,space=1,delta=1,noexec
    74                           	psect	temp,global,ovrld,common,class=COMRAM,space=1,delta=1,lowdata
    75                           	psect	config,global,abs,ovrld,class=CONFIG,space=4,delta=1,noexec
    76   000000                     
    77                           ; Generated 12/10/2023 GMT
    78                           ; 
    79                           ; Copyright © 2023, Microchip Technology Inc. and its subsidiaries ("Microchip")
    80                           ; All rights reserved.
    81                           ; 
    82                           ; This software is developed by Microchip Technology Inc. and its subsidiaries ("Microch
      +                          ip").
    83                           ; 
    84                           ; Redistribution and use in source and binary forms, with or without modification, are
    85                           ; permitted provided that the following conditions are met:
    86                           ; 
    87                           ;     1. Redistributions of source code must retain the above copyright notice, this lis
      +                          t of
    88                           ;        conditions and the following disclaimer.
    89                           ; 
    90                           ;     2. Redistributions in binary form must reproduce the above copyright notice, this 
      +                          list
    91                           ;        of conditions and the following disclaimer in the documentation and/or other
    92                           ;        materials provided with the distribution. Publication is not required when
    93                           ;        this file is used in an embedded application.
    94                           ; 
    95                           ;     3. Microchip's name may not be used to endorse or promote products derived from th
      +                          is
    96                           ;        software without specific prior written permission.
    97                           ; 
    98                           ; THIS SOFTWARE IS PROVIDED BY MICROCHIP "AS IS" AND ANY EXPRESS OR IMPLIED WARRANTIES,
    99                           ; INCLUDING, BUT NOT LIMITED TO, THE IMPLIED WARRANTIES OF MERCHANTABILITY AND FITNESS F
      +                          OR
   100                           ; PURPOSE ARE DISCLAIMED.  IN NO EVENT SHALL MICROCHIP BE LIABLE FOR ANY DIRECT, INDIREC
      +                          T,
   101                           ; INCIDENTAL, SPECIAL, EXEMPLARY, OR CONSEQUENTIAL DAMAGES (INCLUDING BUT NOT LIMITED TO
   102                           ; PROCUREMENT OF SUBSTITUTE GOODS OR SERVICES; LOSS OF USE, DATA OR PROFITS; OR BUSINESS
   103                           ; INTERRUPTION) HOWSOEVER CAUSED AND ON ANY THEORY OF LIABILITY, WHETHER IN CONTRACT, ST
      +                          RICT
   104                           ; LIABILITY, OR TORT (INCLUDING NEGLIGENCE OR OTHERWISE) ARISING IN ANY WAY OUT OF THE U
      +                          SE OF
   105                           ; THIS SOFTWARE, EVEN IF ADVISED OF THE POSSIBILITY OF SUCH DAMAGE.
   106                           ; 
   107                           ; 
   108                           ; Code-generator required, PIC18F45K50 Definitions
   109                           ; 
   110                           ; SFR Addresses
   111   000FE0                     bsr             equ	4064
   112   000FE9                     fsr0            equ	4073
   113   000FEA                     fsr0h           equ	4074
   114   000FE9                     fsr0l           equ	4073
   115   000FE1                     fsr1            equ	4065
   116   000FE2                     fsr1h           equ	4066
   117   000FE1                     fsr1l           equ	4065
   118   000FD9                     fsr2            equ	4057
   119   000FDA                     fsr2h           equ	4058
   120   000FD9                     fsr2l           equ	4057
   121   000FEF                     indf0           equ	4079
   122   000FE7                     indf1           equ	4071
   123   000FDF                     indf2           equ	4063
   124   000FF2                     intcon          equ	4082
   125   000000                     nvmcon          equ	0
   126   000FF9                     pcl             equ	4089
   127   000FFA                     pclath          equ	4090
   128   000FFB                     pclatu          equ	4091
   129   000FEB                     plusw0          equ	4075
   130   000FE3                     plusw1          equ	4067
   131   000FDB                     plusw2          equ	4059
   132   000FED                     postdec0        equ	4077
   133   000FE5                     postdec1        equ	4069
   134   000FDD                     postdec2        equ	4061
   135   000FEE                     postinc0        equ	4078
   136   000FE6                     postinc1        equ	4070
   137   000FDE                     postinc2        equ	4062
   138   000FEC                     preinc0         equ	4076
   139   000FE4                     preinc1         equ	4068
   140   000FDC                     preinc2         equ	4060
   141   000FF3                     prod            equ	4083
   142   000FF4                     prodh           equ	4084
   143   000FF3                     prodl           equ	4083
   144   000FD8                     status          equ	4056
   145   000FF5                     tablat          equ	4085
   146   000FF6                     tblptr          equ	4086
   147   000FF7                     tblptrh         equ	4087
   148   000FF6                     tblptrl         equ	4086
   149   000FF8                     tblptru         equ	4088
   150   000FFD                     tosl            equ	4093
   151   000FE8                     wreg            equ	4072
   152   000F57                     SRCON1          equ	3927	;# 
   153   000F58                     SRCON0          equ	3928	;# 
   154   000F59                     CCPTMRS         equ	3929	;# 
   155   000F5A                     VREGCON         equ	3930	;# 
   156   000F5B                     ANSELA          equ	3931	;# 
   157   000F5C                     ANSELB          equ	3932	;# 
   158   000F5D                     ANSELC          equ	3933	;# 
   159   000F5E                     ANSELD          equ	3934	;# 
   160   000F5F                     ANSELE          equ	3935	;# 
   161   000F60                     UCON            equ	3936	;# 
   162   000F61                     USTAT           equ	3937	;# 
   163   000F62                     UCFG            equ	3938	;# 
   164   000F63                     UADDR           equ	3939	;# 
   165   000F64                     UIE             equ	3940	;# 
   166   000F65                     UIR             equ	3941	;# 
   167   000F66                     UEIE            equ	3942	;# 
   168   000F67                     UEIR            equ	3943	;# 
   169   000F68                     UFRM            equ	3944	;# 
   170   000F68                     UFRML           equ	3944	;# 
   171   000F69                     UFRMH           equ	3945	;# 
   172   000F6A                     UEP0            equ	3946	;# 
   173   000F6B                     UEP1            equ	3947	;# 
   174   000F6C                     UEP2            equ	3948	;# 
   175   000F6D                     UEP3            equ	3949	;# 
   176   000F6E                     UEP4            equ	3950	;# 
   177   000F6F                     UEP5            equ	3951	;# 
   178   000F70                     UEP6            equ	3952	;# 
   179   000F71                     UEP7            equ	3953	;# 
   180   000F72                     UEP8            equ	3954	;# 
   181   000F73                     UEP9            equ	3955	;# 
   182   000F74                     UEP10           equ	3956	;# 
   183   000F75                     UEP11           equ	3957	;# 
   184   000F76                     UEP12           equ	3958	;# 
   185   000F77                     UEP13           equ	3959	;# 
   186   000F78                     UEP14           equ	3960	;# 
   187   000F79                     UEP15           equ	3961	;# 
   188   000F7A                     SLRCON          equ	3962	;# 
   189   000F7B                     VREFCON2        equ	3963	;# 
   190   000F7C                     VREFCON1        equ	3964	;# 
   191   000F7D                     VREFCON0        equ	3965	;# 
   192   000F7E                     PMD0            equ	3966	;# 
   193   000F7F                     PMD1            equ	3967	;# 
   194   000F80                     PORTA           equ	3968	;# 
   195   000F81                     PORTB           equ	3969	;# 
   196   000F82                     PORTC           equ	3970	;# 
   197   000F83                     PORTD           equ	3971	;# 
   198   000F84                     PORTE           equ	3972	;# 
   199   000F85                     WPUB            equ	3973	;# 
   200   000F86                     IOCB            equ	3974	;# 
   201   000F87                     IOCC            equ	3975	;# 
   202   000F88                     CTMUICON        equ	3976	;# 
   203   000F89                     LATA            equ	3977	;# 
   204   000F8A                     LATB            equ	3978	;# 
   205   000F8B                     LATC            equ	3979	;# 
   206   000F8C                     LATD            equ	3980	;# 
   207   000F8D                     LATE            equ	3981	;# 
   208   000F8E                     CTMUCONL        equ	3982	;# 
   209   000F8E                     CTMUCON1        equ	3982	;# 
   210   000F8F                     CTMUCONH        equ	3983	;# 
   211   000F8F                     CTMUCON0        equ	3983	;# 
   212   000F90                     CCPR2           equ	3984	;# 
   213   000F90                     CCPR2L          equ	3984	;# 
   214   000F91                     CCPR2H          equ	3985	;# 
   215   000F92                     TRISA           equ	3986	;# 
   216   000F92                     DDRA            equ	3986	;# 
   217   000F93                     TRISB           equ	3987	;# 
   218   000F93                     DDRB            equ	3987	;# 
   219   000F94                     TRISC           equ	3988	;# 
   220   000F94                     DDRC            equ	3988	;# 
   221   000F95                     TRISD           equ	3989	;# 
   222   000F95                     DDRD            equ	3989	;# 
   223   000F96                     TRISE           equ	3990	;# 
   224   000F96                     DDRE            equ	3990	;# 
   225   000F97                     CCP2CON         equ	3991	;# 
   226   000F97                     ECCP2CON        equ	3991	;# 
   227   000F98                     CM1CON0         equ	3992	;# 
   228   000F99                     CM2CON0         equ	3993	;# 
   229   000F9A                     CM2CON1         equ	3994	;# 
   230   000F9B                     OSCTUNE         equ	3995	;# 
   231   000F9C                     HLVDCON         equ	3996	;# 
   232   000F9D                     PIE1            equ	3997	;# 
   233   000F9E                     PIR1            equ	3998	;# 
   234   000F9F                     IPR1            equ	3999	;# 
   235   000FA0                     PIE2            equ	4000	;# 
   236   000FA1                     PIR2            equ	4001	;# 
   237   000FA2                     IPR2            equ	4002	;# 
   238   000FA3                     PIE3            equ	4003	;# 
   239   000FA4                     PIR3            equ	4004	;# 
   240   000FA5                     IPR3            equ	4005	;# 
   241   000FA6                     EECON1          equ	4006	;# 
   242   000FA7                     EECON2          equ	4007	;# 
   243   000FA8                     EEDATA          equ	4008	;# 
   244   000FA9                     EEADR           equ	4009	;# 
   245   000FAB                     RCSTA1          equ	4011	;# 
   246   000FAB                     RCSTA           equ	4011	;# 
   247   000FAC                     TXSTA1          equ	4012	;# 
   248   000FAC                     TXSTA           equ	4012	;# 
   249   000FAD                     TXREG1          equ	4013	;# 
   250   000FAD                     TXREG           equ	4013	;# 
   251   000FAE                     RCREG1          equ	4014	;# 
   252   000FAE                     RCREG           equ	4014	;# 
   253   000FAF                     SPBRG1          equ	4015	;# 
   254   000FAF                     SPBRG           equ	4015	;# 
   255   000FB0                     SPBRGH1         equ	4016	;# 
   256   000FB0                     SPBRGH          equ	4016	;# 
   257   000FB1                     T3CON           equ	4017	;# 
   258   000FB2                     TMR3            equ	4018	;# 
   259   000FB2                     TMR3L           equ	4018	;# 
   260   000FB3                     TMR3H           equ	4019	;# 
   261   000FB4                     T3GCON          equ	4020	;# 
   262   000FB5                     ACTCON          equ	4021	;# 
   263   000FB5                     STCON           equ	4021	;# 
   264   000FB6                     ECCP1AS         equ	4022	;# 
   265   000FB7                     PWM1CON         equ	4023	;# 
   266   000FB7                     ECCP1DEL        equ	4023	;# 
   267   000FB8                     BAUDCON1        equ	4024	;# 
   268   000FB8                     BAUDCON         equ	4024	;# 
   269   000FB8                     BAUDCTL         equ	4024	;# 
   270   000FB9                     PSTR1CON        equ	4025	;# 
   271   000FBA                     T2CON           equ	4026	;# 
   272   000FBB                     PR2             equ	4027	;# 
   273   000FBC                     TMR2            equ	4028	;# 
   274   000FBD                     CCP1CON         equ	4029	;# 
   275   000FBD                     ECCP1CON        equ	4029	;# 
   276   000FBE                     CCPR1           equ	4030	;# 
   277   000FBE                     CCPR1L          equ	4030	;# 
   278   000FBF                     CCPR1H          equ	4031	;# 
   279   000FC0                     ADCON2          equ	4032	;# 
   280   000FC1                     ADCON1          equ	4033	;# 
   281   000FC2                     ADCON0          equ	4034	;# 
   282   000FC3                     ADRESL          equ	4035	;# 
   283   000FC4                     ADRESH          equ	4036	;# 
   284   000FC5                     SSP1CON2        equ	4037	;# 
   285   000FC5                     SSPCON2         equ	4037	;# 
   286   000FC6                     SSP1CON1        equ	4038	;# 
   287   000FC6                     SSPCON          equ	4038	;# 
   288   000FC6                     SSPCON1         equ	4038	;# 
   289   000FC7                     SSP1STAT        equ	4039	;# 
   290   000FC7                     SSPSTAT         equ	4039	;# 
   291   000FC8                     SSP1ADD         equ	4040	;# 
   292   000FC8                     SSPADD          equ	4040	;# 
   293   000FC9                     SSP1BUF         equ	4041	;# 
   294   000FC9                     SSPBUF          equ	4041	;# 
   295   000FCA                     SSP1MSK         equ	4042	;# 
   296   000FCA                     SSPMSK          equ	4042	;# 
   297   000FCB                     SSP1CON3        equ	4043	;# 
   298   000FCB                     SSPCON3         equ	4043	;# 
   299   000FCC                     T1GCON          equ	4044	;# 
   300   000FCD                     T1CON           equ	4045	;# 
   301   000FCE                     TMR1            equ	4046	;# 
   302   000FCE                     TMR1L           equ	4046	;# 
   303   000FCF                     TMR1H           equ	4047	;# 
   304   000FD0                     RCON            equ	4048	;# 
   305   000FD1                     WDTCON          equ	4049	;# 
   306   000FD2                     OSCCON2         equ	4050	;# 
   307   000FD3                     OSCCON          equ	4051	;# 
   308   000FD5                     T0CON           equ	4053	;# 
   309   000FD6                     TMR0            equ	4054	;# 
   310   000FD6                     TMR0L           equ	4054	;# 
   311   000FD7                     TMR0H           equ	4055	;# 
   312   000FD8                     STATUS          equ	4056	;# 
   313   000FD9                     FSR2            equ	4057	;# 
   314   000FD9                     FSR2L           equ	4057	;# 
   315   000FDA                     FSR2H           equ	4058	;# 
   316   000FDB                     PLUSW2          equ	4059	;# 
   317   000FDC                     PREINC2         equ	4060	;# 
   318   000FDD                     POSTDEC2        equ	4061	;# 
   319   000FDE                     POSTINC2        equ	4062	;# 
   320   000FDF                     INDF2           equ	4063	;# 
   321   000FE0                     BSR             equ	4064	;# 
   322   000FE1                     FSR1            equ	4065	;# 
   323   000FE1                     FSR1L           equ	4065	;# 
   324   000FE2                     FSR1H           equ	4066	;# 
   325   000FE3                     PLUSW1          equ	4067	;# 
   326   000FE4                     PREINC1         equ	4068	;# 
   327   000FE5                     POSTDEC1        equ	4069	;# 
   328   000FE6                     POSTINC1        equ	4070	;# 
   329   000FE7                     INDF1           equ	4071	;# 
   330   000FE8                     WREG            equ	4072	;# 
   331   000FE9                     FSR0            equ	4073	;# 
   332   000FE9                     FSR0L           equ	4073	;# 
   333   000FEA                     FSR0H           equ	4074	;# 
   334   000FEB                     PLUSW0          equ	4075	;# 
   335   000FEC                     PREINC0         equ	4076	;# 
   336   000FED                     POSTDEC0        equ	4077	;# 
   337   000FEE                     POSTINC0        equ	4078	;# 
   338   000FEF                     INDF0           equ	4079	;# 
   339   000FF0                     INTCON3         equ	4080	;# 
   340   000FF1                     INTCON2         equ	4081	;# 
   341   000FF2                     INTCON          equ	4082	;# 
   342   000FF3                     PROD            equ	4083	;# 
   343   000FF3                     PRODL           equ	4083	;# 
   344   000FF4                     PRODH           equ	4084	;# 
   345   000FF5                     TABLAT          equ	4085	;# 
   346   000FF6                     TBLPTR          equ	4086	;# 
   347   000FF6                     TBLPTRL         equ	4086	;# 
   348   000FF7                     TBLPTRH         equ	4087	;# 
   349   000FF8                     TBLPTRU         equ	4088	;# 
   350   000FF9                     PCLAT           equ	4089	;# 
   351   000FF9                     PC              equ	4089	;# 
   352   000FF9                     PCL             equ	4089	;# 
   353   000FFA                     PCLATH          equ	4090	;# 
   354   000FFB                     PCLATU          equ	4091	;# 
   355   000FFC                     STKPTR          equ	4092	;# 
   356   000FFD                     TOS             equ	4093	;# 
   357   000FFD                     TOSL            equ	4093	;# 
   358   000FFE                     TOSH            equ	4094	;# 
   359   000FFF                     TOSU            equ	4095	;# 
   360   000F57                     SRCON1          equ	3927	;# 
   361   000F58                     SRCON0          equ	3928	;# 
   362   000F59                     CCPTMRS         equ	3929	;# 
   363   000F5A                     VREGCON         equ	3930	;# 
   364   000F5B                     ANSELA          equ	3931	;# 
   365   000F5C                     ANSELB          equ	3932	;# 
   366   000F5D                     ANSELC          equ	3933	;# 
   367   000F5E                     ANSELD          equ	3934	;# 
   368   000F5F                     ANSELE          equ	3935	;# 
   369   000F60                     UCON            equ	3936	;# 
   370   000F61                     USTAT           equ	3937	;# 
   371   000F62                     UCFG            equ	3938	;# 
   372   000F63                     UADDR           equ	3939	;# 
   373   000F64                     UIE             equ	3940	;# 
   374   000F65                     UIR             equ	3941	;# 
   375   000F66                     UEIE            equ	3942	;# 
   376   000F67                     UEIR            equ	3943	;# 
   377   000F68                     UFRM            equ	3944	;# 
   378   000F68                     UFRML           equ	3944	;# 
   379   000F69                     UFRMH           equ	3945	;# 
   380   000F6A                     UEP0            equ	3946	;# 
   381   000F6B                     UEP1            equ	3947	;# 
   382   000F6C                     UEP2            equ	3948	;# 
   383   000F6D                     UEP3            equ	3949	;# 
   384   000F6E                     UEP4            equ	3950	;# 
   385   000F6F                     UEP5            equ	3951	;# 
   386   000F70                     UEP6            equ	3952	;# 
   387   000F71                     UEP7            equ	3953	;# 
   388   000F72                     UEP8            equ	3954	;# 
   389   000F73                     UEP9            equ	3955	;# 
   390   000F74                     UEP10           equ	3956	;# 
   391   000F75                     UEP11           equ	3957	;# 
   392   000F76                     UEP12           equ	3958	;# 
   393   000F77                     UEP13           equ	3959	;# 
   394   000F78                     UEP14           equ	3960	;# 
   395   000F79                     UEP15           equ	3961	;# 
   396   000F7A                     SLRCON          equ	3962	;# 
   397   000F7B                     VREFCON2        equ	3963	;# 
   398   000F7C                     VREFCON1        equ	3964	;# 
   399   000F7D                     VREFCON0        equ	3965	;# 
   400   000F7E                     PMD0            equ	3966	;# 
   401   000F7F                     PMD1            equ	3967	;# 
   402   000F80                     PORTA           equ	3968	;# 
   403   000F81                     PORTB           equ	3969	;# 
   404   000F82                     PORTC           equ	3970	;# 
   405   000F83                     PORTD           equ	3971	;# 
   406   000F84                     PORTE           equ	3972	;# 
   407   000F85                     WPUB            equ	3973	;# 
   408   000F86                     IOCB            equ	3974	;# 
   409   000F87                     IOCC            equ	3975	;# 
   410   000F88                     CTMUICON        equ	3976	;# 
   411   000F89                     LATA            equ	3977	;# 
   412   000F8A                     LATB            equ	3978	;# 
   413   000F8B                     LATC            equ	3979	;# 
   414   000F8C                     LATD            equ	3980	;# 
   415   000F8D                     LATE            equ	3981	;# 
   416   000F8E                     CTMUCONL        equ	3982	;# 
   417   000F8E                     CTMUCON1        equ	3982	;# 
   418   000F8F                     CTMUCONH        equ	3983	;# 
   419   000F8F                     CTMUCON0        equ	3983	;# 
   420   000F90                     CCPR2           equ	3984	;# 
   421   000F90                     CCPR2L          equ	3984	;# 
   422   000F91                     CCPR2H          equ	3985	;# 
   423   000F92                     TRISA           equ	3986	;# 
   424   000F92                     DDRA            equ	3986	;# 
   425   000F93                     TRISB           equ	3987	;# 
   426   000F93                     DDRB            equ	3987	;# 
   427   000F94                     TRISC           equ	3988	;# 
   428   000F94                     DDRC            equ	3988	;# 
   429   000F95                     TRISD           equ	3989	;# 
   430   000F95                     DDRD            equ	3989	;# 
   431   000F96                     TRISE           equ	3990	;# 
   432   000F96                     DDRE            equ	3990	;# 
   433   000F97                     CCP2CON         equ	3991	;# 
   434   000F97                     ECCP2CON        equ	3991	;# 
   435   000F98                     CM1CON0         equ	3992	;# 
   436   000F99                     CM2CON0         equ	3993	;# 
   437   000F9A                     CM2CON1         equ	3994	;# 
   438   000F9B                     OSCTUNE         equ	3995	;# 
   439   000F9C                     HLVDCON         equ	3996	;# 
   440   000F9D                     PIE1            equ	3997	;# 
   441   000F9E                     PIR1            equ	3998	;# 
   442   000F9F                     IPR1            equ	3999	;# 
   443   000FA0                     PIE2            equ	4000	;# 
   444   000FA1                     PIR2            equ	4001	;# 
   445   000FA2                     IPR2            equ	4002	;# 
   446   000FA3                     PIE3            equ	4003	;# 
   447   000FA4                     PIR3            equ	4004	;# 
   448   000FA5                     IPR3            equ	4005	;# 
   449   000FA6                     EECON1          equ	4006	;# 
   450   000FA7                     EECON2          equ	4007	;# 
   451   000FA8                     EEDATA          equ	4008	;# 
   452   000FA9                     EEADR           equ	4009	;# 
   453   000FAB                     RCSTA1          equ	4011	;# 
   454   000FAB                     RCSTA           equ	4011	;# 
   455   000FAC                     TXSTA1          equ	4012	;# 
   456   000FAC                     TXSTA           equ	4012	;# 
   457   000FAD                     TXREG1          equ	4013	;# 
   458   000FAD                     TXREG           equ	4013	;# 
   459   000FAE                     RCREG1          equ	4014	;# 
   460   000FAE                     RCREG           equ	4014	;# 
   461   000FAF                     SPBRG1          equ	4015	;# 
   462   000FAF                     SPBRG           equ	4015	;# 
   463   000FB0                     SPBRGH1         equ	4016	;# 
   464   000FB0                     SPBRGH          equ	4016	;# 
   465   000FB1                     T3CON           equ	4017	;# 
   466   000FB2                     TMR3            equ	4018	;# 
   467   000FB2                     TMR3L           equ	4018	;# 
   468   000FB3                     TMR3H           equ	4019	;# 
   469   000FB4                     T3GCON          equ	4020	;# 
   470   000FB5                     ACTCON          equ	4021	;# 
   471   000FB5                     STCON           equ	4021	;# 
   472   000FB6                     ECCP1AS         equ	4022	;# 
   473   000FB7                     PWM1CON         equ	4023	;# 
   474   000FB7                     ECCP1DEL        equ	4023	;# 
   475   000FB8                     BAUDCON1        equ	4024	;# 
   476   000FB8                     BAUDCON         equ	4024	;# 
   477   000FB8                     BAUDCTL         equ	4024	;# 
   478   000FB9                     PSTR1CON        equ	4025	;# 
   479   000FBA                     T2CON           equ	4026	;# 
   480   000FBB                     PR2             equ	4027	;# 
   481   000FBC                     TMR2            equ	4028	;# 
   482   000FBD                     CCP1CON         equ	4029	;# 
   483   000FBD                     ECCP1CON        equ	4029	;# 
   484   000FBE                     CCPR1           equ	4030	;# 
   485   000FBE                     CCPR1L          equ	4030	;# 
   486   000FBF                     CCPR1H          equ	4031	;# 
   487   000FC0                     ADCON2          equ	4032	;# 
   488   000FC1                     ADCON1          equ	4033	;# 
   489   000FC2                     ADCON0          equ	4034	;# 
   490   000FC3                     ADRESL          equ	4035	;# 
   491   000FC4                     ADRESH          equ	4036	;# 
   492   000FC5                     SSP1CON2        equ	4037	;# 
   493   000FC5                     SSPCON2         equ	4037	;# 
   494   000FC6                     SSP1CON1        equ	4038	;# 
   495   000FC6                     SSPCON          equ	4038	;# 
   496   000FC6                     SSPCON1         equ	4038	;# 
   497   000FC7                     SSP1STAT        equ	4039	;# 
   498   000FC7                     SSPSTAT         equ	4039	;# 
   499   000FC8                     SSP1ADD         equ	4040	;# 
   500   000FC8                     SSPADD          equ	4040	;# 
   501   000FC9                     SSP1BUF         equ	4041	;# 
   502   000FC9                     SSPBUF          equ	4041	;# 
   503   000FCA                     SSP1MSK         equ	4042	;# 
   504   000FCA                     SSPMSK          equ	4042	;# 
   505   000FCB                     SSP1CON3        equ	4043	;# 
   506   000FCB                     SSPCON3         equ	4043	;# 
   507   000FCC                     T1GCON          equ	4044	;# 
   508   000FCD                     T1CON           equ	4045	;# 
   509   000FCE                     TMR1            equ	4046	;# 
   510   000FCE                     TMR1L           equ	4046	;# 
   511   000FCF                     TMR1H           equ	4047	;# 
   512   000FD0                     RCON            equ	4048	;# 
   513   000FD1                     WDTCON          equ	4049	;# 
   514   000FD2                     OSCCON2         equ	4050	;# 
   515   000FD3                     OSCCON          equ	4051	;# 
   516   000FD5                     T0CON           equ	4053	;# 
   517   000FD6                     TMR0            equ	4054	;# 
   518   000FD6                     TMR0L           equ	4054	;# 
   519   000FD7                     TMR0H           equ	4055	;# 
   520   000FD8                     STATUS          equ	4056	;# 
   521   000FD9                     FSR2            equ	4057	;# 
   522   000FD9                     FSR2L           equ	4057	;# 
   523   000FDA                     FSR2H           equ	4058	;# 
   524   000FDB                     PLUSW2          equ	4059	;# 
   525   000FDC                     PREINC2         equ	4060	;# 
   526   000FDD                     POSTDEC2        equ	4061	;# 
   527   000FDE                     POSTINC2        equ	4062	;# 
   528   000FDF                     INDF2           equ	4063	;# 
   529   000FE0                     BSR             equ	4064	;# 
   530   000FE1                     FSR1            equ	4065	;# 
   531   000FE1                     FSR1L           equ	4065	;# 
   532   000FE2                     FSR1H           equ	4066	;# 
   533   000FE3                     PLUSW1          equ	4067	;# 
   534   000FE4                     PREINC1         equ	4068	;# 
   535   000FE5                     POSTDEC1        equ	4069	;# 
   536   000FE6                     POSTINC1        equ	4070	;# 
   537   000FE7                     INDF1           equ	4071	;# 
   538   000FE8                     WREG            equ	4072	;# 
   539   000FE9                     FSR0            equ	4073	;# 
   540   000FE9                     FSR0L           equ	4073	;# 
   541   000FEA                     FSR0H           equ	4074	;# 
   542   000FEB                     PLUSW0          equ	4075	;# 
   543   000FEC                     PREINC0         equ	4076	;# 
   544   000FED                     POSTDEC0        equ	4077	;# 
   545   000FEE                     POSTINC0        equ	4078	;# 
   546   000FEF                     INDF0           equ	4079	;# 
   547   000FF0                     INTCON3         equ	4080	;# 
   548   000FF1                     INTCON2         equ	4081	;# 
   549   000FF2                     INTCON          equ	4082	;# 
   550   000FF3                     PROD            equ	4083	;# 
   551   000FF3                     PRODL           equ	4083	;# 
   552   000FF4                     PRODH           equ	4084	;# 
   553   000FF5                     TABLAT          equ	4085	;# 
   554   000FF6                     TBLPTR          equ	4086	;# 
   555   000FF6                     TBLPTRL         equ	4086	;# 
   556   000FF7                     TBLPTRH         equ	4087	;# 
   557   000FF8                     TBLPTRU         equ	4088	;# 
   558   000FF9                     PCLAT           equ	4089	;# 
   559   000FF9                     PC              equ	4089	;# 
   560   000FF9                     PCL             equ	4089	;# 
   561   000FFA                     PCLATH          equ	4090	;# 
   562   000FFB                     PCLATU          equ	4091	;# 
   563   000FFC                     STKPTR          equ	4092	;# 
   564   000FFD                     TOS             equ	4093	;# 
   565   000FFD                     TOSL            equ	4093	;# 
   566   000FFE                     TOSH            equ	4094	;# 
   567   000FFF                     TOSU            equ	4095	;# 
   568   000F57                     SRCON1          equ	3927	;# 
   569   000F58                     SRCON0          equ	3928	;# 
   570   000F59                     CCPTMRS         equ	3929	;# 
   571   000F5A                     VREGCON         equ	3930	;# 
   572   000F5B                     ANSELA          equ	3931	;# 
   573   000F5C                     ANSELB          equ	3932	;# 
   574   000F5D                     ANSELC          equ	3933	;# 
   575   000F5E                     ANSELD          equ	3934	;# 
   576   000F5F                     ANSELE          equ	3935	;# 
   577   000F60                     UCON            equ	3936	;# 
   578   000F61                     USTAT           equ	3937	;# 
   579   000F62                     UCFG            equ	3938	;# 
   580   000F63                     UADDR           equ	3939	;# 
   581   000F64                     UIE             equ	3940	;# 
   582   000F65                     UIR             equ	3941	;# 
   583   000F66                     UEIE            equ	3942	;# 
   584   000F67                     UEIR            equ	3943	;# 
   585   000F68                     UFRM            equ	3944	;# 
   586   000F68                     UFRML           equ	3944	;# 
   587   000F69                     UFRMH           equ	3945	;# 
   588   000F6A                     UEP0            equ	3946	;# 
   589   000F6B                     UEP1            equ	3947	;# 
   590   000F6C                     UEP2            equ	3948	;# 
   591   000F6D                     UEP3            equ	3949	;# 
   592   000F6E                     UEP4            equ	3950	;# 
   593   000F6F                     UEP5            equ	3951	;# 
   594   000F70                     UEP6            equ	3952	;# 
   595   000F71                     UEP7            equ	3953	;# 
   596   000F72                     UEP8            equ	3954	;# 
   597   000F73                     UEP9            equ	3955	;# 
   598   000F74                     UEP10           equ	3956	;# 
   599   000F75                     UEP11           equ	3957	;# 
   600   000F76                     UEP12           equ	3958	;# 
   601   000F77                     UEP13           equ	3959	;# 
   602   000F78                     UEP14           equ	3960	;# 
   603   000F79                     UEP15           equ	3961	;# 
   604   000F7A                     SLRCON          equ	3962	;# 
   605   000F7B                     VREFCON2        equ	3963	;# 
   606   000F7C                     VREFCON1        equ	3964	;# 
   607   000F7D                     VREFCON0        equ	3965	;# 
   608   000F7E                     PMD0            equ	3966	;# 
   609   000F7F                     PMD1            equ	3967	;# 
   610   000F80                     PORTA           equ	3968	;# 
   611   000F81                     PORTB           equ	3969	;# 
   612   000F82                     PORTC           equ	3970	;# 
   613   000F83                     PORTD           equ	3971	;# 
   614   000F84                     PORTE           equ	3972	;# 
   615   000F85                     WPUB            equ	3973	;# 
   616   000F86                     IOCB            equ	3974	;# 
   617   000F87                     IOCC            equ	3975	;# 
   618   000F88                     CTMUICON        equ	3976	;# 
   619   000F89                     LATA            equ	3977	;# 
   620   000F8A                     LATB            equ	3978	;# 
   621   000F8B                     LATC            equ	3979	;# 
   622   000F8C                     LATD            equ	3980	;# 
   623   000F8D                     LATE            equ	3981	;# 
   624   000F8E                     CTMUCONL        equ	3982	;# 
   625   000F8E                     CTMUCON1        equ	3982	;# 
   626   000F8F                     CTMUCONH        equ	3983	;# 
   627   000F8F                     CTMUCON0        equ	3983	;# 
   628   000F90                     CCPR2           equ	3984	;# 
   629   000F90                     CCPR2L          equ	3984	;# 
   630   000F91                     CCPR2H          equ	3985	;# 
   631   000F92                     TRISA           equ	3986	;# 
   632   000F92                     DDRA            equ	3986	;# 
   633   000F93                     TRISB           equ	3987	;# 
   634   000F93                     DDRB            equ	3987	;# 
   635   000F94                     TRISC           equ	3988	;# 
   636   000F94                     DDRC            equ	3988	;# 
   637   000F95                     TRISD           equ	3989	;# 
   638   000F95                     DDRD            equ	3989	;# 
   639   000F96                     TRISE           equ	3990	;# 
   640   000F96                     DDRE            equ	3990	;# 
   641   000F97                     CCP2CON         equ	3991	;# 
   642   000F97                     ECCP2CON        equ	3991	;# 
   643   000F98                     CM1CON0         equ	3992	;# 
   644   000F99                     CM2CON0         equ	3993	;# 
   645   000F9A                     CM2CON1         equ	3994	;# 
   646   000F9B                     OSCTUNE         equ	3995	;# 
   647   000F9C                     HLVDCON         equ	3996	;# 
   648   000F9D                     PIE1            equ	3997	;# 
   649   000F9E                     PIR1            equ	3998	;# 
   650   000F9F                     IPR1            equ	3999	;# 
   651   000FA0                     PIE2            equ	4000	;# 
   652   000FA1                     PIR2            equ	4001	;# 
   653   000FA2                     IPR2            equ	4002	;# 
   654   000FA3                     PIE3            equ	4003	;# 
   655   000FA4                     PIR3            equ	4004	;# 
   656   000FA5                     IPR3            equ	4005	;# 
   657   000FA6                     EECON1          equ	4006	;# 
   658   000FA7                     EECON2          equ	4007	;# 
   659   000FA8                     EEDATA          equ	4008	;# 
   660   000FA9                     EEADR           equ	4009	;# 
   661   000FAB                     RCSTA1          equ	4011	;# 
   662   000FAB                     RCSTA           equ	4011	;# 
   663   000FAC                     TXSTA1          equ	4012	;# 
   664   000FAC                     TXSTA           equ	4012	;# 
   665   000FAD                     TXREG1          equ	4013	;# 
   666   000FAD                     TXREG           equ	4013	;# 
   667   000FAE                     RCREG1          equ	4014	;# 
   668   000FAE                     RCREG           equ	4014	;# 
   669   000FAF                     SPBRG1          equ	4015	;# 
   670   000FAF                     SPBRG           equ	4015	;# 
   671   000FB0                     SPBRGH1         equ	4016	;# 
   672   000FB0                     SPBRGH          equ	4016	;# 
   673   000FB1                     T3CON           equ	4017	;# 
   674   000FB2                     TMR3            equ	4018	;# 
   675   000FB2                     TMR3L           equ	4018	;# 
   676   000FB3                     TMR3H           equ	4019	;# 
   677   000FB4                     T3GCON          equ	4020	;# 
   678   000FB5                     ACTCON          equ	4021	;# 
   679   000FB5                     STCON           equ	4021	;# 
   680   000FB6                     ECCP1AS         equ	4022	;# 
   681   000FB7                     PWM1CON         equ	4023	;# 
   682   000FB7                     ECCP1DEL        equ	4023	;# 
   683   000FB8                     BAUDCON1        equ	4024	;# 
   684   000FB8                     BAUDCON         equ	4024	;# 
   685   000FB8                     BAUDCTL         equ	4024	;# 
   686   000FB9                     PSTR1CON        equ	4025	;# 
   687   000FBA                     T2CON           equ	4026	;# 
   688   000FBB                     PR2             equ	4027	;# 
   689   000FBC                     TMR2            equ	4028	;# 
   690   000FBD                     CCP1CON         equ	4029	;# 
   691   000FBD                     ECCP1CON        equ	4029	;# 
   692   000FBE                     CCPR1           equ	4030	;# 
   693   000FBE                     CCPR1L          equ	4030	;# 
   694   000FBF                     CCPR1H          equ	4031	;# 
   695   000FC0                     ADCON2          equ	4032	;# 
   696   000FC1                     ADCON1          equ	4033	;# 
   697   000FC2                     ADCON0          equ	4034	;# 
   698   000FC3                     ADRESL          equ	4035	;# 
   699   000FC4                     ADRESH          equ	4036	;# 
   700   000FC5                     SSP1CON2        equ	4037	;# 
   701   000FC5                     SSPCON2         equ	4037	;# 
   702   000FC6                     SSP1CON1        equ	4038	;# 
   703   000FC6                     SSPCON          equ	4038	;# 
   704   000FC6                     SSPCON1         equ	4038	;# 
   705   000FC7                     SSP1STAT        equ	4039	;# 
   706   000FC7                     SSPSTAT         equ	4039	;# 
   707   000FC8                     SSP1ADD         equ	4040	;# 
   708   000FC8                     SSPADD          equ	4040	;# 
   709   000FC9                     SSP1BUF         equ	4041	;# 
   710   000FC9                     SSPBUF          equ	4041	;# 
   711   000FCA                     SSP1MSK         equ	4042	;# 
   712   000FCA                     SSPMSK          equ	4042	;# 
   713   000FCB                     SSP1CON3        equ	4043	;# 
   714   000FCB                     SSPCON3         equ	4043	;# 
   715   000FCC                     T1GCON          equ	4044	;# 
   716   000FCD                     T1CON           equ	4045	;# 
   717   000FCE                     TMR1            equ	4046	;# 
   718   000FCE                     TMR1L           equ	4046	;# 
   719   000FCF                     TMR1H           equ	4047	;# 
   720   000FD0                     RCON            equ	4048	;# 
   721   000FD1                     WDTCON          equ	4049	;# 
   722   000FD2                     OSCCON2         equ	4050	;# 
   723   000FD3                     OSCCON          equ	4051	;# 
   724   000FD5                     T0CON           equ	4053	;# 
   725   000FD6                     TMR0            equ	4054	;# 
   726   000FD6                     TMR0L           equ	4054	;# 
   727   000FD7                     TMR0H           equ	4055	;# 
   728   000FD8                     STATUS          equ	4056	;# 
   729   000FD9                     FSR2            equ	4057	;# 
   730   000FD9                     FSR2L           equ	4057	;# 
   731   000FDA                     FSR2H           equ	4058	;# 
   732   000FDB                     PLUSW2          equ	4059	;# 
   733   000FDC                     PREINC2         equ	4060	;# 
   734   000FDD                     POSTDEC2        equ	4061	;# 
   735   000FDE                     POSTINC2        equ	4062	;# 
   736   000FDF                     INDF2           equ	4063	;# 
   737   000FE0                     BSR             equ	4064	;# 
   738   000FE1                     FSR1            equ	4065	;# 
   739   000FE1                     FSR1L           equ	4065	;# 
   740   000FE2                     FSR1H           equ	4066	;# 
   741   000FE3                     PLUSW1          equ	4067	;# 
   742   000FE4                     PREINC1         equ	4068	;# 
   743   000FE5                     POSTDEC1        equ	4069	;# 
   744   000FE6                     POSTINC1        equ	4070	;# 
   745   000FE7                     INDF1           equ	4071	;# 
   746   000FE8                     WREG            equ	4072	;# 
   747   000FE9                     FSR0            equ	4073	;# 
   748   000FE9                     FSR0L           equ	4073	;# 
   749   000FEA                     FSR0H           equ	4074	;# 
   750   000FEB                     PLUSW0          equ	4075	;# 
   751   000FEC                     PREINC0         equ	4076	;# 
   752   000FED                     POSTDEC0        equ	4077	;# 
   753   000FEE                     POSTINC0        equ	4078	;# 
   754   000FEF                     INDF0           equ	4079	;# 
   755   000FF0                     INTCON3         equ	4080	;# 
   756   000FF1                     INTCON2         equ	4081	;# 
   757   000FF2                     INTCON          equ	4082	;# 
   758   000FF3                     PROD            equ	4083	;# 
   759   000FF3                     PRODL           equ	4083	;# 
   760   000FF4                     PRODH           equ	4084	;# 
   761   000FF5                     TABLAT          equ	4085	;# 
   762   000FF6                     TBLPTR          equ	4086	;# 
   763   000FF6                     TBLPTRL         equ	4086	;# 
   764   000FF7                     TBLPTRH         equ	4087	;# 
   765   000FF8                     TBLPTRU         equ	4088	;# 
   766   000FF9                     PCLAT           equ	4089	;# 
   767   000FF9                     PC              equ	4089	;# 
   768   000FF9                     PCL             equ	4089	;# 
   769   000FFA                     PCLATH          equ	4090	;# 
   770   000FFB                     PCLATU          equ	4091	;# 
   771   000FFC                     STKPTR          equ	4092	;# 
   772   000FFD                     TOS             equ	4093	;# 
   773   000FFD                     TOSL            equ	4093	;# 
   774   000FFE                     TOSH            equ	4094	;# 
   775   000FFF                     TOSU            equ	4095	;# 
   776   000F57                     SRCON1          equ	3927	;# 
   777   000F58                     SRCON0          equ	3928	;# 
   778   000F59                     CCPTMRS         equ	3929	;# 
   779   000F5A                     VREGCON         equ	3930	;# 
   780   000F5B                     ANSELA          equ	3931	;# 
   781   000F5C                     ANSELB          equ	3932	;# 
   782   000F5D                     ANSELC          equ	3933	;# 
   783   000F5E                     ANSELD          equ	3934	;# 
   784   000F5F                     ANSELE          equ	3935	;# 
   785   000F60                     UCON            equ	3936	;# 
   786   000F61                     USTAT           equ	3937	;# 
   787   000F62                     UCFG            equ	3938	;# 
   788   000F63                     UADDR           equ	3939	;# 
   789   000F64                     UIE             equ	3940	;# 
   790   000F65                     UIR             equ	3941	;# 
   791   000F66                     UEIE            equ	3942	;# 
   792   000F67                     UEIR            equ	3943	;# 
   793   000F68                     UFRM            equ	3944	;# 
   794   000F68                     UFRML           equ	3944	;# 
   795   000F69                     UFRMH           equ	3945	;# 
   796   000F6A                     UEP0            equ	3946	;# 
   797   000F6B                     UEP1            equ	3947	;# 
   798   000F6C                     UEP2            equ	3948	;# 
   799   000F6D                     UEP3            equ	3949	;# 
   800   000F6E                     UEP4            equ	3950	;# 
   801   000F6F                     UEP5            equ	3951	;# 
   802   000F70                     UEP6            equ	3952	;# 
   803   000F71                     UEP7            equ	3953	;# 
   804   000F72                     UEP8            equ	3954	;# 
   805   000F73                     UEP9            equ	3955	;# 
   806   000F74                     UEP10           equ	3956	;# 
   807   000F75                     UEP11           equ	3957	;# 
   808   000F76                     UEP12           equ	3958	;# 
   809   000F77                     UEP13           equ	3959	;# 
   810   000F78                     UEP14           equ	3960	;# 
   811   000F79                     UEP15           equ	3961	;# 
   812   000F7A                     SLRCON          equ	3962	;# 
   813   000F7B                     VREFCON2        equ	3963	;# 
   814   000F7C                     VREFCON1        equ	3964	;# 
   815   000F7D                     VREFCON0        equ	3965	;# 
   816   000F7E                     PMD0            equ	3966	;# 
   817   000F7F                     PMD1            equ	3967	;# 
   818   000F80                     PORTA           equ	3968	;# 
   819   000F81                     PORTB           equ	3969	;# 
   820   000F82                     PORTC           equ	3970	;# 
   821   000F83                     PORTD           equ	3971	;# 
   822   000F84                     PORTE           equ	3972	;# 
   823   000F85                     WPUB            equ	3973	;# 
   824   000F86                     IOCB            equ	3974	;# 
   825   000F87                     IOCC            equ	3975	;# 
   826   000F88                     CTMUICON        equ	3976	;# 
   827   000F89                     LATA            equ	3977	;# 
   828   000F8A                     LATB            equ	3978	;# 
   829   000F8B                     LATC            equ	3979	;# 
   830   000F8C                     LATD            equ	3980	;# 
   831   000F8D                     LATE            equ	3981	;# 
   832   000F8E                     CTMUCONL        equ	3982	;# 
   833   000F8E                     CTMUCON1        equ	3982	;# 
   834   000F8F                     CTMUCONH        equ	3983	;# 
   835   000F8F                     CTMUCON0        equ	3983	;# 
   836   000F90                     CCPR2           equ	3984	;# 
   837   000F90                     CCPR2L          equ	3984	;# 
   838   000F91                     CCPR2H          equ	3985	;# 
   839   000F92                     TRISA           equ	3986	;# 
   840   000F92                     DDRA            equ	3986	;# 
   841   000F93                     TRISB           equ	3987	;# 
   842   000F93                     DDRB            equ	3987	;# 
   843   000F94                     TRISC           equ	3988	;# 
   844   000F94                     DDRC            equ	3988	;# 
   845   000F95                     TRISD           equ	3989	;# 
   846   000F95                     DDRD            equ	3989	;# 
   847   000F96                     TRISE           equ	3990	;# 
   848   000F96                     DDRE            equ	3990	;# 
   849   000F97                     CCP2CON         equ	3991	;# 
   850   000F97                     ECCP2CON        equ	3991	;# 
   851   000F98                     CM1CON0         equ	3992	;# 
   852   000F99                     CM2CON0         equ	3993	;# 
   853   000F9A                     CM2CON1         equ	3994	;# 
   854   000F9B                     OSCTUNE         equ	3995	;# 
   855   000F9C                     HLVDCON         equ	3996	;# 
   856   000F9D                     PIE1            equ	3997	;# 
   857   000F9E                     PIR1            equ	3998	;# 
   858   000F9F                     IPR1            equ	3999	;# 
   859   000FA0                     PIE2            equ	4000	;# 
   860   000FA1                     PIR2            equ	4001	;# 
   861   000FA2                     IPR2            equ	4002	;# 
   862   000FA3                     PIE3            equ	4003	;# 
   863   000FA4                     PIR3            equ	4004	;# 
   864   000FA5                     IPR3            equ	4005	;# 
   865   000FA6                     EECON1          equ	4006	;# 
   866   000FA7                     EECON2          equ	4007	;# 
   867   000FA8                     EEDATA          equ	4008	;# 
   868   000FA9                     EEADR           equ	4009	;# 
   869   000FAB                     RCSTA1          equ	4011	;# 
   870   000FAB                     RCSTA           equ	4011	;# 
   871   000FAC                     TXSTA1          equ	4012	;# 
   872   000FAC                     TXSTA           equ	4012	;# 
   873   000FAD                     TXREG1          equ	4013	;# 
   874   000FAD                     TXREG           equ	4013	;# 
   875   000FAE                     RCREG1          equ	4014	;# 
   876   000FAE                     RCREG           equ	4014	;# 
   877   000FAF                     SPBRG1          equ	4015	;# 
   878   000FAF                     SPBRG           equ	4015	;# 
   879   000FB0                     SPBRGH1         equ	4016	;# 
   880   000FB0                     SPBRGH          equ	4016	;# 
   881   000FB1                     T3CON           equ	4017	;# 
   882   000FB2                     TMR3            equ	4018	;# 
   883   000FB2                     TMR3L           equ	4018	;# 
   884   000FB3                     TMR3H           equ	4019	;# 
   885   000FB4                     T3GCON          equ	4020	;# 
   886   000FB5                     ACTCON          equ	4021	;# 
   887   000FB5                     STCON           equ	4021	;# 
   888   000FB6                     ECCP1AS         equ	4022	;# 
   889   000FB7                     PWM1CON         equ	4023	;# 
   890   000FB7                     ECCP1DEL        equ	4023	;# 
   891   000FB8                     BAUDCON1        equ	4024	;# 
   892   000FB8                     BAUDCON         equ	4024	;# 
   893   000FB8                     BAUDCTL         equ	4024	;# 
   894   000FB9                     PSTR1CON        equ	4025	;# 
   895   000FBA                     T2CON           equ	4026	;# 
   896   000FBB                     PR2             equ	4027	;# 
   897   000FBC                     TMR2            equ	4028	;# 
   898   000FBD                     CCP1CON         equ	4029	;# 
   899   000FBD                     ECCP1CON        equ	4029	;# 
   900   000FBE                     CCPR1           equ	4030	;# 
   901   000FBE                     CCPR1L          equ	4030	;# 
   902   000FBF                     CCPR1H          equ	4031	;# 
   903   000FC0                     ADCON2          equ	4032	;# 
   904   000FC1                     ADCON1          equ	4033	;# 
   905   000FC2                     ADCON0          equ	4034	;# 
   906   000FC3                     ADRESL          equ	4035	;# 
   907   000FC4                     ADRESH          equ	4036	;# 
   908   000FC5                     SSP1CON2        equ	4037	;# 
   909   000FC5                     SSPCON2         equ	4037	;# 
   910   000FC6                     SSP1CON1        equ	4038	;# 
   911   000FC6                     SSPCON          equ	4038	;# 
   912   000FC6                     SSPCON1         equ	4038	;# 
   913   000FC7                     SSP1STAT        equ	4039	;# 
   914   000FC7                     SSPSTAT         equ	4039	;# 
   915   000FC8                     SSP1ADD         equ	4040	;# 
   916   000FC8                     SSPADD          equ	4040	;# 
   917   000FC9                     SSP1BUF         equ	4041	;# 
   918   000FC9                     SSPBUF          equ	4041	;# 
   919   000FCA                     SSP1MSK         equ	4042	;# 
   920   000FCA                     SSPMSK          equ	4042	;# 
   921   000FCB                     SSP1CON3        equ	4043	;# 
   922   000FCB                     SSPCON3         equ	4043	;# 
   923   000FCC                     T1GCON          equ	4044	;# 
   924   000FCD                     T1CON           equ	4045	;# 
   925   000FCE                     TMR1            equ	4046	;# 
   926   000FCE                     TMR1L           equ	4046	;# 
   927   000FCF                     TMR1H           equ	4047	;# 
   928   000FD0                     RCON            equ	4048	;# 
   929   000FD1                     WDTCON          equ	4049	;# 
   930   000FD2                     OSCCON2         equ	4050	;# 
   931   000FD3                     OSCCON          equ	4051	;# 
   932   000FD5                     T0CON           equ	4053	;# 
   933   000FD6                     TMR0            equ	4054	;# 
   934   000FD6                     TMR0L           equ	4054	;# 
   935   000FD7                     TMR0H           equ	4055	;# 
   936   000FD8                     STATUS          equ	4056	;# 
   937   000FD9                     FSR2            equ	4057	;# 
   938   000FD9                     FSR2L           equ	4057	;# 
   939   000FDA                     FSR2H           equ	4058	;# 
   940   000FDB                     PLUSW2          equ	4059	;# 
   941   000FDC                     PREINC2         equ	4060	;# 
   942   000FDD                     POSTDEC2        equ	4061	;# 
   943   000FDE                     POSTINC2        equ	4062	;# 
   944   000FDF                     INDF2           equ	4063	;# 
   945   000FE0                     BSR             equ	4064	;# 
   946   000FE1                     FSR1            equ	4065	;# 
   947   000FE1                     FSR1L           equ	4065	;# 
   948   000FE2                     FSR1H           equ	4066	;# 
   949   000FE3                     PLUSW1          equ	4067	;# 
   950   000FE4                     PREINC1         equ	4068	;# 
   951   000FE5                     POSTDEC1        equ	4069	;# 
   952   000FE6                     POSTINC1        equ	4070	;# 
   953   000FE7                     INDF1           equ	4071	;# 
   954   000FE8                     WREG            equ	4072	;# 
   955   000FE9                     FSR0            equ	4073	;# 
   956   000FE9                     FSR0L           equ	4073	;# 
   957   000FEA                     FSR0H           equ	4074	;# 
   958   000FEB                     PLUSW0          equ	4075	;# 
   959   000FEC                     PREINC0         equ	4076	;# 
   960   000FED                     POSTDEC0        equ	4077	;# 
   961   000FEE                     POSTINC0        equ	4078	;# 
   962   000FEF                     INDF0           equ	4079	;# 
   963   000FF0                     INTCON3         equ	4080	;# 
   964   000FF1                     INTCON2         equ	4081	;# 
   965   000FF2                     INTCON          equ	4082	;# 
   966   000FF3                     PROD            equ	4083	;# 
   967   000FF3                     PRODL           equ	4083	;# 
   968   000FF4                     PRODH           equ	4084	;# 
   969   000FF5                     TABLAT          equ	4085	;# 
   970   000FF6                     TBLPTR          equ	4086	;# 
   971   000FF6                     TBLPTRL         equ	4086	;# 
   972   000FF7                     TBLPTRH         equ	4087	;# 
   973   000FF8                     TBLPTRU         equ	4088	;# 
   974   000FF9                     PCLAT           equ	4089	;# 
   975   000FF9                     PC              equ	4089	;# 
   976   000FF9                     PCL             equ	4089	;# 
   977   000FFA                     PCLATH          equ	4090	;# 
   978   000FFB                     PCLATU          equ	4091	;# 
   979   000FFC                     STKPTR          equ	4092	;# 
   980   000FFD                     TOS             equ	4093	;# 
   981   000FFD                     TOSL            equ	4093	;# 
   982   000FFE                     TOSH            equ	4094	;# 
   983   000FFF                     TOSU            equ	4095	;# 
   984   000F57                     SRCON1          equ	3927	;# 
   985   000F58                     SRCON0          equ	3928	;# 
   986   000F59                     CCPTMRS         equ	3929	;# 
   987   000F5A                     VREGCON         equ	3930	;# 
   988   000F5B                     ANSELA          equ	3931	;# 
   989   000F5C                     ANSELB          equ	3932	;# 
   990   000F5D                     ANSELC          equ	3933	;# 
   991   000F5E                     ANSELD          equ	3934	;# 
   992   000F5F                     ANSELE          equ	3935	;# 
   993   000F60                     UCON            equ	3936	;# 
   994   000F61                     USTAT           equ	3937	;# 
   995   000F62                     UCFG            equ	3938	;# 
   996   000F63                     UADDR           equ	3939	;# 
   997   000F64                     UIE             equ	3940	;# 
   998   000F65                     UIR             equ	3941	;# 
   999   000F66                     UEIE            equ	3942	;# 
  1000   000F67                     UEIR            equ	3943	;# 
  1001   000F68                     UFRM            equ	3944	;# 
  1002   000F68                     UFRML           equ	3944	;# 
  1003   000F69                     UFRMH           equ	3945	;# 
  1004   000F6A                     UEP0            equ	3946	;# 
  1005   000F6B                     UEP1            equ	3947	;# 
  1006   000F6C                     UEP2            equ	3948	;# 
  1007   000F6D                     UEP3            equ	3949	;# 
  1008   000F6E                     UEP4            equ	3950	;# 
  1009   000F6F                     UEP5            equ	3951	;# 
  1010   000F70                     UEP6            equ	3952	;# 
  1011   000F71                     UEP7            equ	3953	;# 
  1012   000F72                     UEP8            equ	3954	;# 
  1013   000F73                     UEP9            equ	3955	;# 
  1014   000F74                     UEP10           equ	3956	;# 
  1015   000F75                     UEP11           equ	3957	;# 
  1016   000F76                     UEP12           equ	3958	;# 
  1017   000F77                     UEP13           equ	3959	;# 
  1018   000F78                     UEP14           equ	3960	;# 
  1019   000F79                     UEP15           equ	3961	;# 
  1020   000F7A                     SLRCON          equ	3962	;# 
  1021   000F7B                     VREFCON2        equ	3963	;# 
  1022   000F7C                     VREFCON1        equ	3964	;# 
  1023   000F7D                     VREFCON0        equ	3965	;# 
  1024   000F7E                     PMD0            equ	3966	;# 
  1025   000F7F                     PMD1            equ	3967	;# 
  1026   000F80                     PORTA           equ	3968	;# 
  1027   000F81                     PORTB           equ	3969	;# 
  1028   000F82                     PORTC           equ	3970	;# 
  1029   000F83                     PORTD           equ	3971	;# 
  1030   000F84                     PORTE           equ	3972	;# 
  1031   000F85                     WPUB            equ	3973	;# 
  1032   000F86                     IOCB            equ	3974	;# 
  1033   000F87                     IOCC            equ	3975	;# 
  1034   000F88                     CTMUICON        equ	3976	;# 
  1035   000F89                     LATA            equ	3977	;# 
  1036   000F8A                     LATB            equ	3978	;# 
  1037   000F8B                     LATC            equ	3979	;# 
  1038   000F8C                     LATD            equ	3980	;# 
  1039   000F8D                     LATE            equ	3981	;# 
  1040   000F8E                     CTMUCONL        equ	3982	;# 
  1041   000F8E                     CTMUCON1        equ	3982	;# 
  1042   000F8F                     CTMUCONH        equ	3983	;# 
  1043   000F8F                     CTMUCON0        equ	3983	;# 
  1044   000F90                     CCPR2           equ	3984	;# 
  1045   000F90                     CCPR2L          equ	3984	;# 
  1046   000F91                     CCPR2H          equ	3985	;# 
  1047   000F92                     TRISA           equ	3986	;# 
  1048   000F92                     DDRA            equ	3986	;# 
  1049   000F93                     TRISB           equ	3987	;# 
  1050   000F93                     DDRB            equ	3987	;# 
  1051   000F94                     TRISC           equ	3988	;# 
  1052   000F94                     DDRC            equ	3988	;# 
  1053   000F95                     TRISD           equ	3989	;# 
  1054   000F95                     DDRD            equ	3989	;# 
  1055   000F96                     TRISE           equ	3990	;# 
  1056   000F96                     DDRE            equ	3990	;# 
  1057   000F97                     CCP2CON         equ	3991	;# 
  1058   000F97                     ECCP2CON        equ	3991	;# 
  1059   000F98                     CM1CON0         equ	3992	;# 
  1060   000F99                     CM2CON0         equ	3993	;# 
  1061   000F9A                     CM2CON1         equ	3994	;# 
  1062   000F9B                     OSCTUNE         equ	3995	;# 
  1063   000F9C                     HLVDCON         equ	3996	;# 
  1064   000F9D                     PIE1            equ	3997	;# 
  1065   000F9E                     PIR1            equ	3998	;# 
  1066   000F9F                     IPR1            equ	3999	;# 
  1067   000FA0                     PIE2            equ	4000	;# 
  1068   000FA1                     PIR2            equ	4001	;# 
  1069   000FA2                     IPR2            equ	4002	;# 
  1070   000FA3                     PIE3            equ	4003	;# 
  1071   000FA4                     PIR3            equ	4004	;# 
  1072   000FA5                     IPR3            equ	4005	;# 
  1073   000FA6                     EECON1          equ	4006	;# 
  1074   000FA7                     EECON2          equ	4007	;# 
  1075   000FA8                     EEDATA          equ	4008	;# 
  1076   000FA9                     EEADR           equ	4009	;# 
  1077   000FAB                     RCSTA1          equ	4011	;# 
  1078   000FAB                     RCSTA           equ	4011	;# 
  1079   000FAC                     TXSTA1          equ	4012	;# 
  1080   000FAC                     TXSTA           equ	4012	;# 
  1081   000FAD                     TXREG1          equ	4013	;# 
  1082   000FAD                     TXREG           equ	4013	;# 
  1083   000FAE                     RCREG1          equ	4014	;# 
  1084   000FAE                     RCREG           equ	4014	;# 
  1085   000FAF                     SPBRG1          equ	4015	;# 
  1086   000FAF                     SPBRG           equ	4015	;# 
  1087   000FB0                     SPBRGH1         equ	4016	;# 
  1088   000FB0                     SPBRGH          equ	4016	;# 
  1089   000FB1                     T3CON           equ	4017	;# 
  1090   000FB2                     TMR3            equ	4018	;# 
  1091   000FB2                     TMR3L           equ	4018	;# 
  1092   000FB3                     TMR3H           equ	4019	;# 
  1093   000FB4                     T3GCON          equ	4020	;# 
  1094   000FB5                     ACTCON          equ	4021	;# 
  1095   000FB5                     STCON           equ	4021	;# 
  1096   000FB6                     ECCP1AS         equ	4022	;# 
  1097   000FB7                     PWM1CON         equ	4023	;# 
  1098   000FB7                     ECCP1DEL        equ	4023	;# 
  1099   000FB8                     BAUDCON1        equ	4024	;# 
  1100   000FB8                     BAUDCON         equ	4024	;# 
  1101   000FB8                     BAUDCTL         equ	4024	;# 
  1102   000FB9                     PSTR1CON        equ	4025	;# 
  1103   000FBA                     T2CON           equ	4026	;# 
  1104   000FBB                     PR2             equ	4027	;# 
  1105   000FBC                     TMR2            equ	4028	;# 
  1106   000FBD                     CCP1CON         equ	4029	;# 
  1107   000FBD                     ECCP1CON        equ	4029	;# 
  1108   000FBE                     CCPR1           equ	4030	;# 
  1109   000FBE                     CCPR1L          equ	4030	;# 
  1110   000FBF                     CCPR1H          equ	4031	;# 
  1111   000FC0                     ADCON2          equ	4032	;# 
  1112   000FC1                     ADCON1          equ	4033	;# 
  1113   000FC2                     ADCON0          equ	4034	;# 
  1114   000FC3                     ADRESL          equ	4035	;# 
  1115   000FC4                     ADRESH          equ	4036	;# 
  1116   000FC5                     SSP1CON2        equ	4037	;# 
  1117   000FC5                     SSPCON2         equ	4037	;# 
  1118   000FC6                     SSP1CON1        equ	4038	;# 
  1119   000FC6                     SSPCON          equ	4038	;# 
  1120   000FC6                     SSPCON1         equ	4038	;# 
  1121   000FC7                     SSP1STAT        equ	4039	;# 
  1122   000FC7                     SSPSTAT         equ	4039	;# 
  1123   000FC8                     SSP1ADD         equ	4040	;# 
  1124   000FC8                     SSPADD          equ	4040	;# 
  1125   000FC9                     SSP1BUF         equ	4041	;# 
  1126   000FC9                     SSPBUF          equ	4041	;# 
  1127   000FCA                     SSP1MSK         equ	4042	;# 
  1128   000FCA                     SSPMSK          equ	4042	;# 
  1129   000FCB                     SSP1CON3        equ	4043	;# 
  1130   000FCB                     SSPCON3         equ	4043	;# 
  1131   000FCC                     T1GCON          equ	4044	;# 
  1132   000FCD                     T1CON           equ	4045	;# 
  1133   000FCE                     TMR1            equ	4046	;# 
  1134   000FCE                     TMR1L           equ	4046	;# 
  1135   000FCF                     TMR1H           equ	4047	;# 
  1136   000FD0                     RCON            equ	4048	;# 
  1137   000FD1                     WDTCON          equ	4049	;# 
  1138   000FD2                     OSCCON2         equ	4050	;# 
  1139   000FD3                     OSCCON          equ	4051	;# 
  1140   000FD5                     T0CON           equ	4053	;# 
  1141   000FD6                     TMR0            equ	4054	;# 
  1142   000FD6                     TMR0L           equ	4054	;# 
  1143   000FD7                     TMR0H           equ	4055	;# 
  1144   000FD8                     STATUS          equ	4056	;# 
  1145   000FD9                     FSR2            equ	4057	;# 
  1146   000FD9                     FSR2L           equ	4057	;# 
  1147   000FDA                     FSR2H           equ	4058	;# 
  1148   000FDB                     PLUSW2          equ	4059	;# 
  1149   000FDC                     PREINC2         equ	4060	;# 
  1150   000FDD                     POSTDEC2        equ	4061	;# 
  1151   000FDE                     POSTINC2        equ	4062	;# 
  1152   000FDF                     INDF2           equ	4063	;# 
  1153   000FE0                     BSR             equ	4064	;# 
  1154   000FE1                     FSR1            equ	4065	;# 
  1155   000FE1                     FSR1L           equ	4065	;# 
  1156   000FE2                     FSR1H           equ	4066	;# 
  1157   000FE3                     PLUSW1          equ	4067	;# 
  1158   000FE4                     PREINC1         equ	4068	;# 
  1159   000FE5                     POSTDEC1        equ	4069	;# 
  1160   000FE6                     POSTINC1        equ	4070	;# 
  1161   000FE7                     INDF1           equ	4071	;# 
  1162   000FE8                     WREG            equ	4072	;# 
  1163   000FE9                     FSR0            equ	4073	;# 
  1164   000FE9                     FSR0L           equ	4073	;# 
  1165   000FEA                     FSR0H           equ	4074	;# 
  1166   000FEB                     PLUSW0          equ	4075	;# 
  1167   000FEC                     PREINC0         equ	4076	;# 
  1168   000FED                     POSTDEC0        equ	4077	;# 
  1169   000FEE                     POSTINC0        equ	4078	;# 
  1170   000FEF                     INDF0           equ	4079	;# 
  1171   000FF0                     INTCON3         equ	4080	;# 
  1172   000FF1                     INTCON2         equ	4081	;# 
  1173   000FF2                     INTCON          equ	4082	;# 
  1174   000FF3                     PROD            equ	4083	;# 
  1175   000FF3                     PRODL           equ	4083	;# 
  1176   000FF4                     PRODH           equ	4084	;# 
  1177   000FF5                     TABLAT          equ	4085	;# 
  1178   000FF6                     TBLPTR          equ	4086	;# 
  1179   000FF6                     TBLPTRL         equ	4086	;# 
  1180   000FF7                     TBLPTRH         equ	4087	;# 
  1181   000FF8                     TBLPTRU         equ	4088	;# 
  1182   000FF9                     PCLAT           equ	4089	;# 
  1183   000FF9                     PC              equ	4089	;# 
  1184   000FF9                     PCL             equ	4089	;# 
  1185   000FFA                     PCLATH          equ	4090	;# 
  1186   000FFB                     PCLATU          equ	4091	;# 
  1187   000FFC                     STKPTR          equ	4092	;# 
  1188   000FFD                     TOS             equ	4093	;# 
  1189   000FFD                     TOSL            equ	4093	;# 
  1190   000FFE                     TOSH            equ	4094	;# 
  1191   000FFF                     TOSU            equ	4095	;# 
  1192   000F57                     SRCON1          equ	3927	;# 
  1193   000F58                     SRCON0          equ	3928	;# 
  1194   000F59                     CCPTMRS         equ	3929	;# 
  1195   000F5A                     VREGCON         equ	3930	;# 
  1196   000F5B                     ANSELA          equ	3931	;# 
  1197   000F5C                     ANSELB          equ	3932	;# 
  1198   000F5D                     ANSELC          equ	3933	;# 
  1199   000F5E                     ANSELD          equ	3934	;# 
  1200   000F5F                     ANSELE          equ	3935	;# 
  1201   000F60                     UCON            equ	3936	;# 
  1202   000F61                     USTAT           equ	3937	;# 
  1203   000F62                     UCFG            equ	3938	;# 
  1204   000F63                     UADDR           equ	3939	;# 
  1205   000F64                     UIE             equ	3940	;# 
  1206   000F65                     UIR             equ	3941	;# 
  1207   000F66                     UEIE            equ	3942	;# 
  1208   000F67                     UEIR            equ	3943	;# 
  1209   000F68                     UFRM            equ	3944	;# 
  1210   000F68                     UFRML           equ	3944	;# 
  1211   000F69                     UFRMH           equ	3945	;# 
  1212   000F6A                     UEP0            equ	3946	;# 
  1213   000F6B                     UEP1            equ	3947	;# 
  1214   000F6C                     UEP2            equ	3948	;# 
  1215   000F6D                     UEP3            equ	3949	;# 
  1216   000F6E                     UEP4            equ	3950	;# 
  1217   000F6F                     UEP5            equ	3951	;# 
  1218   000F70                     UEP6            equ	3952	;# 
  1219   000F71                     UEP7            equ	3953	;# 
  1220   000F72                     UEP8            equ	3954	;# 
  1221   000F73                     UEP9            equ	3955	;# 
  1222   000F74                     UEP10           equ	3956	;# 
  1223   000F75                     UEP11           equ	3957	;# 
  1224   000F76                     UEP12           equ	3958	;# 
  1225   000F77                     UEP13           equ	3959	;# 
  1226   000F78                     UEP14           equ	3960	;# 
  1227   000F79                     UEP15           equ	3961	;# 
  1228   000F7A                     SLRCON          equ	3962	;# 
  1229   000F7B                     VREFCON2        equ	3963	;# 
  1230   000F7C                     VREFCON1        equ	3964	;# 
  1231   000F7D                     VREFCON0        equ	3965	;# 
  1232   000F7E                     PMD0            equ	3966	;# 
  1233   000F7F                     PMD1            equ	3967	;# 
  1234   000F80                     PORTA           equ	3968	;# 
  1235   000F81                     PORTB           equ	3969	;# 
  1236   000F82                     PORTC           equ	3970	;# 
  1237   000F83                     PORTD           equ	3971	;# 
  1238   000F84                     PORTE           equ	3972	;# 
  1239   000F85                     WPUB            equ	3973	;# 
  1240   000F86                     IOCB            equ	3974	;# 
  1241   000F87                     IOCC            equ	3975	;# 
  1242   000F88                     CTMUICON        equ	3976	;# 
  1243   000F89                     LATA            equ	3977	;# 
  1244   000F8A                     LATB            equ	3978	;# 
  1245   000F8B                     LATC            equ	3979	;# 
  1246   000F8C                     LATD            equ	3980	;# 
  1247   000F8D                     LATE            equ	3981	;# 
  1248   000F8E                     CTMUCONL        equ	3982	;# 
  1249   000F8E                     CTMUCON1        equ	3982	;# 
  1250   000F8F                     CTMUCONH        equ	3983	;# 
  1251   000F8F                     CTMUCON0        equ	3983	;# 
  1252   000F90                     CCPR2           equ	3984	;# 
  1253   000F90                     CCPR2L          equ	3984	;# 
  1254   000F91                     CCPR2H          equ	3985	;# 
  1255   000F92                     TRISA           equ	3986	;# 
  1256   000F92                     DDRA            equ	3986	;# 
  1257   000F93                     TRISB           equ	3987	;# 
  1258   000F93                     DDRB            equ	3987	;# 
  1259   000F94                     TRISC           equ	3988	;# 
  1260   000F94                     DDRC            equ	3988	;# 
  1261   000F95                     TRISD           equ	3989	;# 
  1262   000F95                     DDRD            equ	3989	;# 
  1263   000F96                     TRISE           equ	3990	;# 
  1264   000F96                     DDRE            equ	3990	;# 
  1265   000F97                     CCP2CON         equ	3991	;# 
  1266   000F97                     ECCP2CON        equ	3991	;# 
  1267   000F98                     CM1CON0         equ	3992	;# 
  1268   000F99                     CM2CON0         equ	3993	;# 
  1269   000F9A                     CM2CON1         equ	3994	;# 
  1270   000F9B                     OSCTUNE         equ	3995	;# 
  1271   000F9C                     HLVDCON         equ	3996	;# 
  1272   000F9D                     PIE1            equ	3997	;# 
  1273   000F9E                     PIR1            equ	3998	;# 
  1274   000F9F                     IPR1            equ	3999	;# 
  1275   000FA0                     PIE2            equ	4000	;# 
  1276   000FA1                     PIR2            equ	4001	;# 
  1277   000FA2                     IPR2            equ	4002	;# 
  1278   000FA3                     PIE3            equ	4003	;# 
  1279   000FA4                     PIR3            equ	4004	;# 
  1280   000FA5                     IPR3            equ	4005	;# 
  1281   000FA6                     EECON1          equ	4006	;# 
  1282   000FA7                     EECON2          equ	4007	;# 
  1283   000FA8                     EEDATA          equ	4008	;# 
  1284   000FA9                     EEADR           equ	4009	;# 
  1285   000FAB                     RCSTA1          equ	4011	;# 
  1286   000FAB                     RCSTA           equ	4011	;# 
  1287   000FAC                     TXSTA1          equ	4012	;# 
  1288   000FAC                     TXSTA           equ	4012	;# 
  1289   000FAD                     TXREG1          equ	4013	;# 
  1290   000FAD                     TXREG           equ	4013	;# 
  1291   000FAE                     RCREG1          equ	4014	;# 
  1292   000FAE                     RCREG           equ	4014	;# 
  1293   000FAF                     SPBRG1          equ	4015	;# 
  1294   000FAF                     SPBRG           equ	4015	;# 
  1295   000FB0                     SPBRGH1         equ	4016	;# 
  1296   000FB0                     SPBRGH          equ	4016	;# 
  1297   000FB1                     T3CON           equ	4017	;# 
  1298   000FB2                     TMR3            equ	4018	;# 
  1299   000FB2                     TMR3L           equ	4018	;# 
  1300   000FB3                     TMR3H           equ	4019	;# 
  1301   000FB4                     T3GCON          equ	4020	;# 
  1302   000FB5                     ACTCON          equ	4021	;# 
  1303   000FB5                     STCON           equ	4021	;# 
  1304   000FB6                     ECCP1AS         equ	4022	;# 
  1305   000FB7                     PWM1CON         equ	4023	;# 
  1306   000FB7                     ECCP1DEL        equ	4023	;# 
  1307   000FB8                     BAUDCON1        equ	4024	;# 
  1308   000FB8                     BAUDCON         equ	4024	;# 
  1309   000FB8                     BAUDCTL         equ	4024	;# 
  1310   000FB9                     PSTR1CON        equ	4025	;# 
  1311   000FBA                     T2CON           equ	4026	;# 
  1312   000FBB                     PR2             equ	4027	;# 
  1313   000FBC                     TMR2            equ	4028	;# 
  1314   000FBD                     CCP1CON         equ	4029	;# 
  1315   000FBD                     ECCP1CON        equ	4029	;# 
  1316   000FBE                     CCPR1           equ	4030	;# 
  1317   000FBE                     CCPR1L          equ	4030	;# 
  1318   000FBF                     CCPR1H          equ	4031	;# 
  1319   000FC0                     ADCON2          equ	4032	;# 
  1320   000FC1                     ADCON1          equ	4033	;# 
  1321   000FC2                     ADCON0          equ	4034	;# 
  1322   000FC3                     ADRESL          equ	4035	;# 
  1323   000FC4                     ADRESH          equ	4036	;# 
  1324   000FC5                     SSP1CON2        equ	4037	;# 
  1325   000FC5                     SSPCON2         equ	4037	;# 
  1326   000FC6                     SSP1CON1        equ	4038	;# 
  1327   000FC6                     SSPCON          equ	4038	;# 
  1328   000FC6                     SSPCON1         equ	4038	;# 
  1329   000FC7                     SSP1STAT        equ	4039	;# 
  1330   000FC7                     SSPSTAT         equ	4039	;# 
  1331   000FC8                     SSP1ADD         equ	4040	;# 
  1332   000FC8                     SSPADD          equ	4040	;# 
  1333   000FC9                     SSP1BUF         equ	4041	;# 
  1334   000FC9                     SSPBUF          equ	4041	;# 
  1335   000FCA                     SSP1MSK         equ	4042	;# 
  1336   000FCA                     SSPMSK          equ	4042	;# 
  1337   000FCB                     SSP1CON3        equ	4043	;# 
  1338   000FCB                     SSPCON3         equ	4043	;# 
  1339   000FCC                     T1GCON          equ	4044	;# 
  1340   000FCD                     T1CON           equ	4045	;# 
  1341   000FCE                     TMR1            equ	4046	;# 
  1342   000FCE                     TMR1L           equ	4046	;# 
  1343   000FCF                     TMR1H           equ	4047	;# 
  1344   000FD0                     RCON            equ	4048	;# 
  1345   000FD1                     WDTCON          equ	4049	;# 
  1346   000FD2                     OSCCON2         equ	4050	;# 
  1347   000FD3                     OSCCON          equ	4051	;# 
  1348   000FD5                     T0CON           equ	4053	;# 
  1349   000FD6                     TMR0            equ	4054	;# 
  1350   000FD6                     TMR0L           equ	4054	;# 
  1351   000FD7                     TMR0H           equ	4055	;# 
  1352   000FD8                     STATUS          equ	4056	;# 
  1353   000FD9                     FSR2            equ	4057	;# 
  1354   000FD9                     FSR2L           equ	4057	;# 
  1355   000FDA                     FSR2H           equ	4058	;# 
  1356   000FDB                     PLUSW2          equ	4059	;# 
  1357   000FDC                     PREINC2         equ	4060	;# 
  1358   000FDD                     POSTDEC2        equ	4061	;# 
  1359   000FDE                     POSTINC2        equ	4062	;# 
  1360   000FDF                     INDF2           equ	4063	;# 
  1361   000FE0                     BSR             equ	4064	;# 
  1362   000FE1                     FSR1            equ	4065	;# 
  1363   000FE1                     FSR1L           equ	4065	;# 
  1364   000FE2                     FSR1H           equ	4066	;# 
  1365   000FE3                     PLUSW1          equ	4067	;# 
  1366   000FE4                     PREINC1         equ	4068	;# 
  1367   000FE5                     POSTDEC1        equ	4069	;# 
  1368   000FE6                     POSTINC1        equ	4070	;# 
  1369   000FE7                     INDF1           equ	4071	;# 
  1370   000FE8                     WREG            equ	4072	;# 
  1371   000FE9                     FSR0            equ	4073	;# 
  1372   000FE9                     FSR0L           equ	4073	;# 
  1373   000FEA                     FSR0H           equ	4074	;# 
  1374   000FEB                     PLUSW0          equ	4075	;# 
  1375   000FEC                     PREINC0         equ	4076	;# 
  1376   000FED                     POSTDEC0        equ	4077	;# 
  1377   000FEE                     POSTINC0        equ	4078	;# 
  1378   000FEF                     INDF0           equ	4079	;# 
  1379   000FF0                     INTCON3         equ	4080	;# 
  1380   000FF1                     INTCON2         equ	4081	;# 
  1381   000FF2                     INTCON          equ	4082	;# 
  1382   000FF3                     PROD            equ	4083	;# 
  1383   000FF3                     PRODL           equ	4083	;# 
  1384   000FF4                     PRODH           equ	4084	;# 
  1385   000FF5                     TABLAT          equ	4085	;# 
  1386   000FF6                     TBLPTR          equ	4086	;# 
  1387   000FF6                     TBLPTRL         equ	4086	;# 
  1388   000FF7                     TBLPTRH         equ	4087	;# 
  1389   000FF8                     TBLPTRU         equ	4088	;# 
  1390   000FF9                     PCLAT           equ	4089	;# 
  1391   000FF9                     PC              equ	4089	;# 
  1392   000FF9                     PCL             equ	4089	;# 
  1393   000FFA                     PCLATH          equ	4090	;# 
  1394   000FFB                     PCLATU          equ	4091	;# 
  1395   000FFC                     STKPTR          equ	4092	;# 
  1396   000FFD                     TOS             equ	4093	;# 
  1397   000FFD                     TOSL            equ	4093	;# 
  1398   000FFE                     TOSH            equ	4094	;# 
  1399   000FFF                     TOSU            equ	4095	;# 
  1400                           
  1401                           	psect	mediumconst
  1402   007DB4                     __pmediumconst:
  1403                           	callstack 0
  1404   007DB4  00                 	db	0
  1405   007DB5                     _ntcAdc:
  1406                           	callstack 0
  1407   007DB5  3D12               	dw	15634
  1408   007DB7  3C33               	dw	15411
  1409   007DB9  3B1E               	dw	15134
  1410   007DBB  39CE               	dw	14798
  1411   007DBD  383E               	dw	14398
  1412   007DBF  3662               	dw	13922
  1413   007DC1  3523               	dw	13603
  1414   007DC3  3440               	dw	13376
  1415   007DC5  3351               	dw	13137
  1416   007DC7  3258               	dw	12888
  1417   007DC9  3154               	dw	12628
  1418   007DCB  3046               	dw	12358
  1419   007DCD  2F30               	dw	12080
  1420   007DCF  2E11               	dw	11793
  1421   007DD1  2CE9               	dw	11497
  1422   007DD3  2BBC               	dw	11196
  1423   007DD5  2A4A               	dw	10826
  1424   007DD7  2950               	dw	10576
  1425   007DD9  2815               	dw	10261
  1426   007DDB  26D6               	dw	9942
  1427   007DDD  2595               	dw	9621
  1428   007DDF  2455               	dw	9301
  1429   007DE1  2314               	dw	8980
  1430   007DE3  21D6               	dw	8662
  1431   007DE5  2097               	dw	8343
  1432   007DE7  1F5C               	dw	8028
  1433   007DE9  1E27               	dw	7719
  1434   007DEB  1CF8               	dw	7416
  1435   007DED  1BCE               	dw	7118
  1436   007DEF  1AA8               	dw	6824
  1437   007DF1  1989               	dw	6537
  1438   007DF3  1875               	dw	6261
  1439   007DF5  1765               	dw	5989
  1440   007DF7  165E               	dw	5726
  1441   007DF9  155F               	dw	5471
  1442   007DFB  14E2               	dw	5346
  1443   007DFD  1296               	dw	4758
  1444   007DFF  1080               	dw	4224
  1445   007E01  0E9F               	dw	3743
  1446   007E03  0CF2               	dw	3314
  1447   007E05  0B74               	dw	2932
  1448   007E07                     __end_of_ntcAdc:
  1449                           	callstack 0
  1450   007E07                     _ntcTemp:
  1451                           	callstack 0
  1452   007E07  FE70               	dw	65136
  1453   007E09  FEA2               	dw	65186
  1454   007E0B  FED4               	dw	65236
  1455   007E0D  FF06               	dw	65286
  1456   007E0F  FF38               	dw	65336
  1457   007E11  FF6A               	dw	65386
  1458   007E13  FF88               	dw	65416
  1459   007E15  FF9C               	dw	65436
  1460   007E17  FFB0               	dw	65456
  1461   007E19  FFC4               	dw	65476
  1462   007E1B  FFD8               	dw	65496
  1463   007E1D  FFEC               	dw	65516
  1464   007E1F  0000               	dw	0
  1465   007E21  0014               	dw	20
  1466   007E23  0028               	dw	40
  1467   007E25  003C               	dw	60
  1468   007E27  0050               	dw	80
  1469   007E29  0064               	dw	100
  1470   007E2B  0078               	dw	120
  1471   007E2D  008C               	dw	140
  1472   007E2F  00A0               	dw	160
  1473   007E31  00B4               	dw	180
  1474   007E33  00C8               	dw	200
  1475   007E35  00DC               	dw	220
  1476   007E37  00F0               	dw	240
  1477   007E39  0104               	dw	260
  1478   007E3B  0118               	dw	280
  1479   007E3D  012C               	dw	300
  1480   007E3F  0140               	dw	320
  1481   007E41  0154               	dw	340
  1482   007E43  0168               	dw	360
  1483   007E45  017C               	dw	380
  1484   007E47  0190               	dw	400
  1485   007E49  01A4               	dw	420
  1486   007E4B  01B8               	dw	440
  1487   007E4D  01C2               	dw	450
  1488   007E4F  01F4               	dw	500
  1489   007E51  0226               	dw	550
  1490   007E53  0258               	dw	600
  1491   007E55  028A               	dw	650
  1492   007E57  02BC               	dw	700
  1493   007E59                     __end_of_ntcTemp:
  1494                           	callstack 0
  1495   007E59                     _Get_PPM:
  1496                           	callstack 0
  1497   007E59  01                 	db	1
  1498   007E5A  20                 	db	32
  1499   007E5B  00                 	db	0
  1500   007E5C  39                 	db	57
  1501   007E5D  C0                 	db	192
  1502   007E5E                     __end_of_Get_PPM:
  1503                           	callstack 0
  1504   000F5F                     _ANSELEbits     set	3935
  1505   000F5B                     _ANSELAbits     set	3931
  1506   000F5F                     _ANSELE         set	3935
  1507   000F5E                     _ANSELD         set	3934
  1508   000F5D                     _ANSELC         set	3933
  1509   000F5C                     _ANSELB         set	3932
  1510   000F5B                     _ANSELA         set	3931
  1511   000F5D                     _ANSELCbits     set	3933
  1512   000FA1                     _PIR2bits       set	4001
  1513   000FA7                     _EECON2         set	4007
  1514   000FA8                     _EEDATA         set	4008
  1515   000FA9                     _EEADR          set	4009
  1516   000FA6                     _EECON1bits     set	4006
  1517   000FC3                     _ADRESL         set	4035
  1518   000FC4                     _ADRESH         set	4036
  1519   000FC2                     _ADCON0bits     set	4034
  1520   000FC2                     _ADCON0         set	4034
  1521   000FC0                     _ADCON2         set	4032
  1522   000FC1                     _ADCON1         set	4033
  1523   000F96                     _TRISEbits      set	3990
  1524   000F92                     _TRISAbits      set	3986
  1525   000F93                     _TRISBbits      set	3987
  1526   000F8C                     _LATD           set	3980
  1527   000F8D                     _LATE           set	3981
  1528   000F8A                     _LATB           set	3978
  1529   000F94                     _TRISC          set	3988
  1530   000F95                     _TRISD          set	3989
  1531   000F96                     _TRISE          set	3990
  1532   000F93                     _TRISB          set	3987
  1533   000FAD                     _TXREG1         set	4013
  1534   000FAB                     _RCSTA1bits     set	4011
  1535   000FAF                     _SPBRG1         set	4015
  1536   000FB0                     _SPBRGH1        set	4016
  1537   000FAC                     _TXSTA1bits     set	4012
  1538   000FB8                     _BAUDCON1bits   set	4024
  1539   000F94                     _TRISCbits      set	3988
  1540   000F83                     _PORTDbits      set	3971
  1541   000F82                     _PORTCbits      set	3970
  1542   000F84                     _PORTEbits      set	3972
  1543   000F8C                     _LATDbits       set	3980
  1544   000F8A                     _LATBbits       set	3978
  1545   000FCD                     _T1CONbits      set	4045
  1546   000FCD                     _T1CON          set	4045
  1547   000FCC                     _T1GCON         set	4044
  1548   000FD6                     _TMR0L          set	4054
  1549   000FD7                     _TMR0H          set	4055
  1550   000FD5                     _T0CON          set	4053
  1551   000FD3                     _OSCCONbits     set	4051
  1552   000FD0                     _RCONbits       set	4048
  1553   000FCE                     _TMR1L          set	4046
  1554   000FCF                     _TMR1H          set	4047
  1555   000F9D                     _PIE1bits       set	3997
  1556   000FD5                     _T0CONbits      set	4053
  1557   000FF2                     _INTCONbits     set	4082
  1558   000FAE                     _RCREG1         set	4014
  1559   000F9E                     _PIR1bits       set	3998
  1560   007E5E                     STR_35:
  1561   007E5E  7B                 	db	123
  1562   007E5F  22                 	db	34
  1563   007E60  69                 	db	105	;'i'
  1564   007E61  22                 	db	34
  1565   007E62  3A                 	db	58	;':'
  1566   007E63  22                 	db	34
  1567   007E64  41                 	db	65	;'A'
  1568   007E65  47                 	db	71	;'G'
  1569   007E66  52                 	db	82	;'R'
  1570   007E67  4F                 	db	79	;'O'
  1571   007E68  4C                 	db	76	;'L'
  1572   007E69  41                 	db	65	;'A'
  1573   007E6A  54                 	db	84	;'T'
  1574   007E6B  49                 	db	73	;'I'
  1575   007E6C  4E                 	db	78	;'N'
  1576   007E6D  41                 	db	65	;'A'
  1577   007E6E  5F                 	db	95	;'_'
  1578   007E6F  47                 	db	71	;'G'
  1579   007E70  30                 	db	48	;'0'
  1580   007E71  31                 	db	49	;'1'
  1581   007E72  22                 	db	34
  1582   007E73  2C                 	db	44
  1583   007E74  22                 	db	34
  1584   007E75  72                 	db	114	;'r'
  1585   007E76  73                 	db	115	;'s'
  1586   007E77  22                 	db	34
  1587   007E78  3A                 	db	58	;':'
  1588   007E79  22                 	db	34
  1589   007E7A  52                 	db	82	;'R'
  1590   007E7B  65                 	db	101	;'e'
  1591   007E7C  73                 	db	115	;'s'
  1592   007E7D  70                 	db	112	;'p'
  1593   007E7E  75                 	db	117	;'u'
  1594   007E7F  65                 	db	101	;'e'
  1595   007E80  73                 	db	115	;'s'
  1596   007E81  74                 	db	116	;'t'
  1597   007E82  61                 	db	97	;'a'
  1598   007E83  3A                 	db	58	;':'
  1599   007E84  00                 	db	0
  1600   007E85                     STR_18:
  1601   007E85  7B                 	db	123
  1602   007E86  22                 	db	34
  1603   007E87  69                 	db	105	;'i'
  1604   007E88  22                 	db	34
  1605   007E89  3A                 	db	58	;':'
  1606   007E8A  22                 	db	34
  1607   007E8B  41                 	db	65	;'A'
  1608   007E8C  47                 	db	71	;'G'
  1609   007E8D  52                 	db	82	;'R'
  1610   007E8E  4F                 	db	79	;'O'
  1611   007E8F  4C                 	db	76	;'L'
  1612   007E90  41                 	db	65	;'A'
  1613   007E91  54                 	db	84	;'T'
  1614   007E92  49                 	db	73	;'I'
  1615   007E93  4E                 	db	78	;'N'
  1616   007E94  41                 	db	65	;'A'
  1617   007E95  5F                 	db	95	;'_'
  1618   007E96  47                 	db	71	;'G'
  1619   007E97  30                 	db	48	;'0'
  1620   007E98  31                 	db	49	;'1'
  1621   007E99  22                 	db	34
  1622   007E9A  2C                 	db	44
  1623   007E9B  22                 	db	34
  1624   007E9C  72                 	db	114	;'r'
  1625   007E9D  73                 	db	115	;'s'
  1626   007E9E  22                 	db	34
  1627   007E9F  3A                 	db	58	;':'
  1628   007EA0  22                 	db	34
  1629   007EA1  53                 	db	83	;'S'
  1630   007EA2  54                 	db	84	;'T'
  1631   007EA3  41                 	db	65	;'A'
  1632   007EA4  54                 	db	84	;'T'
  1633   007EA5  55                 	db	85	;'U'
  1634   007EA6  53                 	db	83	;'S'
  1635   007EA7  3A                 	db	58	;':'
  1636   007EA8  00                 	db	0
  1637   007EA9                     STR_27:
  1638   007EA9  49                 	db	73	;'I'
  1639   007EAA  4E                 	db	78	;'N'
  1640   007EAB  59                 	db	89	;'Y'
  1641   007EAC  45                 	db	69	;'E'
  1642   007EAD  43                 	db	67	;'C'
  1643   007EAE  43                 	db	67	;'C'
  1644   007EAF  49                 	db	73	;'I'
  1645   007EB0  4F                 	db	79	;'O'
  1646   007EB1  4E                 	db	78	;'N'
  1647   007EB2  5F                 	db	95	;'_'
  1648   007EB3  4C                 	db	76	;'L'
  1649   007EB4  49                 	db	73	;'I'
  1650   007EB5  51                 	db	81	;'Q'
  1651   007EB6  55                 	db	85	;'U'
  1652   007EB7  49                 	db	73	;'I'
  1653   007EB8  44                 	db	68	;'D'
  1654   007EB9  4F                 	db	79	;'O'
  1655   007EBA  5F                 	db	95	;'_'
  1656   007EBB  4F                 	db	79	;'O'
  1657   007EBC  4B                 	db	75	;'K'
  1658   007EBD  00                 	db	0
  1659   007EBE                     STR_21:
  1660   007EBE  25                 	db	37
  1661   007EBF  64                 	db	100	;'d'
  1662   007EC0  25                 	db	37
  1663   007EC1  64                 	db	100	;'d'
  1664   007EC2  25                 	db	37
  1665   007EC3  64                 	db	100	;'d'
  1666   007EC4  25                 	db	37
  1667   007EC5  64                 	db	100	;'d'
  1668   007EC6  25                 	db	37
  1669   007EC7  64                 	db	100	;'d'
  1670   007EC8  25                 	db	37
  1671   007EC9  64                 	db	100	;'d'
  1672   007ECA  25                 	db	37
  1673   007ECB  64                 	db	100	;'d'
  1674   007ECC  25                 	db	37
  1675   007ECD  64                 	db	100	;'d'
  1676   007ECE  25                 	db	37
  1677   007ECF  64                 	db	100	;'d'
  1678   007ED0  25                 	db	37
  1679   007ED1  64                 	db	100	;'d'
  1680   007ED2  00                 	db	0
  1681   007ED3                     STR_34:
  1682   007ED3  56                 	db	86	;'V'
  1683   007ED4  45                 	db	69	;'E'
  1684   007ED5  4E                 	db	78	;'N'
  1685   007ED6  54                 	db	84	;'T'
  1686   007ED7  49                 	db	73	;'I'
  1687   007ED8  4C                 	db	76	;'L'
  1688   007ED9  41                 	db	65	;'A'
  1689   007EDA  44                 	db	68	;'D'
  1690   007EDB  4F                 	db	79	;'O'
  1691   007EDC  52                 	db	82	;'R'
  1692   007EDD  5F                 	db	95	;'_'
  1693   007EDE  4F                 	db	79	;'O'
  1694   007EDF  46                 	db	70	;'F'
  1695   007EE0  46                 	db	70	;'F'
  1696   007EE1  5F                 	db	95	;'_'
  1697   007EE2  4F                 	db	79	;'O'
  1698   007EE3  4B                 	db	75	;'K'
  1699   007EE4  00                 	db	0
  1700   007EE5                     STR_32:
  1701   007EE5  45                 	db	69	;'E'
  1702   007EE6  56                 	db	86	;'V'
  1703   007EE7  41                 	db	65	;'A'
  1704   007EE8  50                 	db	80	;'P'
  1705   007EE9  4F                 	db	79	;'O'
  1706   007EEA  52                 	db	82	;'R'
  1707   007EEB  41                 	db	65	;'A'
  1708   007EEC  44                 	db	68	;'D'
  1709   007EED  4F                 	db	79	;'O'
  1710   007EEE  52                 	db	82	;'R'
  1711   007EEF  5F                 	db	95	;'_'
  1712   007EF0  4F                 	db	79	;'O'
  1713   007EF1  46                 	db	70	;'F'
  1714   007EF2  46                 	db	70	;'F'
  1715   007EF3  5F                 	db	95	;'_'
  1716   007EF4  4F                 	db	79	;'O'
  1717   007EF5  4B                 	db	75	;'K'
  1718   007EF6  00                 	db	0
  1719   007EF7                     STR_33:
  1720   007EF7  56                 	db	86	;'V'
  1721   007EF8  45                 	db	69	;'E'
  1722   007EF9  4E                 	db	78	;'N'
  1723   007EFA  54                 	db	84	;'T'
  1724   007EFB  49                 	db	73	;'I'
  1725   007EFC  4C                 	db	76	;'L'
  1726   007EFD  41                 	db	65	;'A'
  1727   007EFE  44                 	db	68	;'D'
  1728   007EFF  4F                 	db	79	;'O'
  1729   007F00  52                 	db	82	;'R'
  1730   007F01  5F                 	db	95	;'_'
  1731   007F02  4F                 	db	79	;'O'
  1732   007F03  4E                 	db	78	;'N'
  1733   007F04  5F                 	db	95	;'_'
  1734   007F05  4F                 	db	79	;'O'
  1735   007F06  4B                 	db	75	;'K'
  1736   007F07  00                 	db	0
  1737   007F08                     STR_31:
  1738   007F08  45                 	db	69	;'E'
  1739   007F09  56                 	db	86	;'V'
  1740   007F0A  41                 	db	65	;'A'
  1741   007F0B  50                 	db	80	;'P'
  1742   007F0C  4F                 	db	79	;'O'
  1743   007F0D  52                 	db	82	;'R'
  1744   007F0E  41                 	db	65	;'A'
  1745   007F0F  44                 	db	68	;'D'
  1746   007F10  4F                 	db	79	;'O'
  1747   007F11  52                 	db	82	;'R'
  1748   007F12  5F                 	db	95	;'_'
  1749   007F13  4F                 	db	79	;'O'
  1750   007F14  4E                 	db	78	;'N'
  1751   007F15  5F                 	db	95	;'_'
  1752   007F16  4F                 	db	79	;'O'
  1753   007F17  4B                 	db	75	;'K'
  1754   007F18  00                 	db	0
  1755   007F19                     STR_28:
  1756   007F19  49                 	db	73	;'I'
  1757   007F1A  4E                 	db	78	;'N'
  1758   007F1B  59                 	db	89	;'Y'
  1759   007F1C  45                 	db	69	;'E'
  1760   007F1D  43                 	db	67	;'C'
  1761   007F1E  43                 	db	67	;'C'
  1762   007F1F  49                 	db	73	;'I'
  1763   007F20  4F                 	db	79	;'O'
  1764   007F21  4E                 	db	78	;'N'
  1765   007F22  5F                 	db	95	;'_'
  1766   007F23  47                 	db	71	;'G'
  1767   007F24  41                 	db	65	;'A'
  1768   007F25  53                 	db	83	;'S'
  1769   007F26  5F                 	db	95	;'_'
  1770   007F27  4F                 	db	79	;'O'
  1771   007F28  4B                 	db	75	;'K'
  1772   007F29  00                 	db	0
  1773   007F2A                     STR_30:
  1774   007F2A  44                 	db	68	;'D'
  1775   007F2B  41                 	db	65	;'A'
  1776   007F2C  4D                 	db	77	;'M'
  1777   007F2D  50                 	db	80	;'P'
  1778   007F2E  45                 	db	69	;'E'
  1779   007F2F  52                 	db	82	;'R'
  1780   007F30  5F                 	db	95	;'_'
  1781   007F31  43                 	db	67	;'C'
  1782   007F32  4C                 	db	76	;'L'
  1783   007F33  4F                 	db	79	;'O'
  1784   007F34  53                 	db	83	;'S'
  1785   007F35  45                 	db	69	;'E'
  1786   007F36  5F                 	db	95	;'_'
  1787   007F37  4F                 	db	79	;'O'
  1788   007F38  4B                 	db	75	;'K'
  1789   007F39  00                 	db	0
  1790   007F3A                     STR_29:
  1791   007F3A  44                 	db	68	;'D'
  1792   007F3B  41                 	db	65	;'A'
  1793   007F3C  4D                 	db	77	;'M'
  1794   007F3D  50                 	db	80	;'P'
  1795   007F3E  45                 	db	69	;'E'
  1796   007F3F  52                 	db	82	;'R'
  1797   007F40  5F                 	db	95	;'_'
  1798   007F41  4F                 	db	79	;'O'
  1799   007F42  50                 	db	80	;'P'
  1800   007F43  45                 	db	69	;'E'
  1801   007F44  4E                 	db	78	;'N'
  1802   007F45  5F                 	db	95	;'_'
  1803   007F46  4F                 	db	79	;'O'
  1804   007F47  4B                 	db	75	;'K'
  1805   007F48  00                 	db	0
  1806   007F49                     STR_1:
  1807   007F49  41                 	db	65	;'A'
  1808   007F4A  47                 	db	71	;'G'
  1809   007F4B  52                 	db	82	;'R'
  1810   007F4C  4F                 	db	79	;'O'
  1811   007F4D  4C                 	db	76	;'L'
  1812   007F4E  41                 	db	65	;'A'
  1813   007F4F  54                 	db	84	;'T'
  1814   007F50  49                 	db	73	;'I'
  1815   007F51  4E                 	db	78	;'N'
  1816   007F52  41                 	db	65	;'A'
  1817   007F53  5F                 	db	95	;'_'
  1818   007F54  47                 	db	71	;'G'
  1819   007F55  30                 	db	48	;'0'
  1820   007F56  31                 	db	49	;'1'
  1821   007F57  00                 	db	0
  1822   007F58                     STR_15:
  1823   007F58  56                 	db	86	;'V'
  1824   007F59  45                 	db	69	;'E'
  1825   007F5A  4E                 	db	78	;'N'
  1826   007F5B  54                 	db	84	;'T'
  1827   007F5C  49                 	db	73	;'I'
  1828   007F5D  4C                 	db	76	;'L'
  1829   007F5E  41                 	db	65	;'A'
  1830   007F5F  44                 	db	68	;'D'
  1831   007F60  4F                 	db	79	;'O'
  1832   007F61  52                 	db	82	;'R'
  1833   007F62  5F                 	db	95	;'_'
  1834   007F63  4F                 	db	79	;'O'
  1835   007F64  46                 	db	70	;'F'
  1836   007F65  46                 	db	70	;'F'
  1837   007F66  00                 	db	0
  1838   007F67                     STR_13:
  1839   007F67  45                 	db	69	;'E'
  1840   007F68  56                 	db	86	;'V'
  1841   007F69  41                 	db	65	;'A'
  1842   007F6A  50                 	db	80	;'P'
  1843   007F6B  4F                 	db	79	;'O'
  1844   007F6C  52                 	db	82	;'R'
  1845   007F6D  41                 	db	65	;'A'
  1846   007F6E  44                 	db	68	;'D'
  1847   007F6F  4F                 	db	79	;'O'
  1848   007F70  52                 	db	82	;'R'
  1849   007F71  5F                 	db	95	;'_'
  1850   007F72  4F                 	db	79	;'O'
  1851   007F73  46                 	db	70	;'F'
  1852   007F74  46                 	db	70	;'F'
  1853   007F75  00                 	db	0
  1854   007F76                     STR_23:
  1855   007F76  25                 	db	37
  1856   007F77  64                 	db	100	;'d'
  1857   007F78  2C                 	db	44
  1858   007F79  25                 	db	37
  1859   007F7A  64                 	db	100	;'d'
  1860   007F7B  2C                 	db	44
  1861   007F7C  25                 	db	37
  1862   007F7D  64                 	db	100	;'d'
  1863   007F7E  2C                 	db	44
  1864   007F7F  25                 	db	37
  1865   007F80  64                 	db	100	;'d'
  1866   007F81  2C                 	db	44
  1867   007F82  25                 	db	37
  1868   007F83  64                 	db	100	;'d'
  1869   007F84  00                 	db	0
  1870   007F85                     STR_14:
  1871   007F85  56                 	db	86	;'V'
  1872   007F86  45                 	db	69	;'E'
  1873   007F87  4E                 	db	78	;'N'
  1874   007F88  54                 	db	84	;'T'
  1875   007F89  49                 	db	73	;'I'
  1876   007F8A  4C                 	db	76	;'L'
  1877   007F8B  41                 	db	65	;'A'
  1878   007F8C  44                 	db	68	;'D'
  1879   007F8D  4F                 	db	79	;'O'
  1880   007F8E  52                 	db	82	;'R'
  1881   007F8F  5F                 	db	95	;'_'
  1882   007F90  4F                 	db	79	;'O'
  1883   007F91  4E                 	db	78	;'N'
  1884   007F92  00                 	db	0
  1885   007F93                     STR_12:
  1886   007F93  45                 	db	69	;'E'
  1887   007F94  56                 	db	86	;'V'
  1888   007F95  41                 	db	65	;'A'
  1889   007F96  50                 	db	80	;'P'
  1890   007F97  4F                 	db	79	;'O'
  1891   007F98  52                 	db	82	;'R'
  1892   007F99  41                 	db	65	;'A'
  1893   007F9A  44                 	db	68	;'D'
  1894   007F9B  4F                 	db	79	;'O'
  1895   007F9C  52                 	db	82	;'R'
  1896   007F9D  5F                 	db	95	;'_'
  1897   007F9E  4F                 	db	79	;'O'
  1898   007F9F  4E                 	db	78	;'N'
  1899   007FA0  00                 	db	0
  1900   007FA1                     STR_11:
  1901   007FA1  44                 	db	68	;'D'
  1902   007FA2  41                 	db	65	;'A'
  1903   007FA3  4D                 	db	77	;'M'
  1904   007FA4  50                 	db	80	;'P'
  1905   007FA5  45                 	db	69	;'E'
  1906   007FA6  52                 	db	82	;'R'
  1907   007FA7  5F                 	db	95	;'_'
  1908   007FA8  43                 	db	67	;'C'
  1909   007FA9  4C                 	db	76	;'L'
  1910   007FAA  4F                 	db	79	;'O'
  1911   007FAB  53                 	db	83	;'S'
  1912   007FAC  45                 	db	69	;'E'
  1913   007FAD  00                 	db	0
  1914   007FAE                     STR_10:
  1915   007FAE  44                 	db	68	;'D'
  1916   007FAF  41                 	db	65	;'A'
  1917   007FB0  4D                 	db	77	;'M'
  1918   007FB1  50                 	db	80	;'P'
  1919   007FB2  45                 	db	69	;'E'
  1920   007FB3  52                 	db	82	;'R'
  1921   007FB4  5F                 	db	95	;'_'
  1922   007FB5  4F                 	db	79	;'O'
  1923   007FB6  50                 	db	80	;'P'
  1924   007FB7  45                 	db	69	;'E'
  1925   007FB8  4E                 	db	78	;'N'
  1926   007FB9  00                 	db	0
  1927   007FBA                     STR_8:
  1928   007FBA  49                 	db	73	;'I'
  1929   007FBB  4E                 	db	78	;'N'
  1930   007FBC  59                 	db	89	;'Y'
  1931   007FBD  5F                 	db	95	;'_'
  1932   007FBE  4C                 	db	76	;'L'
  1933   007FBF  49                 	db	73	;'I'
  1934   007FC0  51                 	db	81	;'Q'
  1935   007FC1  55                 	db	85	;'U'
  1936   007FC2  49                 	db	73	;'I'
  1937   007FC3  44                 	db	68	;'D'
  1938   007FC4  4F                 	db	79	;'O'
  1939   007FC5  00                 	db	0
  1940   007FC6                     STR_16:
  1941   007FC6  53                 	db	83	;'S'
  1942   007FC7  54                 	db	84	;'T'
  1943   007FC8  4F                 	db	79	;'O'
  1944   007FC9  50                 	db	80	;'P'
  1945   007FCA  5F                 	db	95	;'_'
  1946   007FCB  50                 	db	80	;'P'
  1947   007FCC  4C                 	db	76	;'L'
  1948   007FCD  41                 	db	65	;'A'
  1949   007FCE  4E                 	db	78	;'N'
  1950   007FCF  54                 	db	84	;'T'
  1951   007FD0  00                 	db	0
  1952   007FD1                     STR_17:
  1953   007FD1  52                 	db	82	;'R'
  1954   007FD2  55                 	db	85	;'U'
  1955   007FD3  4E                 	db	78	;'N'
  1956   007FD4  5F                 	db	95	;'_'
  1957   007FD5  50                 	db	80	;'P'
  1958   007FD6  4C                 	db	76	;'L'
  1959   007FD7  41                 	db	65	;'A'
  1960   007FD8  4E                 	db	78	;'N'
  1961   007FD9  54                 	db	84	;'T'
  1962   007FDA  00                 	db	0
  1963   007FDB                     STR_9:
  1964   007FDB  49                 	db	73	;'I'
  1965   007FDC  4E                 	db	78	;'N'
  1966   007FDD  59                 	db	89	;'Y'
  1967   007FDE  5F                 	db	95	;'_'
  1968   007FDF  47                 	db	71	;'G'
  1969   007FE0  41                 	db	65	;'A'
  1970   007FE1  53                 	db	83	;'S'
  1971   007FE2  00                 	db	0
  1972   007FE3                     STR_7:
  1973   007FE3  53                 	db	83	;'S'
  1974   007FE4  54                 	db	84	;'T'
  1975   007FE5  41                 	db	65	;'A'
  1976   007FE6  54                 	db	84	;'T'
  1977   007FE7  55                 	db	85	;'U'
  1978   007FE8  53                 	db	83	;'S'
  1979   007FE9  00                 	db	0
  1980   007FEA                     STR_2:
  1981   007FEA  43                 	db	67	;'C'
  1982   007FEB  42                 	db	66	;'B'
  1983   007FEC  30                 	db	48	;'0'
  1984   007FED  31                 	db	49	;'1'
  1985   007FEE  00                 	db	0
  1986   007FEF                     STR_5:
  1987   007FEF  52                 	db	82	;'R'
  1988   007FF0  50                 	db	80	;'P'
  1989   007FF1  28                 	db	40
  1990   007FF2  00                 	db	0
  1991   007FF3                     STR_3:
  1992   007FF3  52                 	db	82	;'R'
  1993   007FF4  54                 	db	84	;'T'
  1994   007FF5  28                 	db	40
  1995   007FF6  00                 	db	0
  1996   007FF7                     STR_26:
  1997   007FF7  22                 	db	34
  1998   007FF8  7D                 	db	125
  1999   007FF9  00                 	db	0
  2000   007FFA                     STR_4:
  2001   007FFA  29                 	db	41
  2002   007FFB  00                 	db	0
  2003   007FFC                     STR_20:
  2004   007FFC  2C                 	db	44
  2005   007FFD  00                 	db	0
  2006   007FF7                     STR_36          equ	STR_26
  2007   007F76                     STR_25          equ	STR_23
  2008   007F82                     STR_19          equ	STR_23+12
  2009   007FFC                     STR_22          equ	STR_20
  2010   007FFC                     STR_24          equ	STR_20
  2011   007FFA                     STR_6           equ	STR_4
  2012   007FFE  00                 	db	0	; dummy byte at the end
  2013   007DB4                     __smallconst    set	__pmediumconst
  2014   007DB4                     __mediumconst   set	__pmediumconst
  2015   000002                     __activetblptr  equ	2
  2016                           
  2017                           ; #config settings
  2018                           
  2019                           	psect	cinit
  2020   0024B2                     __pcinit:
  2021                           	callstack 0
  2022   0024B2                     start_initialization:
  2023                           	callstack 0
  2024   0024B2                     __initialization:
  2025                           	callstack 0
  2026                           
  2027                           ; Clear objects allocated to BANK1 (182 bytes)
  2028   0024B2  EE01  F000         	lfsr	0,__pbssBANK1
  2029   0024B6  0EB6               	movlw	182
  2030   0024B8                     clear_0:
  2031   0024B8  6AEE               	clrf	postinc0,c
  2032   0024BA  06E8               	decf	wreg,f,c
  2033   0024BC  E1FD               	bnz	clear_0
  2034                           
  2035                           ; Clear objects allocated to BANK0 (130 bytes)
  2036   0024BE  EE00  F060         	lfsr	0,__pbssBANK0
  2037   0024C2  0E82               	movlw	130
  2038   0024C4                     clear_1:
  2039   0024C4  6AEE               	clrf	postinc0,c
  2040   0024C6  06E8               	decf	wreg,f,c
  2041   0024C8  E1FD               	bnz	clear_1
  2042                           
  2043                           ; Clear objects allocated to COMRAM (10 bytes)
  2044   0024CA  EE00  F052         	lfsr	0,__pbssCOMRAM
  2045   0024CE  0E0A               	movlw	10
  2046   0024D0                     clear_2:
  2047   0024D0  6AEE               	clrf	postinc0,c
  2048   0024D2  06E8               	decf	wreg,f,c
  2049   0024D4  E1FD               	bnz	clear_2
  2050   0024D6                     end_of_initialization:
  2051                           	callstack 0
  2052   0024D6                     __end_of__initialization:
  2053                           	callstack 0
  2054   0024D6  905C               	bcf	int$flags,0,c	;clear compiler interrupt flag (level 1)
  2055   0024D8  925C               	bcf	int$flags,1,c	;clear compiler interrupt flag (level 2)
  2056   0024DA  0E00               	movlw	low (__Lmediumconst shr (0+16))
  2057   0024DC  6EF8               	movwf	tblptru,c
  2058   0024DE  0100               	movlb	0
  2059   0024E0  EF0B  F010         	goto	_main	;jump to C main() function
  2060                           
  2061                           	psect	bssCOMRAM
  2062   000052                     __pbssCOMRAM:
  2063                           	callstack 0
  2064   000052                     _Tiempo_Iny_Gas:
  2065                           	callstack 0
  2066   000052                     	ds	2
  2067   000054                     _Tiempo_Iny_Liquido:
  2068                           	callstack 0
  2069   000054                     	ds	2
  2070   000056                     _Channel_Heater:
  2071                           	callstack 0
  2072   000056                     	ds	1
  2073   000057                     _Arranque_Flag:
  2074                           	callstack 0
  2075   000057                     	ds	1
  2076   000058                     _Paso_ADC:
  2077                           	callstack 0
  2078   000058                     	ds	1
  2079   000059                     _FlagBuffer:
  2080                           	callstack 0
  2081   000059                     	ds	1
  2082   00005A                     _BufferIndex:
  2083                           	callstack 0
  2084   00005A                     	ds	1
  2085   00005B                     _Flag10ms:
  2086                           	callstack 0
  2087   00005B                     	ds	1
  2088                           
  2089                           	psect	bssBANK0
  2090   000060                     __pbssBANK0:
  2091                           	callstack 0
  2092   000060                     _Tiempo_Rele:
  2093                           	callstack 0
  2094   000060                     	ds	20
  2095   000074                     _Wait_Rele:
  2096                           	callstack 0
  2097   000074                     	ds	20
  2098   000088                     _Old_In:
  2099                           	callstack 0
  2100   000088                     	ds	10
  2101   000092                     _Status_In:
  2102                           	callstack 0
  2103   000092                     	ds	10
  2104   00009C                     _Enable_Rele:
  2105                           	callstack 0
  2106   00009C                     	ds	10
  2107   0000A6                     _width:
  2108                           	callstack 0
  2109   0000A6                     	ds	2
  2110   0000A8                     _prec:
  2111                           	callstack 0
  2112   0000A8                     	ds	2
  2113   0000AA                     _Tiempo_Damper:
  2114                           	callstack 0
  2115   0000AA                     	ds	2
  2116   0000AC                     _SP_Minutos:
  2117                           	callstack 0
  2118   0000AC                     	ds	2
  2119   0000AE                     _SP_Ppm:
  2120                           	callstack 0
  2121   0000AE                     	ds	2
  2122   0000B0                     _SP_Temp:
  2123                           	callstack 0
  2124   0000B0                     	ds	2
  2125   0000B2                     _PPM:
  2126                           	callstack 0
  2127   0000B2                     	ds	2
  2128   0000B4                     _PPM_Old:
  2129                           	callstack 0
  2130   0000B4                     	ds	2
  2131   0000B6                     _PPM_Muestra:
  2132                           	callstack 0
  2133   0000B6                     	ds	2
  2134   0000B8                     _Temp2:
  2135                           	callstack 0
  2136   0000B8                     	ds	2
  2137   0000BA                     _Temp1:
  2138                           	callstack 0
  2139   0000BA                     	ds	2
  2140   0000BC                     _Current2:
  2141                           	callstack 0
  2142   0000BC                     	ds	2
  2143   0000BE                     _Current1:
  2144                           	callstack 0
  2145   0000BE                     	ds	2
  2146   0000C0                     _flags:
  2147                           	callstack 0
  2148   0000C0                     	ds	1
  2149   0000C1                     _Tiempo_Heater:
  2150                           	callstack 0
  2151   0000C1                     	ds	1
  2152   0000C2                     _V_Segundos:
  2153                           	callstack 0
  2154   0000C2                     	ds	1
  2155   0000C3                     _V_Minutos:
  2156                           	callstack 0
  2157   0000C3                     	ds	1
  2158   0000C4                     _En_Sistem:
  2159                           	callstack 0
  2160   0000C4                     	ds	1
  2161   0000C5                     _Arranque_Count:
  2162                           	callstack 0
  2163   0000C5                     	ds	1
  2164   0000C6                     _Wait_Sensor:
  2165                           	callstack 0
  2166   0000C6                     	ds	1
  2167   0000C7                     _Muestras_Sensor:
  2168                           	callstack 0
  2169   0000C7                     	ds	1
  2170   0000C8                     _Flag_Sensor:
  2171                           	callstack 0
  2172   0000C8                     	ds	1
  2173   0000C9                     _Paso_Control:
  2174                           	callstack 0
  2175   0000C9                     	ds	1
  2176   0000CA                     _Count_Control:
  2177                           	callstack 0
  2178   0000CA                     	ds	1
  2179   0000CB                     _Count_ADC:
  2180                           	callstack 0
  2181   0000CB                     	ds	1
  2182   0000CC                     _FlagOverflow:
  2183                           	callstack 0
  2184   0000CC                     	ds	1
  2185   0000CD                     _Cambio_Estado:
  2186                           	callstack 0
  2187   0000CD                     	ds	1
  2188   0000CE                     _txt:
  2189                           	callstack 0
  2190   0000CE                     	ds	20
  2191                           
  2192                           	psect	bssBANK1
  2193   000100                     __pbssBANK1:
  2194                           	callstack 0
  2195   000100                     _dbuf:
  2196                           	callstack 0
  2197   000100                     	ds	32
  2198   000120                     _Buffer:
  2199                           	callstack 0
  2200   000120                     	ds	150
  2201                           
  2202                           	psect	cstackBANK0
  2203   0000E2                     __pcstackBANK0:
  2204                           	callstack 0
  2205   0000E2                     Get_Comando@Data:
  2206                           	callstack 0
  2207                           
  2208                           ; 2 bytes @ 0x0
  2209   0000E2                     	ds	2
  2210   0000E4                     ??_Get_Comando:
  2211                           
  2212                           ; 1 bytes @ 0x2
  2213   0000E4                     	ds	2
  2214   0000E6                     Get_Comando@Fin:
  2215                           	callstack 0
  2216                           
  2217                           ; 2 bytes @ 0x4
  2218   0000E6                     	ds	2
  2219   0000E8                     Get_Comando@Fin_1436:
  2220                           	callstack 0
  2221                           
  2222                           ; 2 bytes @ 0x6
  2223   0000E8                     	ds	2
  2224   0000EA                     Get_Comando@Tiempo:
  2225                           	callstack 0
  2226                           
  2227                           ; 2 bytes @ 0x8
  2228   0000EA                     	ds	2
  2229   0000EC                     Get_Comando@i:
  2230                           	callstack 0
  2231                           
  2232                           ; 2 bytes @ 0xA
  2233   0000EC                     	ds	2
  2234   0000EE                     Get_Comando@Tiempo_1438:
  2235                           	callstack 0
  2236                           
  2237                           ; 2 bytes @ 0xC
  2238   0000EE                     	ds	2
  2239   0000F0                     Get_Comando@i_1441:
  2240                           	callstack 0
  2241                           
  2242                           ; 2 bytes @ 0xE
  2243   0000F0                     	ds	2
  2244   0000F2                     Get_Comando@Rele:
  2245                           	callstack 0
  2246                           
  2247                           ; 1 bytes @ 0x10
  2248   0000F2                     	ds	1
  2249   0000F3                     Get_Comando@Coma:
  2250                           	callstack 0
  2251                           
  2252                           ; 1 bytes @ 0x11
  2253   0000F3                     	ds	1
  2254   0000F4                     Get_Comando@Coma_1440:
  2255                           	callstack 0
  2256                           
  2257                           ; 1 bytes @ 0x12
  2258   0000F4                     	ds	1
  2259   0000F5                     Get_Comando@Rele_1439:
  2260                           	callstack 0
  2261                           
  2262                           ; 1 bytes @ 0x13
  2263   0000F5                     	ds	1
  2264   0000F6                     Get_Comando@c:
  2265                           	callstack 0
  2266                           
  2267                           ; 1 bytes @ 0x14
  2268   0000F6                     	ds	1
  2269   0000F7                     Get_Comando@c_1442:
  2270                           	callstack 0
  2271                           
  2272                           ; 1 bytes @ 0x15
  2273   0000F7                     	ds	1
  2274   0000F8                     Get_Comando@Estado:
  2275                           	callstack 0
  2276                           
  2277                           ; 1 bytes @ 0x16
  2278   0000F8                     	ds	1
  2279   0000F9                     Get_Comando@Index:
  2280                           	callstack 0
  2281                           
  2282                           ; 2 bytes @ 0x17
  2283   0000F9                     	ds	2
  2284                           
  2285                           	psect	cstackCOMRAM
  2286   000001                     __pcstackCOMRAM:
  2287                           	callstack 0
  2288   000001                     ??_ISR:
  2289                           
  2290                           ; 1 bytes @ 0x0
  2291   000001                     	ds	2
  2292   000003                     ISR@dato:
  2293                           	callstack 0
  2294                           
  2295                           ; 1 bytes @ 0x2
  2296   000003                     	ds	1
  2297   000004                     ?_Texto_Length:
  2298                           	callstack 0
  2299   000004                     ?_ADC_Leer:
  2300                           	callstack 0
  2301   000004                     ?___awdiv:
  2302                           	callstack 0
  2303   000004                     ?___awmod:
  2304                           	callstack 0
  2305   000004                     ?___lwdiv:
  2306                           	callstack 0
  2307   000004                     ?___lmul:
  2308                           	callstack 0
  2309   000004                     ?___aldiv:
  2310                           	callstack 0
  2311   000004                     ?___xxtofl:
  2312                           	callstack 0
  2313   000004                     Set_Rele@Valor:
  2314                           	callstack 0
  2315   000004                     UART_Write@dato:
  2316                           	callstack 0
  2317   000004                     Eeprom_Leer@dir:
  2318                           	callstack 0
  2319   000004                     Texto_Length@texto:
  2320                           	callstack 0
  2321   000004                     ___awdiv@dividend:
  2322                           	callstack 0
  2323   000004                     ___awmod@dividend:
  2324                           	callstack 0
  2325   000004                     ___lwdiv@dividend:
  2326                           	callstack 0
  2327   000004                     fputc@c:
  2328                           	callstack 0
  2329   000004                     ___lmul@multiplier:
  2330                           	callstack 0
  2331   000004                     ___aldiv@dividend:
  2332                           	callstack 0
  2333   000004                     ___xxtofl@val:
  2334                           	callstack 0
  2335   000004                     ??_Proceso_Rele:
  2336   000004                     
  2337                           ; 1 bytes @ 0x3
  2338   000004                     	ds	1
  2339   000005                     ?_Get_Tiempo_Damper:
  2340                           	callstack 0
  2341   000005                     ?_Get_Tiempo_Iny_Liquido:
  2342                           	callstack 0
  2343   000005                     ?_Get_Tiempo_Iny_Gas:
  2344                           	callstack 0
  2345   000005                     Set_Rele@Rele:
  2346                           	callstack 0
  2347   000005                     Eeprom_Escribir@dato:
  2348                           	callstack 0
  2349   000005                     Get_Channel_Heater@Dato:
  2350                           	callstack 0
  2351   000005                     UART_Print@cad:
  2352                           	callstack 0
  2353   000005                     
  2354                           ; 1 bytes @ 0x4
  2355   000005                     	ds	1
  2356   000006                     Eeprom_Escribir@gie:
  2357                           	callstack 0
  2358   000006                     fputc@fp:
  2359                           	callstack 0
  2360   000006                     Refresh_In@i:
  2361                           	callstack 0
  2362   000006                     Texto_Length@contador:
  2363                           	callstack 0
  2364   000006                     ___awdiv@divisor:
  2365                           	callstack 0
  2366   000006                     ___awmod@divisor:
  2367                           	callstack 0
  2368   000006                     ___lwdiv@divisor:
  2369                           	callstack 0
  2370   000006                     ??_ADC_Leer:
  2371                           
  2372                           ; 1 bytes @ 0x5
  2373   000006                     	ds	1
  2374   000007                     Eeprom_Escribir@dir:
  2375                           	callstack 0
  2376   000007                     Respuestas_RS485@Mensaje:
  2377                           	callstack 0
  2378   000007                     ??_Get_Tiempo_Damper:
  2379   000007                     ??_Get_Tiempo_Iny_Liquido:
  2380   000007                     ??_Get_Tiempo_Iny_Gas:
  2381   000007                     ??_fputc:
  2382   000007                     
  2383                           ; 1 bytes @ 0x6
  2384   000007                     	ds	1
  2385   000008                     ?_Texto_IndexOf:
  2386                           	callstack 0
  2387   000008                     ADC_Leer@canal:
  2388                           	callstack 0
  2389   000008                     Set_Channel_Heater@Dato:
  2390                           	callstack 0
  2391   000008                     ___awdiv@counter:
  2392                           	callstack 0
  2393   000008                     ___awmod@counter:
  2394                           	callstack 0
  2395   000008                     Proceso_Rele@i:
  2396                           	callstack 0
  2397   000008                     Texto_IndexOf@texto:
  2398                           	callstack 0
  2399   000008                     Set_Tiempo_Damper@Dato:
  2400                           	callstack 0
  2401   000008                     Set_Tiempo_Iny_Liquido@Dato:
  2402                           	callstack 0
  2403   000008                     Set_Tiempo_Iny_Gas@Dato:
  2404                           	callstack 0
  2405   000008                     ___lwdiv@quotient:
  2406                           	callstack 0
  2407   000008                     ___lmul@multiplicand:
  2408                           	callstack 0
  2409   000008                     ___aldiv@divisor:
  2410                           	callstack 0
  2411   000008                     ??___xxtofl:
  2412                           
  2413                           ; 1 bytes @ 0x7
  2414   000008                     	ds	1
  2415   000009                     ___awdiv@sign:
  2416                           	callstack 0
  2417   000009                     ___awmod@sign:
  2418                           	callstack 0
  2419   000009                     ??_Respuestas_RS485:
  2420                           
  2421                           ; 1 bytes @ 0x8
  2422   000009                     	ds	1
  2423   00000A                     ?_abs:
  2424                           	callstack 0
  2425   00000A                     ___lwdiv@counter:
  2426                           	callstack 0
  2427   00000A                     Texto_IndexOf@valor:
  2428                           	callstack 0
  2429   00000A                     Get_Tiempo_Damper@Dato:
  2430                           	callstack 0
  2431   00000A                     Get_Tiempo_Iny_Liquido@Dato:
  2432                           	callstack 0
  2433   00000A                     Get_Tiempo_Iny_Gas@Dato:
  2434                           	callstack 0
  2435   00000A                     ___awdiv@quotient:
  2436                           	callstack 0
  2437   00000A                     abs@a:
  2438                           	callstack 0
  2439   00000A                     
  2440                           ; 1 bytes @ 0x9
  2441   00000A                     	ds	2
  2442   00000C                     ___aldiv@counter:
  2443                           	callstack 0
  2444   00000C                     ___xxtofl@sign:
  2445                           	callstack 0
  2446   00000C                     ___lmul@product:
  2447                           	callstack 0
  2448   00000C                     ??_abs:
  2449   00000C                     ??_Texto_IndexOf:
  2450   00000C                     
  2451                           ; 1 bytes @ 0xB
  2452   00000C                     	ds	1
  2453   00000D                     ___aldiv@sign:
  2454                           	callstack 0
  2455   00000D                     ___xxtofl@exp:
  2456                           	callstack 0
  2457                           
  2458                           ; 1 bytes @ 0xC
  2459   00000D                     	ds	1
  2460   00000E                     vfpfcnvrt@fp:
  2461                           	callstack 0
  2462   00000E                     ___aldiv@quotient:
  2463                           	callstack 0
  2464   00000E                     ___xxtofl@arg:
  2465                           	callstack 0
  2466                           
  2467                           ; 4 bytes @ 0xD
  2468   00000E                     	ds	1
  2469   00000F                     vfpfcnvrt@fmt:
  2470                           	callstack 0
  2471                           
  2472                           ; 1 bytes @ 0xE
  2473   00000F                     	ds	1
  2474   000010                     vfpfcnvrt@ap:
  2475                           	callstack 0
  2476                           
  2477                           ; 1 bytes @ 0xF
  2478   000010                     	ds	1
  2479   000011                     Texto_IndexOf@error:
  2480                           	callstack 0
  2481   000011                     ??_vfpfcnvrt:
  2482                           
  2483                           ; 1 bytes @ 0x10
  2484   000011                     	ds	1
  2485   000012                     ?_Ntc_ConvertirX16:
  2486                           	callstack 0
  2487   000012                     ?___flmul:
  2488                           	callstack 0
  2489   000012                     Ntc_ConvertirX16@adc:
  2490                           	callstack 0
  2491   000012                     ___flmul@b:
  2492                           	callstack 0
  2493                           
  2494                           ; 4 bytes @ 0x11
  2495   000012                     	ds	1
  2496   000013                     vfpfcnvrt@done:
  2497                           	callstack 0
  2498   000013                     Texto_IndexOf@length_texto:
  2499                           	callstack 0
  2500                           
  2501                           ; 2 bytes @ 0x12
  2502   000013                     	ds	1
  2503   000014                     vfpfcnvrt@cp:
  2504                           	callstack 0
  2505   000014                     ??_Ntc_ConvertirX16:
  2506                           
  2507                           ; 1 bytes @ 0x13
  2508   000014                     	ds	1
  2509   000015                     Texto_IndexOf@length_valor:
  2510                           	callstack 0
  2511                           
  2512                           ; 2 bytes @ 0x14
  2513   000015                     	ds	1
  2514   000016                     ___flmul@a:
  2515                           	callstack 0
  2516   000016                     vfpfcnvrt@convarg:
  2517                           	callstack 0
  2518                           
  2519                           ; 4 bytes @ 0x15
  2520   000016                     	ds	1
  2521   000017                     Texto_IndexOf@j:
  2522                           	callstack 0
  2523                           
  2524                           ; 2 bytes @ 0x16
  2525   000017                     	ds	2
  2526   000019                     Texto_IndexOf@i:
  2527                           	callstack 0
  2528                           
  2529                           ; 2 bytes @ 0x18
  2530   000019                     	ds	1
  2531   00001A                     vfpfcnvrt@c:
  2532                           	callstack 0
  2533   00001A                     ??___flmul:
  2534                           
  2535                           ; 1 bytes @ 0x19
  2536   00001A                     	ds	1
  2537   00001B                     ?_vfprintf:
  2538                           	callstack 0
  2539   00001B                     vfprintf@fp:
  2540                           	callstack 0
  2541                           
  2542                           ; 1 bytes @ 0x1A
  2543   00001B                     	ds	1
  2544   00001C                     vfprintf@fmt:
  2545                           	callstack 0
  2546   00001C                     Ntc_ConvertirX16@dT:
  2547                           	callstack 0
  2548                           
  2549                           ; 4 bytes @ 0x1B
  2550   00001C                     	ds	2
  2551   00001E                     ___flmul@sign:
  2552                           	callstack 0
  2553   00001E                     vfprintf@ap:
  2554                           	callstack 0
  2555                           
  2556                           ; 1 bytes @ 0x1D
  2557   00001E                     	ds	1
  2558   00001F                     vfprintf@cfmt:
  2559                           	callstack 0
  2560   00001F                     ___flmul@grs:
  2561                           	callstack 0
  2562   00001F                     
  2563                           ; 1 bytes @ 0x1E
  2564   00001F                     	ds	1
  2565   000020                     Ntc_ConvertirX16@num:
  2566                           	callstack 0
  2567                           
  2568                           ; 4 bytes @ 0x1F
  2569   000020                     	ds	1
  2570   000021                     ?_sprintf:
  2571                           	callstack 0
  2572   000021                     sprintf@s:
  2573                           	callstack 0
  2574                           
  2575                           ; 1 bytes @ 0x20
  2576   000021                     	ds	1
  2577   000022                     sprintf@fmt:
  2578                           	callstack 0
  2579                           
  2580                           ; 2 bytes @ 0x21
  2581   000022                     	ds	1
  2582   000023                     ___flmul@aexp:
  2583                           	callstack 0
  2584                           
  2585                           ; 1 bytes @ 0x22
  2586   000023                     	ds	1
  2587   000024                     ___flmul@bexp:
  2588                           	callstack 0
  2589   000024                     _Ntc_ConvertirX16$2853:
  2590                           	callstack 0
  2591                           
  2592                           ; 4 bytes @ 0x23
  2593   000024                     	ds	1
  2594   000025                     ___flmul@prod:
  2595                           	callstack 0
  2596                           
  2597                           ; 4 bytes @ 0x24
  2598   000025                     	ds	3
  2599   000028                     Ntc_ConvertirX16@dA:
  2600                           	callstack 0
  2601                           
  2602                           ; 4 bytes @ 0x27
  2603   000028                     	ds	1
  2604   000029                     ___flmul@temp:
  2605                           	callstack 0
  2606                           
  2607                           ; 2 bytes @ 0x28
  2608   000029                     	ds	2
  2609   00002B                     ?___fltol:
  2610                           	callstack 0
  2611   00002B                     ___fltol@f1:
  2612                           	callstack 0
  2613                           
  2614                           ; 4 bytes @ 0x2A
  2615   00002B                     	ds	1
  2616   00002C                     Ntc_ConvertirX16@i:
  2617                           	callstack 0
  2618                           
  2619                           ; 1 bytes @ 0x2B
  2620   00002C                     	ds	1
  2621   00002D                     ?_Ntc_LeerTemperatura:
  2622                           	callstack 0
  2623                           
  2624                           ; 2 bytes @ 0x2C
  2625   00002D                     	ds	2
  2626   00002F                     Ntc_LeerTemperatura@canal:
  2627                           	callstack 0
  2628   00002F                     ??___fltol:
  2629                           
  2630                           ; 1 bytes @ 0x2E
  2631   00002F                     	ds	1
  2632   000030                     Ntc_LeerTemperatura@suma:
  2633                           	callstack 0
  2634                           
  2635                           ; 2 bytes @ 0x2F
  2636   000030                     	ds	2
  2637   000032                     Ntc_LeerTemperatura@v:
  2638                           	callstack 0
  2639                           
  2640                           ; 2 bytes @ 0x31
  2641   000032                     	ds	1
  2642   000033                     ___fltol@sign1:
  2643                           	callstack 0
  2644                           
  2645                           ; 1 bytes @ 0x32
  2646   000033                     	ds	1
  2647   000034                     Ntc_LeerTemperatura@k:
  2648                           	callstack 0
  2649   000034                     ___fltol@exp1:
  2650                           	callstack 0
  2651                           
  2652                           ; 1 bytes @ 0x33
  2653   000034                     	ds	1
  2654   000035                     Power_Rele@Tiempo:
  2655                           	callstack 0
  2656   000035                     
  2657                           ; 1 bytes @ 0x34
  2658   000035                     	ds	2
  2659   000037                     Power_Rele@Rele:
  2660                           	callstack 0
  2661   000037                     
  2662                           ; 1 bytes @ 0x36
  2663   000037                     	ds	1
  2664   000038                     sprintf@ap:
  2665                           	callstack 0
  2666   000038                     ??_Inyecta_Liquido:
  2667   000038                     ??_Inyecta_Gas:
  2668   000038                     
  2669                           ; 1 bytes @ 0x37
  2670   000038                     	ds	1
  2671   000039                     Inyecta_Liquido@i:
  2672                           	callstack 0
  2673   000039                     Inyecta_Gas@i:
  2674                           	callstack 0
  2675   000039                     sprintf@f:
  2676                           	callstack 0
  2677                           
  2678                           ; 11 bytes @ 0x38
  2679   000039                     	ds	11
  2680   000044                     ??_Imprime_Estado:
  2681                           
  2682                           ; 1 bytes @ 0x43
  2683   000044                     	ds	1
  2684   000045                     Imprime_Estado@R1:
  2685                           	callstack 0
  2686                           
  2687                           ; 1 bytes @ 0x44
  2688   000045                     	ds	1
  2689   000046                     Imprime_Estado@R2:
  2690                           	callstack 0
  2691                           
  2692                           ; 1 bytes @ 0x45
  2693   000046                     	ds	1
  2694   000047                     Imprime_Estado@R3:
  2695                           	callstack 0
  2696                           
  2697                           ; 1 bytes @ 0x46
  2698   000047                     	ds	1
  2699   000048                     Imprime_Estado@R4:
  2700                           	callstack 0
  2701                           
  2702                           ; 1 bytes @ 0x47
  2703   000048                     	ds	1
  2704   000049                     Imprime_Estado@R5:
  2705                           	callstack 0
  2706                           
  2707                           ; 1 bytes @ 0x48
  2708   000049                     	ds	1
  2709   00004A                     Imprime_Estado@R6:
  2710                           	callstack 0
  2711                           
  2712                           ; 1 bytes @ 0x49
  2713   00004A                     	ds	1
  2714   00004B                     Imprime_Estado@R7:
  2715                           	callstack 0
  2716                           
  2717                           ; 1 bytes @ 0x4A
  2718   00004B                     	ds	1
  2719   00004C                     Imprime_Estado@R8:
  2720                           	callstack 0
  2721                           
  2722                           ; 1 bytes @ 0x4B
  2723   00004C                     	ds	1
  2724   00004D                     Imprime_Estado@R9:
  2725                           	callstack 0
  2726                           
  2727                           ; 1 bytes @ 0x4C
  2728   00004D                     	ds	1
  2729   00004E                     Imprime_Estado@R10:
  2730                           	callstack 0
  2731                           
  2732                           ; 1 bytes @ 0x4D
  2733   00004E                     	ds	1
  2734   00004F                     Imprime_Estado@i:
  2735                           	callstack 0
  2736                           
  2737                           ; 2 bytes @ 0x4E
  2738   00004F                     	ds	2
  2739   000051                     main@i:
  2740                           	callstack 0
  2741   000051                     
  2742                           ; 1 bytes @ 0x50
  2743   000051                     	ds	1
  2744                           
  2745 ;;
  2746 ;;Main: autosize = 0, tempsize = 0, incstack = 0, save=0
  2747 ;;
  2748 ;; *************** function _main *****************
  2749 ;; Defined at:
  2750 ;;		line 35 in file "Main.c"
  2751 ;; Parameters:    Size  Location     Type
  2752 ;;		None
  2753 ;; Auto vars:     Size  Location     Type
  2754 ;;  i               1   80[COMRAM] unsigned char 
  2755 ;; Return value:  Size  Location     Type
  2756 ;;                  1    wreg      void 
  2757 ;; Registers used:
  2758 ;;		wreg, fsr0l, fsr0h, fsr1l, fsr1h, fsr2l, fsr2h, status,2, status,0, tblptrl, tblptrh, tblptru, prodl, prodh, cstack
  2759 ;; Tracked objects:
  2760 ;;		On entry : 0/0
  2761 ;;		On exit  : 0/0
  2762 ;;		Unchanged: 0/0
  2763 ;; Data sizes:     COMRAM   BANK0   BANK1   BANK2   BANK3   BANK4   BANK5   BANK6   BANK7
  2764 ;;      Params:         0       0       0       0       0       0       0       0       0
  2765 ;;      Locals:         1       0       0       0       0       0       0       0       0
  2766 ;;      Temps:          0       0       0       0       0       0       0       0       0
  2767 ;;      Totals:         1       0       0       0       0       0       0       0       0
  2768 ;;Total ram usage:        1 bytes
  2769 ;; Hardware stack levels required when called: 9
  2770 ;; This function calls:
  2771 ;;		_GPIO_Init
  2772 ;;		_Get_Comando
  2773 ;;		_Proceso_ADC
  2774 ;;		_Proceso_Arranque
  2775 ;;		_Proceso_Heater
  2776 ;;		_Proceso_Rele
  2777 ;;		_Refresh_In
  2778 ;;		_Tmr0_Init
  2779 ;;		_Tmr1_Init
  2780 ;;		_Tmr_Oscilador_Init
  2781 ;;		_UART_Init
  2782 ;; This function is called by:
  2783 ;;		Startup code after reset
  2784 ;; This function uses a non-reentrant model
  2785 ;;
  2786                           
  2787                           	psect	text0
  2788   002016                     __ptext0:
  2789                           	callstack 0
  2790   002016                     _main:
  2791                           	callstack 22
  2792   002016                     
  2793                           ;Main.c: 36:     Tmr_Oscilador_Init();
  2794   002016  EC4B  F013         	call	_Tmr_Oscilador_Init	;wreg free
  2795                           
  2796                           ;Main.c: 37:     GPIO_Init();
  2797   00201A  ECCB  F012         	call	_GPIO_Init	;wreg free
  2798                           
  2799                           ;Main.c: 38:     UART_Init();
  2800   00201E  ECE0  F012         	call	_UART_Init	;wreg free
  2801                           
  2802                           ;Main.c: 39:     Tmr0_Init();
  2803   002022  EC9D  F013         	call	_Tmr0_Init	;wreg free
  2804                           
  2805                           ;Main.c: 40:     Tmr1_Init();
  2806   002026  EC87  F013         	call	_Tmr1_Init	;wreg free
  2807   00202A                     
  2808                           ;Main.c: 42:     RCONbits.IPEN = 0;
  2809   00202A  9ED0               	bcf	208,7,c	;volatile
  2810   00202C                     
  2811                           ;Main.c: 43:     INTCONbits.PEIE = 1;
  2812   00202C  8CF2               	bsf	242,6,c	;volatile
  2813   00202E                     
  2814                           ;Main.c: 44:     INTCONbits.GIE = 1;
  2815   00202E  8EF2               	bsf	242,7,c	;volatile
  2816   002030                     
  2817                           ;Main.c: 46:     Refresh_In();
  2818   002030  EC5F  F00D         	call	_Refresh_In	;wreg free
  2819   002034                     l4436:
  2820                           
  2821                           ;Main.c: 50:         if (FlagBuffer) {
  2822   002034  5059               	movf	_FlagBuffer^0,w,c	;volatile
  2823   002036  B4D8               	btfsc	status,2,c
  2824   002038  EF20  F010         	goto	u4361
  2825   00203C  EF22  F010         	goto	u4360
  2826   002040                     u4361:
  2827   002040  EF3C  F010         	goto	l4452
  2828   002044                     u4360:
  2829   002044                     
  2830                           ;Main.c: 51:             Get_Comando((char *) Buffer);
  2831   002044  0E20               	movlw	low _Buffer
  2832   002046  0100               	movlb	0	; () banked
  2833   002048  6FE2               	movwf	Get_Comando@Data& (0+255),b
  2834   00204A  0E01               	movlw	high _Buffer
  2835   00204C  6FE3               	movwf	(Get_Comando@Data+1)& (0+255),b
  2836   00204E  EC4D  F000         	call	_Get_Comando	;wreg free
  2837   002052                     
  2838                           ;Main.c: 53:             for (uint8_t i = 0; i < 150u; i++) Buffer[i] = '\0';
  2839   002052  6A51               	clrf	main@i^0,c
  2840   002054                     l4446:
  2841   002054  0E20               	movlw	low _Buffer
  2842   002056  2451               	addwf	main@i^0,w,c
  2843   002058  6ED9               	movwf	fsr2l,c
  2844   00205A  6ADA               	clrf	fsr2h,c
  2845   00205C  0E01               	movlw	high _Buffer
  2846   00205E  22DA               	addwfc	fsr2h,f,c
  2847   002060  6ADF               	clrf	indf2,c
  2848   002062  2A51               	incf	main@i^0,f,c
  2849   002064  0E95               	movlw	149
  2850   002066  6451               	cpfsgt	main@i^0,c
  2851   002068  EF38  F010         	goto	u4371
  2852   00206C  EF3A  F010         	goto	u4370
  2853   002070                     u4371:
  2854   002070  EF2A  F010         	goto	l4446
  2855   002074                     u4370:
  2856   002074                     
  2857                           ;Main.c: 54:             BufferIndex = 0;
  2858   002074  6A5A               	clrf	_BufferIndex^0,c	;volatile
  2859                           
  2860                           ;Main.c: 55:             FlagBuffer = 0;
  2861   002076  6A59               	clrf	_FlagBuffer^0,c	;volatile
  2862   002078                     l4452:
  2863                           
  2864                           ;Main.c: 59:         if (Flag10ms) {
  2865   002078  505B               	movf	_Flag10ms^0,w,c
  2866   00207A  B4D8               	btfsc	status,2,c
  2867   00207C  EF42  F010         	goto	u4381
  2868   002080  EF44  F010         	goto	u4380
  2869   002084                     u4381:
  2870   002084  EF4F  F010         	goto	l138
  2871   002088                     u4380:
  2872   002088                     
  2873                           ;Main.c: 60:             Refresh_In();
  2874   002088  EC5F  F00D         	call	_Refresh_In	;wreg free
  2875   00208C                     
  2876                           ;Main.c: 61:             Proceso_ADC();
  2877   00208C  ECBE  F00E         	call	_Proceso_ADC	;wreg free
  2878   002090                     
  2879                           ;Main.c: 62:             Proceso_Rele();
  2880   002090  ECDC  F009         	call	_Proceso_Rele	;wreg free
  2881   002094                     
  2882                           ;Main.c: 63:             Proceso_Arranque();
  2883   002094  EC68  F00F         	call	_Proceso_Arranque	;wreg free
  2884   002098                     
  2885                           ;Main.c: 64:             Proceso_Heater();
  2886   002098  ECBB  F00F         	call	_Proceso_Heater	;wreg free
  2887   00209C                     
  2888                           ;Main.c: 65:             Flag10ms = 0;
  2889   00209C  6A5B               	clrf	_Flag10ms^0,c
  2890   00209E                     l138:
  2891   00209E  0004               	clrwdt		;# 
  2892   0020A0  EF1A  F010         	goto	l4436
  2893   0020A4  EF4B  F000         	goto	start
  2894   0020A8                     __end_of_main:
  2895                           	callstack 0
  2896                           
  2897 ;; *************** function _UART_Init *****************
  2898 ;; Defined at:
  2899 ;;		line 6 in file "Uart.c"
  2900 ;; Parameters:    Size  Location     Type
  2901 ;;		None
  2902 ;; Auto vars:     Size  Location     Type
  2903 ;;		None
  2904 ;; Return value:  Size  Location     Type
  2905 ;;                  1    wreg      void 
  2906 ;; Registers used:
  2907 ;;		wreg, status,2
  2908 ;; Tracked objects:
  2909 ;;		On entry : 0/0
  2910 ;;		On exit  : 0/0
  2911 ;;		Unchanged: 0/0
  2912 ;; Data sizes:     COMRAM   BANK0   BANK1   BANK2   BANK3   BANK4   BANK5   BANK6   BANK7
  2913 ;;      Params:         0       0       0       0       0       0       0       0       0
  2914 ;;      Locals:         0       0       0       0       0       0       0       0       0
  2915 ;;      Temps:          0       0       0       0       0       0       0       0       0
  2916 ;;      Totals:         0       0       0       0       0       0       0       0       0
  2917 ;;Total ram usage:        0 bytes
  2918 ;; Hardware stack levels used: 1
  2919 ;; Hardware stack levels required when called: 2
  2920 ;; This function calls:
  2921 ;;		Nothing
  2922 ;; This function is called by:
  2923 ;;		_main
  2924 ;; This function uses a non-reentrant model
  2925 ;;
  2926                           
  2927                           	psect	text1
  2928   0025C0                     __ptext1:
  2929                           	callstack 0
  2930   0025C0                     _UART_Init:
  2931                           	callstack 28
  2932   0025C0                     
  2933                           ;Uart.c: 7:     ANSELCbits.ANSC6 = 0;
  2934   0025C0  010F               	movlb	15	; () banked
  2935   0025C2  9D5D               	bcf	93,6,b	;volatile
  2936                           
  2937                           ;Uart.c: 8:     ANSELCbits.ANSC7 = 0;
  2938   0025C4  9F5D               	bcf	93,7,b	;volatile
  2939                           
  2940                           ;Uart.c: 9:     TRISCbits.TRISC6 = 1;
  2941   0025C6  8C94               	bsf	148,6,c	;volatile
  2942                           
  2943                           ;Uart.c: 10:     TRISCbits.TRISC7 = 1;
  2944   0025C8  8E94               	bsf	148,7,c	;volatile
  2945                           
  2946                           ;Uart.c: 12:     BAUDCON1bits.BRG16 = 1;
  2947   0025CA  86B8               	bsf	184,3,c	;volatile
  2948                           
  2949                           ;Uart.c: 13:     TXSTA1bits.BRGH = 1;
  2950   0025CC  84AC               	bsf	172,2,c	;volatile
  2951                           
  2952                           ;Uart.c: 14:     TXSTA1bits.SYNC = 0;
  2953   0025CE  98AC               	bcf	172,4,c	;volatile
  2954   0025D0                     
  2955                           ; BSR set to: 15
  2956                           ;Uart.c: 15:     SPBRGH1 = 0x01;
  2957   0025D0  0E01               	movlw	1
  2958   0025D2  6EB0               	movwf	176,c	;volatile
  2959                           
  2960                           ;Uart.c: 16:     SPBRG1 = 0xA0;
  2961   0025D4  0EA0               	movlw	160
  2962   0025D6  6EAF               	movwf	175,c	;volatile
  2963   0025D8                     
  2964                           ; BSR set to: 15
  2965                           ;Uart.c: 18:     RCSTA1bits.SPEN = 1;
  2966   0025D8  8EAB               	bsf	171,7,c	;volatile
  2967   0025DA                     
  2968                           ; BSR set to: 15
  2969                           ;Uart.c: 19:     RCSTA1bits.CREN = 1;
  2970   0025DA  88AB               	bsf	171,4,c	;volatile
  2971   0025DC                     
  2972                           ; BSR set to: 15
  2973                           ;Uart.c: 20:     TXSTA1bits.TXEN = 1;
  2974   0025DC  8AAC               	bsf	172,5,c	;volatile
  2975   0025DE                     
  2976                           ; BSR set to: 15
  2977                           ;Uart.c: 22:     PIR1bits.RCIF = 0;
  2978   0025DE  9A9E               	bcf	158,5,c	;volatile
  2979   0025E0                     
  2980                           ; BSR set to: 15
  2981                           ;Uart.c: 23:     PIE1bits.RCIE = 1;
  2982   0025E0  8A9D               	bsf	157,5,c	;volatile
  2983   0025E2                     
  2984                           ; BSR set to: 15
  2985   0025E2  0012               	return		;funcret
  2986   0025E4                     __end_of_UART_Init:
  2987                           	callstack 0
  2988                           
  2989 ;; *************** function _Tmr_Oscilador_Init *****************
  2990 ;; Defined at:
  2991 ;;		line 3 in file "Timers.c"
  2992 ;; Parameters:    Size  Location     Type
  2993 ;;		None
  2994 ;; Auto vars:     Size  Location     Type
  2995 ;;		None
  2996 ;; Return value:  Size  Location     Type
  2997 ;;                  1    wreg      void 
  2998 ;; Registers used:
  2999 ;;		wreg, status,2
  3000 ;; Tracked objects:
  3001 ;;		On entry : 0/0
  3002 ;;		On exit  : 0/0
  3003 ;;		Unchanged: 0/0
  3004 ;; Data sizes:     COMRAM   BANK0   BANK1   BANK2   BANK3   BANK4   BANK5   BANK6   BANK7
  3005 ;;      Params:         0       0       0       0       0       0       0       0       0
  3006 ;;      Locals:         0       0       0       0       0       0       0       0       0
  3007 ;;      Temps:          0       0       0       0       0       0       0       0       0
  3008 ;;      Totals:         0       0       0       0       0       0       0       0       0
  3009 ;;Total ram usage:        0 bytes
  3010 ;; Hardware stack levels used: 1
  3011 ;; Hardware stack levels required when called: 2
  3012 ;; This function calls:
  3013 ;;		Nothing
  3014 ;; This function is called by:
  3015 ;;		_main
  3016 ;; This function uses a non-reentrant model
  3017 ;;
  3018                           
  3019                           	psect	text2
  3020   002696                     __ptext2:
  3021                           	callstack 0
  3022   002696                     _Tmr_Oscilador_Init:
  3023                           	callstack 28
  3024   002696                     
  3025                           ;Timers.c: 4:     OSCCONbits.IRCF = 0b111;
  3026   002696  0E70               	movlw	112
  3027   002698  12D3               	iorwf	211,f,c	;volatile
  3028                           
  3029                           ;Timers.c: 5:     OSCCONbits.SCS = 0b00;
  3030   00269A  0EFC               	movlw	-4
  3031   00269C  16D3               	andwf	211,f,c	;volatile
  3032   00269E                     l196:
  3033   00269E  A4D3               	btfss	211,2,c	;volatile
  3034   0026A0  EF54  F013         	goto	u3031
  3035   0026A4  EF56  F013         	goto	u3030
  3036   0026A8                     u3031:
  3037   0026A8  EF4F  F013         	goto	l196
  3038   0026AC                     u3030:
  3039   0026AC  0012               	return		;funcret
  3040   0026AE                     __end_of_Tmr_Oscilador_Init:
  3041                           	callstack 0
  3042                           
  3043 ;; *************** function _Tmr1_Init *****************
  3044 ;; Defined at:
  3045 ;;		line 25 in file "Timers.c"
  3046 ;; Parameters:    Size  Location     Type
  3047 ;;		None
  3048 ;; Auto vars:     Size  Location     Type
  3049 ;;		None
  3050 ;; Return value:  Size  Location     Type
  3051 ;;                  1    wreg      void 
  3052 ;; Registers used:
  3053 ;;		wreg, status,2
  3054 ;; Tracked objects:
  3055 ;;		On entry : 0/0
  3056 ;;		On exit  : 0/0
  3057 ;;		Unchanged: 0/0
  3058 ;; Data sizes:     COMRAM   BANK0   BANK1   BANK2   BANK3   BANK4   BANK5   BANK6   BANK7
  3059 ;;      Params:         0       0       0       0       0       0       0       0       0
  3060 ;;      Locals:         0       0       0       0       0       0       0       0       0
  3061 ;;      Temps:          0       0       0       0       0       0       0       0       0
  3062 ;;      Totals:         0       0       0       0       0       0       0       0       0
  3063 ;;Total ram usage:        0 bytes
  3064 ;; Hardware stack levels used: 1
  3065 ;; Hardware stack levels required when called: 2
  3066 ;; This function calls:
  3067 ;;		Nothing
  3068 ;; This function is called by:
  3069 ;;		_main
  3070 ;; This function uses a non-reentrant model
  3071 ;;
  3072                           
  3073                           	psect	text3
  3074   00270E                     __ptext3:
  3075                           	callstack 0
  3076   00270E                     _Tmr1_Init:
  3077                           	callstack 28
  3078   00270E                     
  3079                           ;Timers.c: 26:     T1GCON = 0x00;
  3080   00270E  6ACC               	clrf	204,c	;volatile
  3081   002710                     
  3082                           ;Timers.c: 28:     T1CON = 0b00000010;
  3083   002710  0E02               	movlw	2
  3084   002712  6ECD               	movwf	205,c	;volatile
  3085                           
  3086                           ;Timers.c: 29:     TMR1H = 0x63;
  3087   002714  0E63               	movlw	99
  3088   002716  6ECF               	movwf	207,c	;volatile
  3089                           
  3090                           ;Timers.c: 30:     TMR1L = 0xC0;
  3091   002718  0EC0               	movlw	192
  3092   00271A  6ECE               	movwf	206,c	;volatile
  3093   00271C                     
  3094                           ;Timers.c: 31:     PIR1bits.TMR1IF = 0;
  3095   00271C  909E               	bcf	158,0,c	;volatile
  3096   00271E                     
  3097                           ;Timers.c: 32:     PIE1bits.TMR1IE = 1;
  3098   00271E  809D               	bsf	157,0,c	;volatile
  3099   002720                     
  3100                           ;Timers.c: 33:     T1CONbits.TMR1ON = 1;
  3101   002720  80CD               	bsf	205,0,c	;volatile
  3102   002722  0012               	return		;funcret
  3103   002724                     __end_of_Tmr1_Init:
  3104                           	callstack 0
  3105                           
  3106 ;; *************** function _Tmr0_Init *****************
  3107 ;; Defined at:
  3108 ;;		line 9 in file "Timers.c"
  3109 ;; Parameters:    Size  Location     Type
  3110 ;;		None
  3111 ;; Auto vars:     Size  Location     Type
  3112 ;;		None
  3113 ;; Return value:  Size  Location     Type
  3114 ;;                  1    wreg      void 
  3115 ;; Registers used:
  3116 ;;		wreg, status,2
  3117 ;; Tracked objects:
  3118 ;;		On entry : 0/0
  3119 ;;		On exit  : 0/0
  3120 ;;		Unchanged: 0/0
  3121 ;; Data sizes:     COMRAM   BANK0   BANK1   BANK2   BANK3   BANK4   BANK5   BANK6   BANK7
  3122 ;;      Params:         0       0       0       0       0       0       0       0       0
  3123 ;;      Locals:         0       0       0       0       0       0       0       0       0
  3124 ;;      Temps:          0       0       0       0       0       0       0       0       0
  3125 ;;      Totals:         0       0       0       0       0       0       0       0       0
  3126 ;;Total ram usage:        0 bytes
  3127 ;; Hardware stack levels used: 1
  3128 ;; Hardware stack levels required when called: 2
  3129 ;; This function calls:
  3130 ;;		Nothing
  3131 ;; This function is called by:
  3132 ;;		_main
  3133 ;; This function uses a non-reentrant model
  3134 ;;
  3135                           
  3136                           	psect	text4
  3137   00273A                     __ptext4:
  3138                           	callstack 0
  3139   00273A                     _Tmr0_Init:
  3140                           	callstack 28
  3141   00273A                     
  3142                           ;Timers.c: 10:     T0CON = 0b00000001;
  3143   00273A  0E01               	movlw	1
  3144   00273C  6ED5               	movwf	213,c	;volatile
  3145                           
  3146                           ;Timers.c: 11:     TMR0H = 0x3C;
  3147   00273E  0E3C               	movlw	60
  3148   002740  6ED7               	movwf	215,c	;volatile
  3149                           
  3150                           ;Timers.c: 12:     TMR0L = 0xB0;
  3151   002742  0EB0               	movlw	176
  3152   002744  6ED6               	movwf	214,c	;volatile
  3153   002746                     
  3154                           ;Timers.c: 13:     INTCONbits.TMR0IF = 0;
  3155   002746  94F2               	bcf	242,2,c	;volatile
  3156   002748                     
  3157                           ;Timers.c: 14:     INTCONbits.TMR0IE = 1;
  3158   002748  8AF2               	bsf	242,5,c	;volatile
  3159   00274A  0012               	return		;funcret
  3160   00274C                     __end_of_Tmr0_Init:
  3161                           	callstack 0
  3162                           
  3163 ;; *************** function _Refresh_In *****************
  3164 ;; Defined at:
  3165 ;;		line 126 in file "Timers.c"
  3166 ;; Parameters:    Size  Location     Type
  3167 ;;		None
  3168 ;; Auto vars:     Size  Location     Type
  3169 ;;  i               2    5[COMRAM] int 
  3170 ;; Return value:  Size  Location     Type
  3171 ;;                  1    wreg      void 
  3172 ;; Registers used:
  3173 ;;		wreg, fsr1l, fsr1h, fsr2l, fsr2h, status,2, status,0
  3174 ;; Tracked objects:
  3175 ;;		On entry : 0/0
  3176 ;;		On exit  : 0/0
  3177 ;;		Unchanged: 0/0
  3178 ;; Data sizes:     COMRAM   BANK0   BANK1   BANK2   BANK3   BANK4   BANK5   BANK6   BANK7
  3179 ;;      Params:         0       0       0       0       0       0       0       0       0
  3180 ;;      Locals:         2       0       0       0       0       0       0       0       0
  3181 ;;      Temps:          2       0       0       0       0       0       0       0       0
  3182 ;;      Totals:         4       0       0       0       0       0       0       0       0
  3183 ;;Total ram usage:        4 bytes
  3184 ;; Hardware stack levels used: 1
  3185 ;; Hardware stack levels required when called: 2
  3186 ;; This function calls:
  3187 ;;		Nothing
  3188 ;; This function is called by:
  3189 ;;		_main
  3190 ;; This function uses a non-reentrant model
  3191 ;;
  3192                           
  3193                           	psect	text5
  3194   001ABE                     __ptext5:
  3195                           	callstack 0
  3196   001ABE                     _Refresh_In:
  3197                           	callstack 28
  3198   001ABE                     
  3199                           ;Timers.c: 127:     Status_In[0] = PORTEbits.RE0;
  3200   001ABE  0E00               	movlw	0
  3201   001AC0  B084               	btfsc	132,0,c	;volatile
  3202   001AC2  0E01               	movlw	1
  3203   001AC4  0100               	movlb	0	; () banked
  3204   001AC6  6F92               	movwf	_Status_In& (0+255),b
  3205                           
  3206                           ;Timers.c: 128:     Status_In[1] = PORTEbits.RE1;
  3207   001AC8  0E00               	movlw	0
  3208   001ACA  B284               	btfsc	132,1,c	;volatile
  3209   001ACC  0E01               	movlw	1
  3210   001ACE  6F93               	movwf	(_Status_In+1)& (0+255),b
  3211                           
  3212                           ;Timers.c: 129:     Status_In[2] = PORTEbits.RE2;
  3213   001AD0  0E00               	movlw	0
  3214   001AD2  B484               	btfsc	132,2,c	;volatile
  3215   001AD4  0E01               	movlw	1
  3216   001AD6  6F94               	movwf	(_Status_In+2)& (0+255),b
  3217                           
  3218                           ;Timers.c: 130:     Status_In[3] = PORTCbits.RC0;
  3219   001AD8  0E00               	movlw	0
  3220   001ADA  B082               	btfsc	130,0,c	;volatile
  3221   001ADC  0E01               	movlw	1
  3222   001ADE  6F95               	movwf	(_Status_In+3)& (0+255),b
  3223                           
  3224                           ;Timers.c: 131:     Status_In[4] = PORTCbits.RC1;
  3225   001AE0  0E00               	movlw	0
  3226   001AE2  B282               	btfsc	130,1,c	;volatile
  3227   001AE4  0E01               	movlw	1
  3228   001AE6  6F96               	movwf	(_Status_In+4)& (0+255),b
  3229                           
  3230                           ;Timers.c: 132:     Status_In[5] = PORTCbits.RC2;
  3231   001AE8  0E00               	movlw	0
  3232   001AEA  B482               	btfsc	130,2,c	;volatile
  3233   001AEC  0E01               	movlw	1
  3234   001AEE  6F97               	movwf	(_Status_In+5)& (0+255),b
  3235                           
  3236                           ;Timers.c: 133:     Status_In[6] = PORTDbits.RD0;
  3237   001AF0  0E00               	movlw	0
  3238   001AF2  B083               	btfsc	131,0,c	;volatile
  3239   001AF4  0E01               	movlw	1
  3240   001AF6  6F98               	movwf	(_Status_In+6)& (0+255),b
  3241                           
  3242                           ;Timers.c: 134:     Status_In[7] = PORTDbits.RD1;
  3243   001AF8  0E00               	movlw	0
  3244   001AFA  B283               	btfsc	131,1,c	;volatile
  3245   001AFC  0E01               	movlw	1
  3246   001AFE  6F99               	movwf	(_Status_In+7)& (0+255),b
  3247                           
  3248                           ;Timers.c: 135:     Status_In[8] = PORTDbits.RD2;
  3249   001B00  0E00               	movlw	0
  3250   001B02  B483               	btfsc	131,2,c	;volatile
  3251   001B04  0E01               	movlw	1
  3252   001B06  6F9A               	movwf	(_Status_In+8)& (0+255),b
  3253                           
  3254                           ;Timers.c: 136:     Status_In[9] = PORTDbits.RD3;
  3255   001B08  0E00               	movlw	0
  3256   001B0A  B683               	btfsc	131,3,c	;volatile
  3257   001B0C  0E01               	movlw	1
  3258   001B0E  6F9B               	movwf	(_Status_In+9)& (0+255),b
  3259   001B10                     
  3260                           ; BSR set to: 0
  3261                           ;Timers.c: 138:     for (int i = 0; i < 10; i++) {
  3262   001B10  0E00               	movlw	0
  3263   001B12  6E07               	movwf	(Refresh_In@i+1)^0,c
  3264   001B14  0E00               	movlw	0
  3265   001B16  6E06               	movwf	Refresh_In@i^0,c
  3266   001B18                     l3732:
  3267                           
  3268                           ;Timers.c: 139:         if (Status_In[i] != Old_In[i]) {
  3269   001B18  5006               	movf	Refresh_In@i^0,w,c
  3270   001B1A  0F88               	addlw	low _Old_In
  3271   001B1C  6ED9               	movwf	fsr2l,c
  3272   001B1E  6ADA               	clrf	fsr2h,c
  3273   001B20  5006               	movf	Refresh_In@i^0,w,c
  3274   001B22  0F92               	addlw	low _Status_In
  3275   001B24  6EE1               	movwf	fsr1l,c
  3276   001B26  6AE2               	clrf	fsr1h,c
  3277   001B28  50DE               	movf	postinc2,w,c
  3278   001B2A  18E6               	xorwf	postinc1,w,c
  3279   001B2C  B4D8               	btfsc	status,2,c
  3280   001B2E  EF9B  F00D         	goto	u3041
  3281   001B32  EF9D  F00D         	goto	u3040
  3282   001B36                     u3041:
  3283   001B36  EFAA  F00D         	goto	l3738
  3284   001B3A                     u3040:
  3285   001B3A                     
  3286                           ;Timers.c: 140:             Old_In[i] = Status_In[i];
  3287   001B3A  5006               	movf	Refresh_In@i^0,w,c
  3288   001B3C  0F92               	addlw	low _Status_In
  3289   001B3E  6ED9               	movwf	fsr2l,c
  3290   001B40  6ADA               	clrf	fsr2h,c
  3291   001B42  5006               	movf	Refresh_In@i^0,w,c
  3292   001B44  0F88               	addlw	low _Old_In
  3293   001B46  6EE1               	movwf	fsr1l,c
  3294   001B48  6AE2               	clrf	fsr1h,c
  3295   001B4A  CFDF FFE7          	movff	indf2,indf1
  3296   001B4E                     
  3297                           ;Timers.c: 141:             Cambio_Estado = 1;
  3298   001B4E  0E01               	movlw	1
  3299   001B50  0100               	movlb	0	; () banked
  3300   001B52  6FCD               	movwf	_Cambio_Estado& (0+255),b
  3301   001B54                     l3738:
  3302                           
  3303                           ;Timers.c: 143:     }
  3304   001B54  4A06               	infsnz	Refresh_In@i^0,f,c
  3305   001B56  2A07               	incf	(Refresh_In@i+1)^0,f,c
  3306   001B58  BE07               	btfsc	(Refresh_In@i+1)^0,7,c
  3307   001B5A  EFB8  F00D         	goto	u3051
  3308   001B5E  5007               	movf	(Refresh_In@i+1)^0,w,c
  3309   001B60  E109               	bnz	u3050
  3310   001B62  0E0A               	movlw	10
  3311   001B64  5C06               	subwf	Refresh_In@i^0,w,c
  3312   001B66  A0D8               	btfss	status,0,c
  3313   001B68  EFB8  F00D         	goto	u3051
  3314   001B6C  EFBA  F00D         	goto	u3050
  3315   001B70                     u3051:
  3316   001B70  EF8C  F00D         	goto	l3732
  3317   001B74                     u3050:
  3318   001B74  0012               	return		;funcret
  3319   001B76                     __end_of_Refresh_In:
  3320                           	callstack 0
  3321                           
  3322 ;; *************** function _Proceso_Rele *****************
  3323 ;; Defined at:
  3324 ;;		line 93 in file "Timers.c"
  3325 ;; Parameters:    Size  Location     Type
  3326 ;;		None
  3327 ;; Auto vars:     Size  Location     Type
  3328 ;;  i               2    7[COMRAM] int 
  3329 ;; Return value:  Size  Location     Type
  3330 ;;                  1    wreg      void 
  3331 ;; Registers used:
  3332 ;;		wreg, fsr1l, fsr1h, fsr2l, fsr2h, status,2, status,0, prodl, prodh
  3333 ;; Tracked objects:
  3334 ;;		On entry : 0/0
  3335 ;;		On exit  : 0/0
  3336 ;;		Unchanged: 0/0
  3337 ;; Data sizes:     COMRAM   BANK0   BANK1   BANK2   BANK3   BANK4   BANK5   BANK6   BANK7
  3338 ;;      Params:         0       0       0       0       0       0       0       0       0
  3339 ;;      Locals:         2       0       0       0       0       0       0       0       0
  3340 ;;      Temps:          4       0       0       0       0       0       0       0       0
  3341 ;;      Totals:         6       0       0       0       0       0       0       0       0
  3342 ;;Total ram usage:        6 bytes
  3343 ;; Hardware stack levels used: 1
  3344 ;; Hardware stack levels required when called: 2
  3345 ;; This function calls:
  3346 ;;		Nothing
  3347 ;; This function is called by:
  3348 ;;		_main
  3349 ;; This function uses a non-reentrant model
  3350 ;;
  3351                           
  3352                           	psect	text6
  3353   0013B8                     __ptext6:
  3354                           	callstack 0
  3355   0013B8                     _Proceso_Rele:
  3356                           	callstack 28
  3357   0013B8                     
  3358                           ;Timers.c: 94:     for (int i = 0; i < 10; i++) {
  3359   0013B8  0E00               	movlw	0
  3360   0013BA  6E09               	movwf	(Proceso_Rele@i+1)^0,c
  3361   0013BC  0E00               	movlw	0
  3362   0013BE  6E08               	movwf	Proceso_Rele@i^0,c
  3363   0013C0                     l3930:
  3364                           
  3365                           ;Timers.c: 95:         if (Enable_Rele[i] == 1) {
  3366   0013C0  5008               	movf	Proceso_Rele@i^0,w,c
  3367   0013C2  0F9C               	addlw	low _Enable_Rele
  3368   0013C4  6ED9               	movwf	fsr2l,c
  3369   0013C6  6ADA               	clrf	fsr2h,c
  3370   0013C8  04DE               	decf	postinc2,w,c
  3371   0013CA  A4D8               	btfss	status,2,c
  3372   0013CC  EFEA  F009         	goto	u3501
  3373   0013D0  EFEC  F009         	goto	u3500
  3374   0013D4                     u3501:
  3375   0013D4  EF67  F00A         	goto	l3944
  3376   0013D8                     u3500:
  3377   0013D8                     
  3378                           ;Timers.c: 96:             Tiempo_Rele[i]++;
  3379   0013D8  5008               	movf	Proceso_Rele@i^0,w,c
  3380   0013DA  0D02               	mullw	2
  3381   0013DC  50F3               	movf	243,w,c
  3382   0013DE  0F60               	addlw	low _Tiempo_Rele
  3383   0013E0  6ED9               	movwf	fsr2l,c
  3384   0013E2  6ADA               	clrf	fsr2h,c
  3385   0013E4  2ADE               	incf	postinc2,f,c
  3386   0013E6  0E00               	movlw	0
  3387   0013E8  22DD               	addwfc	postdec2,f,c
  3388   0013EA                     
  3389                           ;Timers.c: 97:             if (Tiempo_Rele[i] >= Wait_Rele[i]) {
  3390   0013EA  5008               	movf	Proceso_Rele@i^0,w,c
  3391   0013EC  0D02               	mullw	2
  3392   0013EE  50F3               	movf	243,w,c
  3393   0013F0  0F74               	addlw	low _Wait_Rele
  3394   0013F2  6ED9               	movwf	fsr2l,c
  3395   0013F4  6ADA               	clrf	fsr2h,c
  3396   0013F6  5008               	movf	Proceso_Rele@i^0,w,c
  3397   0013F8  0D02               	mullw	2
  3398   0013FA  50F3               	movf	243,w,c
  3399   0013FC  0F60               	addlw	low _Tiempo_Rele
  3400   0013FE  6EE1               	movwf	fsr1l,c
  3401   001400  6AE2               	clrf	fsr1h,c
  3402   001402  50DE               	movf	postinc2,w,c
  3403   001404  5CE6               	subwf	postinc1,w,c
  3404   001406  50DE               	movf	postinc2,w,c
  3405   001408  58E6               	subwfb	postinc1,w,c
  3406   00140A  A0D8               	btfss	status,0,c
  3407   00140C  EF0A  F00A         	goto	u3511
  3408   001410  EF0C  F00A         	goto	u3510
  3409   001414                     u3511:
  3410   001414  EF67  F00A         	goto	l3944
  3411   001418                     u3510:
  3412   001418  EF2C  F00A         	goto	l3940
  3413   00141C                     l247:
  3414   00141C  8A8A               	bsf	138,5,c	;volatile
  3415                           
  3416                           ;Timers.c: 100:                         break;
  3417   00141E  EF62  F00A         	goto	l3942
  3418   001422                     l249:
  3419   001422  888A               	bsf	138,4,c	;volatile
  3420                           
  3421                           ;Timers.c: 102:                         break;
  3422   001424  EF62  F00A         	goto	l3942
  3423   001428                     l250:
  3424   001428  868A               	bsf	138,3,c	;volatile
  3425                           
  3426                           ;Timers.c: 104:                         break;
  3427   00142A  EF62  F00A         	goto	l3942
  3428   00142E                     l251:
  3429   00142E  848A               	bsf	138,2,c	;volatile
  3430                           
  3431                           ;Timers.c: 106:                         break;
  3432   001430  EF62  F00A         	goto	l3942
  3433   001434                     l252:
  3434   001434  828A               	bsf	138,1,c	;volatile
  3435                           
  3436                           ;Timers.c: 108:                         break;
  3437   001436  EF62  F00A         	goto	l3942
  3438   00143A                     l253:
  3439   00143A  808A               	bsf	138,0,c	;volatile
  3440                           
  3441                           ;Timers.c: 110:                         break;
  3442   00143C  EF62  F00A         	goto	l3942
  3443   001440                     l254:
  3444   001440  8E8C               	bsf	140,7,c	;volatile
  3445                           
  3446                           ;Timers.c: 112:                         break;
  3447   001442  EF62  F00A         	goto	l3942
  3448   001446                     l255:
  3449   001446  8C8C               	bsf	140,6,c	;volatile
  3450                           
  3451                           ;Timers.c: 114:                         break;
  3452   001448  EF62  F00A         	goto	l3942
  3453   00144C                     l256:
  3454   00144C  8A8C               	bsf	140,5,c	;volatile
  3455                           
  3456                           ;Timers.c: 116:                         break;
  3457   00144E  EF62  F00A         	goto	l3942
  3458   001452                     l257:
  3459   001452  888C               	bsf	140,4,c	;volatile
  3460                           
  3461                           ;Timers.c: 118:                         break;
  3462   001454  EF62  F00A         	goto	l3942
  3463   001458                     l3940:
  3464   001458  C008  F004         	movff	Proceso_Rele@i,??_Proceso_Rele
  3465   00145C  C009  F005         	movff	Proceso_Rele@i+1,??_Proceso_Rele+1
  3466                           
  3467                           ; Switch on 2 bytes has been partitioned into a top level switch of size 1, and 1 sub-sw
      +                          itches
  3468                           ; Switch size 1, requested type "simple"
  3469                           ; Number of cases is 1, Range of values is 0 to 0
  3470                           ; switch strategies available:
  3471                           ; Name         Instructions Cycles
  3472                           ; simple_byte            4     3 (average)
  3473                           ;	Chosen strategy is simple_byte
  3474   001460  5005               	movf	(??_Proceso_Rele+1)^0,w,c
  3475   001462  0A00               	xorlw	0	; case 0
  3476   001464  B4D8               	btfsc	status,2,c
  3477   001466  EF37  F00A         	goto	l4486
  3478   00146A  EF62  F00A         	goto	l3942
  3479   00146E                     l4486:
  3480                           
  3481                           ; Switch size 1, requested type "simple"
  3482                           ; Number of cases is 10, Range of values is 0 to 9
  3483                           ; switch strategies available:
  3484                           ; Name         Instructions Cycles
  3485                           ; simple_byte           31    16 (average)
  3486                           ;	Chosen strategy is simple_byte
  3487   00146E  5004               	movf	??_Proceso_Rele^0,w,c
  3488   001470  0A00               	xorlw	0	; case 0
  3489   001472  B4D8               	btfsc	status,2,c
  3490   001474  EF0E  F00A         	goto	l247
  3491   001478  0A01               	xorlw	1	; case 1
  3492   00147A  B4D8               	btfsc	status,2,c
  3493   00147C  EF11  F00A         	goto	l249
  3494   001480  0A03               	xorlw	3	; case 2
  3495   001482  B4D8               	btfsc	status,2,c
  3496   001484  EF14  F00A         	goto	l250
  3497   001488  0A01               	xorlw	1	; case 3
  3498   00148A  B4D8               	btfsc	status,2,c
  3499   00148C  EF17  F00A         	goto	l251
  3500   001490  0A07               	xorlw	7	; case 4
  3501   001492  B4D8               	btfsc	status,2,c
  3502   001494  EF1A  F00A         	goto	l252
  3503   001498  0A01               	xorlw	1	; case 5
  3504   00149A  B4D8               	btfsc	status,2,c
  3505   00149C  EF1D  F00A         	goto	l253
  3506   0014A0  0A03               	xorlw	3	; case 6
  3507   0014A2  B4D8               	btfsc	status,2,c
  3508   0014A4  EF20  F00A         	goto	l254
  3509   0014A8  0A01               	xorlw	1	; case 7
  3510   0014AA  B4D8               	btfsc	status,2,c
  3511   0014AC  EF23  F00A         	goto	l255
  3512   0014B0  0A0F               	xorlw	15	; case 8
  3513   0014B2  B4D8               	btfsc	status,2,c
  3514   0014B4  EF26  F00A         	goto	l256
  3515   0014B8  0A01               	xorlw	1	; case 9
  3516   0014BA  B4D8               	btfsc	status,2,c
  3517   0014BC  EF29  F00A         	goto	l257
  3518   0014C0  EF62  F00A         	goto	l3942
  3519   0014C4                     l3942:
  3520                           
  3521                           ;Timers.c: 120:                 Enable_Rele[i] = 0;
  3522   0014C4  5008               	movf	Proceso_Rele@i^0,w,c
  3523   0014C6  0F9C               	addlw	low _Enable_Rele
  3524   0014C8  6ED9               	movwf	fsr2l,c
  3525   0014CA  6ADA               	clrf	fsr2h,c
  3526   0014CC  6ADF               	clrf	indf2,c
  3527   0014CE                     l3944:
  3528                           
  3529                           ;Timers.c: 123:     }
  3530   0014CE  4A08               	infsnz	Proceso_Rele@i^0,f,c
  3531   0014D0  2A09               	incf	(Proceso_Rele@i+1)^0,f,c
  3532   0014D2  BE09               	btfsc	(Proceso_Rele@i+1)^0,7,c
  3533   0014D4  EF75  F00A         	goto	u3521
  3534   0014D8  5009               	movf	(Proceso_Rele@i+1)^0,w,c
  3535   0014DA  E109               	bnz	u3520
  3536   0014DC  0E0A               	movlw	10
  3537   0014DE  5C08               	subwf	Proceso_Rele@i^0,w,c
  3538   0014E0  A0D8               	btfss	status,0,c
  3539   0014E2  EF75  F00A         	goto	u3521
  3540   0014E6  EF77  F00A         	goto	u3520
  3541   0014EA                     u3521:
  3542   0014EA  EFE0  F009         	goto	l3930
  3543   0014EE                     u3520:
  3544   0014EE  0012               	return		;funcret
  3545   0014F0                     __end_of_Proceso_Rele:
  3546                           	callstack 0
  3547                           
  3548 ;; *************** function _Proceso_Heater *****************
  3549 ;; Defined at:
  3550 ;;		line 77 in file "Control.c"
  3551 ;; Parameters:    Size  Location     Type
  3552 ;;		None
  3553 ;; Auto vars:     Size  Location     Type
  3554 ;;		None
  3555 ;; Return value:  Size  Location     Type
  3556 ;;                  1    wreg      void 
  3557 ;; Registers used:
  3558 ;;		wreg, status,2, status,0, cstack
  3559 ;; Tracked objects:
  3560 ;;		On entry : 0/0
  3561 ;;		On exit  : 0/0
  3562 ;;		Unchanged: 0/0
  3563 ;; Data sizes:     COMRAM   BANK0   BANK1   BANK2   BANK3   BANK4   BANK5   BANK6   BANK7
  3564 ;;      Params:         0       0       0       0       0       0       0       0       0
  3565 ;;      Locals:         0       0       0       0       0       0       0       0       0
  3566 ;;      Temps:          0       0       0       0       0       0       0       0       0
  3567 ;;      Totals:         0       0       0       0       0       0       0       0       0
  3568 ;;Total ram usage:        0 bytes
  3569 ;; Hardware stack levels used: 1
  3570 ;; Hardware stack levels required when called: 3
  3571 ;; This function calls:
  3572 ;;		_Set_Rele
  3573 ;; This function is called by:
  3574 ;;		_main
  3575 ;; This function uses a non-reentrant model
  3576 ;;
  3577                           
  3578                           	psect	text7
  3579   001F76                     __ptext7:
  3580                           	callstack 0
  3581   001F76                     _Proceso_Heater:
  3582                           	callstack 27
  3583   001F76                     
  3584                           ;Control.c: 78:     if (Arranque_Flag == 1) {
  3585   001F76  0457               	decf	_Arranque_Flag^0,w,c
  3586   001F78  A4D8               	btfss	status,2,c
  3587   001F7A  EFC1  F00F         	goto	u3561
  3588   001F7E  EFC3  F00F         	goto	u3560
  3589   001F82                     u3561:
  3590   001F82  EF0A  F010         	goto	l768
  3591   001F86                     u3560:
  3592   001F86                     
  3593                           ;Control.c: 79:         Tiempo_Heater++;
  3594   001F86  0100               	movlb	0	; () banked
  3595   001F88  2BC1               	incf	_Tiempo_Heater& (0+255),f,b
  3596   001F8A                     
  3597                           ; BSR set to: 0
  3598                           ;Control.c: 80:         if (Tiempo_Heater >= 200) {
  3599   001F8A  0EC7               	movlw	199
  3600   001F8C  65C1               	cpfsgt	_Tiempo_Heater& (0+255),b
  3601   001F8E  EFCB  F00F         	goto	u3571
  3602   001F92  EFCD  F00F         	goto	u3570
  3603   001F96                     u3571:
  3604   001F96  EF0A  F010         	goto	l768
  3605   001F9A                     u3570:
  3606   001F9A                     
  3607                           ; BSR set to: 0
  3608                           ;Control.c: 81:             if (Temp1 > SP_Temp + 10){
  3609   001F9A  BFBB               	btfsc	(_Temp1+1)& (0+255),7,b
  3610   001F9C  EFD9  F00F         	goto	u3581
  3611   001FA0  51BB               	movf	(_Temp1+1)& (0+255),w,b
  3612   001FA2  E109               	bnz	u3580
  3613   001FA4  0E0B               	movlw	11
  3614   001FA6  5DBA               	subwf	_Temp1& (0+255),w,b
  3615   001FA8  A0D8               	btfss	status,0,c
  3616   001FAA  EFD9  F00F         	goto	u3581
  3617   001FAE  EFDB  F00F         	goto	u3580
  3618   001FB2                     u3581:
  3619   001FB2  EFE5  F00F         	goto	l3986
  3620   001FB6                     u3580:
  3621   001FB6                     
  3622                           ; BSR set to: 0
  3623                           ;Control.c: 82:                 Set_Rele(2,1);
  3624   001FB6  0E01               	movlw	1
  3625   001FB8  6E04               	movwf	Set_Rele@Valor^0,c
  3626   001FBA  0E02               	movlw	2
  3627   001FBC  EC89  F00C         	call	_Set_Rele
  3628                           
  3629                           ;Control.c: 83:                 Set_Rele(3,1);
  3630   001FC0  0E01               	movlw	1
  3631   001FC2  6E04               	movwf	Set_Rele@Valor^0,c
  3632   001FC4  0E03               	movlw	3
  3633   001FC6  EC89  F00C         	call	_Set_Rele
  3634   001FCA                     l3986:
  3635                           
  3636                           ;Control.c: 85:             if (Temp1 < SP_Temp - 10) {
  3637   001FCA  0100               	movlb	0	; () banked
  3638   001FCC  AFBB               	btfss	(_Temp1+1)& (0+255),7,b
  3639   001FCE  EFF2  F00F         	goto	u3591
  3640   001FD2  0EF6               	movlw	246
  3641   001FD4  5DBA               	subwf	_Temp1& (0+255),w,b
  3642   001FD6  0EFF               	movlw	255
  3643   001FD8  59BB               	subwfb	(_Temp1+1)& (0+255),w,b
  3644   001FDA  B0D8               	btfsc	status,0,c
  3645   001FDC  EFF2  F00F         	goto	u3591
  3646   001FE0  EFF4  F00F         	goto	u3590
  3647   001FE4                     u3591:
  3648   001FE4  EF08  F010         	goto	l3994
  3649   001FE8                     u3590:
  3650   001FE8                     
  3651                           ; BSR set to: 0
  3652                           ;Control.c: 86:                 if (Channel_Heater == 0) Set_Rele(2,0);
  3653   001FE8  5056               	movf	_Channel_Heater^0,w,c
  3654   001FEA  A4D8               	btfss	status,2,c
  3655   001FEC  EFFA  F00F         	goto	u3601
  3656   001FF0  EFFC  F00F         	goto	u3600
  3657   001FF4                     u3601:
  3658   001FF4  EF03  F010         	goto	l3992
  3659   001FF8                     u3600:
  3660   001FF8                     
  3661                           ; BSR set to: 0
  3662   001FF8  0E00               	movlw	0
  3663   001FFA  6E04               	movwf	Set_Rele@Valor^0,c
  3664   001FFC  0E02               	movlw	2
  3665   001FFE  EC89  F00C         	call	_Set_Rele
  3666   002002  EF08  F010         	goto	l3994
  3667   002006                     l3992:
  3668                           
  3669                           ; BSR set to: 0
  3670   002006  0E00               	movlw	0
  3671   002008  6E04               	movwf	Set_Rele@Valor^0,c
  3672   00200A  0E03               	movlw	3
  3673   00200C  EC89  F00C         	call	_Set_Rele
  3674   002010                     l3994:
  3675                           
  3676                           ;Control.c: 89:             Tiempo_Heater = 0;
  3677   002010  0100               	movlb	0	; () banked
  3678   002012  6BC1               	clrf	_Tiempo_Heater& (0+255),b
  3679   002014                     l768:
  3680   002014  0012               	return		;funcret
  3681   002016                     __end_of_Proceso_Heater:
  3682                           	callstack 0
  3683                           
  3684 ;; *************** function _Proceso_Arranque *****************
  3685 ;; Defined at:
  3686 ;;		line 41 in file "Control.c"
  3687 ;; Parameters:    Size  Location     Type
  3688 ;;		None
  3689 ;; Auto vars:     Size  Location     Type
  3690 ;;		None
  3691 ;; Return value:  Size  Location     Type
  3692 ;;                  1    wreg      void 
  3693 ;; Registers used:
  3694 ;;		wreg, fsr2l, fsr2h, status,2, status,0, prodl, prodh, cstack
  3695 ;; Tracked objects:
  3696 ;;		On entry : 0/0
  3697 ;;		On exit  : 0/0
  3698 ;;		Unchanged: 0/0
  3699 ;; Data sizes:     COMRAM   BANK0   BANK1   BANK2   BANK3   BANK4   BANK5   BANK6   BANK7
  3700 ;;      Params:         0       0       0       0       0       0       0       0       0
  3701 ;;      Locals:         0       0       0       0       0       0       0       0       0
  3702 ;;      Temps:          0       0       0       0       0       0       0       0       0
  3703 ;;      Totals:         0       0       0       0       0       0       0       0       0
  3704 ;;Total ram usage:        0 bytes
  3705 ;; Hardware stack levels used: 1
  3706 ;; Hardware stack levels required when called: 5
  3707 ;; This function calls:
  3708 ;;		_Armado_Cerrado
  3709 ;;		_Eeprom_Escribir
  3710 ;;		_Eeprom_Leer
  3711 ;;		_Get_Channel_Heater
  3712 ;;		_Get_Tiempo_Damper
  3713 ;;		_Get_Tiempo_Iny_Gas
  3714 ;;		_Get_Tiempo_Iny_Liquido
  3715 ;;		_Set_Channel_Heater
  3716 ;;		_Set_Tiempo_Damper
  3717 ;;		_Set_Tiempo_Iny_Gas
  3718 ;;		_Set_Tiempo_Iny_Liquido
  3719 ;; This function is called by:
  3720 ;;		_main
  3721 ;; This function uses a non-reentrant model
  3722 ;;
  3723                           
  3724                           	psect	text8
  3725   001ED0                     __ptext8:
  3726                           	callstack 0
  3727   001ED0                     _Proceso_Arranque:
  3728                           	callstack 25
  3729   001ED0                     
  3730                           ;Control.c: 42:     if (Arranque_Flag == 0) {
  3731   001ED0  5057               	movf	_Arranque_Flag^0,w,c
  3732   001ED2  A4D8               	btfss	status,2,c
  3733   001ED4  EF6E  F00F         	goto	u3531
  3734   001ED8  EF70  F00F         	goto	u3530
  3735   001EDC                     u3531:
  3736   001EDC  EFBA  F00F         	goto	l753
  3737   001EE0                     u3530:
  3738   001EE0                     
  3739                           ;Control.c: 43:         Arranque_Count++;
  3740   001EE0  0100               	movlb	0	; () banked
  3741   001EE2  2BC5               	incf	_Arranque_Count& (0+255),f,b
  3742   001EE4                     
  3743                           ; BSR set to: 0
  3744                           ;Control.c: 44:         if (Arranque_Count >= 200) {
  3745   001EE4  0EC7               	movlw	199
  3746   001EE6  65C5               	cpfsgt	_Arranque_Count& (0+255),b
  3747   001EE8  EF78  F00F         	goto	u3541
  3748   001EEC  EF7A  F00F         	goto	u3540
  3749   001EF0                     u3541:
  3750   001EF0  EFBA  F00F         	goto	l753
  3751   001EF4                     u3540:
  3752   001EF4                     
  3753                           ; BSR set to: 0
  3754                           ;Control.c: 46:             if (Eeprom_Leer(1) == 0x10) {
  3755   001EF4  0E01               	movlw	1
  3756   001EF6  EC1F  F013         	call	_Eeprom_Leer
  3757   001EFA  0A10               	xorlw	16
  3758   001EFC  A4D8               	btfss	status,2,c
  3759   001EFE  EF83  F00F         	goto	u3551
  3760   001F02  EF85  F00F         	goto	u3550
  3761   001F06                     u3551:
  3762   001F06  EF9C  F00F         	goto	l3962
  3763   001F0A                     u3550:
  3764   001F0A                     
  3765                           ;Control.c: 47:                 Set_Channel_Heater(0);
  3766   001F0A  0E00               	movlw	0
  3767   001F0C  ECA6  F013         	call	_Set_Channel_Heater
  3768                           
  3769                           ;Control.c: 48:                 Set_Tiempo_Damper(30000);
  3770   001F10  0E75               	movlw	117
  3771   001F12  6E09               	movwf	(Set_Tiempo_Damper@Dato+1)^0,c
  3772   001F14  0E30               	movlw	48
  3773   001F16  6E08               	movwf	Set_Tiempo_Damper@Dato^0,c
  3774   001F18  EC10  F013         	call	_Set_Tiempo_Damper	;wreg free
  3775                           
  3776                           ;Control.c: 49:                 Set_Tiempo_Iny_Gas(2000);
  3777   001F1C  0E07               	movlw	7
  3778   001F1E  6E09               	movwf	(Set_Tiempo_Iny_Gas@Dato+1)^0,c
  3779   001F20  0ED0               	movlw	208
  3780   001F22  6E08               	movwf	Set_Tiempo_Iny_Gas@Dato^0,c
  3781   001F24  EC01  F013         	call	_Set_Tiempo_Iny_Gas	;wreg free
  3782                           
  3783                           ;Control.c: 50:                 Set_Tiempo_Iny_Liquido(1200);
  3784   001F28  0E04               	movlw	4
  3785   001F2A  6E09               	movwf	(Set_Tiempo_Iny_Liquido@Dato+1)^0,c
  3786   001F2C  0EB0               	movlw	176
  3787   001F2E  6E08               	movwf	Set_Tiempo_Iny_Liquido@Dato^0,c
  3788   001F30  ECF2  F012         	call	_Set_Tiempo_Iny_Liquido	;wreg free
  3789                           
  3790                           ;Control.c: 51:             } else {
  3791   001F34  EFB6  F00F         	goto	l3972
  3792   001F38                     l3962:
  3793                           
  3794                           ;Control.c: 52:                 Channel_Heater = Get_Channel_Heater();
  3795   001F38  ECB7  F013         	call	_Get_Channel_Heater	;wreg free
  3796   001F3C  6E56               	movwf	_Channel_Heater^0,c
  3797   001F3E                     
  3798                           ;Control.c: 53:                 Tiempo_Damper = Get_Tiempo_Damper();
  3799   001F3E  ECB5  F012         	call	_Get_Tiempo_Damper	;wreg free
  3800   001F42  C005  F0AA         	movff	?_Get_Tiempo_Damper,_Tiempo_Damper
  3801   001F46  C006  F0AB         	movff	?_Get_Tiempo_Damper+1,_Tiempo_Damper+1
  3802   001F4A                     
  3803                           ;Control.c: 54:                 Tiempo_Iny_Liquido = Get_Tiempo_Iny_Liquido();
  3804   001F4A  EC89  F012         	call	_Get_Tiempo_Iny_Liquido	;wreg free
  3805   001F4E  C005  F054         	movff	?_Get_Tiempo_Iny_Liquido,_Tiempo_Iny_Liquido
  3806   001F52  C006  F055         	movff	?_Get_Tiempo_Iny_Liquido+1,_Tiempo_Iny_Liquido+1
  3807   001F56                     
  3808                           ;Control.c: 55:                 Tiempo_Iny_Gas = Get_Tiempo_Iny_Gas();
  3809   001F56  EC9F  F012         	call	_Get_Tiempo_Iny_Gas	;wreg free
  3810   001F5A  C005  F052         	movff	?_Get_Tiempo_Iny_Gas,_Tiempo_Iny_Gas
  3811   001F5E  C006  F053         	movff	?_Get_Tiempo_Iny_Gas+1,_Tiempo_Iny_Gas+1
  3812   001F62                     
  3813                           ;Control.c: 56:                 Eeprom_Escribir(1, 0x10);
  3814   001F62  0E10               	movlw	16
  3815   001F64  6E05               	movwf	Eeprom_Escribir@dato^0,c
  3816   001F66  0E01               	movlw	1
  3817   001F68  EC8E  F010         	call	_Eeprom_Escribir
  3818   001F6C                     l3972:
  3819                           
  3820                           ;Control.c: 58:             Armado_Cerrado();
  3821   001F6C  ECFD  F00A         	call	_Armado_Cerrado	;wreg free
  3822   001F70                     
  3823                           ;Control.c: 59:             Arranque_Flag = 1;
  3824   001F70  0E01               	movlw	1
  3825   001F72  6E57               	movwf	_Arranque_Flag^0,c
  3826   001F74                     l753:
  3827   001F74  0012               	return		;funcret
  3828   001F76                     __end_of_Proceso_Arranque:
  3829                           	callstack 0
  3830                           
  3831 ;; *************** function _Set_Tiempo_Iny_Liquido *****************
  3832 ;; Defined at:
  3833 ;;		line 219 in file "Control.c"
  3834 ;; Parameters:    Size  Location     Type
  3835 ;;  Dato            2    7[COMRAM] unsigned short 
  3836 ;; Auto vars:     Size  Location     Type
  3837 ;;		None
  3838 ;; Return value:  Size  Location     Type
  3839 ;;                  1    wreg      void 
  3840 ;; Registers used:
  3841 ;;		wreg, status,2, cstack
  3842 ;; Tracked objects:
  3843 ;;		On entry : 0/0
  3844 ;;		On exit  : 0/0
  3845 ;;		Unchanged: 0/0
  3846 ;; Data sizes:     COMRAM   BANK0   BANK1   BANK2   BANK3   BANK4   BANK5   BANK6   BANK7
  3847 ;;      Params:         2       0       0       0       0       0       0       0       0
  3848 ;;      Locals:         0       0       0       0       0       0       0       0       0
  3849 ;;      Temps:          0       0       0       0       0       0       0       0       0
  3850 ;;      Totals:         2       0       0       0       0       0       0       0       0
  3851 ;;Total ram usage:        2 bytes
  3852 ;; Hardware stack levels used: 1
  3853 ;; Hardware stack levels required when called: 4
  3854 ;; This function calls:
  3855 ;;		_Eeprom_Escribir
  3856 ;; This function is called by:
  3857 ;;		_Proceso_Arranque
  3858 ;; This function uses a non-reentrant model
  3859 ;;
  3860                           
  3861                           	psect	text9
  3862   0025E4                     __ptext9:
  3863                           	callstack 0
  3864   0025E4                     _Set_Tiempo_Iny_Liquido:
  3865                           	callstack 25
  3866   0025E4                     
  3867                           ;Control.c: 220:     Eeprom_Escribir(0x13,(uint8_t)(Dato >> 8));
  3868   0025E4  5009               	movf	(Set_Tiempo_Iny_Liquido@Dato+1)^0,w,c
  3869   0025E6  6E05               	movwf	Eeprom_Escribir@dato^0,c
  3870   0025E8  0E13               	movlw	19
  3871   0025EA  EC8E  F010         	call	_Eeprom_Escribir
  3872                           
  3873                           ;Control.c: 221:     Eeprom_Escribir(0x14,(uint8_t)(Dato & 0xFF));
  3874   0025EE  C008  F005         	movff	Set_Tiempo_Iny_Liquido@Dato,Eeprom_Escribir@dato
  3875   0025F2  0E14               	movlw	20
  3876   0025F4  EC8E  F010         	call	_Eeprom_Escribir
  3877   0025F8                     
  3878                           ;Control.c: 222:     Tiempo_Iny_Liquido = Dato;
  3879   0025F8  C008  F054         	movff	Set_Tiempo_Iny_Liquido@Dato,_Tiempo_Iny_Liquido
  3880   0025FC  C009  F055         	movff	Set_Tiempo_Iny_Liquido@Dato+1,_Tiempo_Iny_Liquido+1
  3881   002600  0012               	return		;funcret
  3882   002602                     __end_of_Set_Tiempo_Iny_Liquido:
  3883                           	callstack 0
  3884                           
  3885 ;; *************** function _Set_Tiempo_Iny_Gas *****************
  3886 ;; Defined at:
  3887 ;;		line 225 in file "Control.c"
  3888 ;; Parameters:    Size  Location     Type
  3889 ;;  Dato            2    7[COMRAM] unsigned short 
  3890 ;; Auto vars:     Size  Location     Type
  3891 ;;		None
  3892 ;; Return value:  Size  Location     Type
  3893 ;;                  1    wreg      void 
  3894 ;; Registers used:
  3895 ;;		wreg, status,2, cstack
  3896 ;; Tracked objects:
  3897 ;;		On entry : 0/0
  3898 ;;		On exit  : 0/0
  3899 ;;		Unchanged: 0/0
  3900 ;; Data sizes:     COMRAM   BANK0   BANK1   BANK2   BANK3   BANK4   BANK5   BANK6   BANK7
  3901 ;;      Params:         2       0       0       0       0       0       0       0       0
  3902 ;;      Locals:         0       0       0       0       0       0       0       0       0
  3903 ;;      Temps:          0       0       0       0       0       0       0       0       0
  3904 ;;      Totals:         2       0       0       0       0       0       0       0       0
  3905 ;;Total ram usage:        2 bytes
  3906 ;; Hardware stack levels used: 1
  3907 ;; Hardware stack levels required when called: 4
  3908 ;; This function calls:
  3909 ;;		_Eeprom_Escribir
  3910 ;; This function is called by:
  3911 ;;		_Proceso_Arranque
  3912 ;; This function uses a non-reentrant model
  3913 ;;
  3914                           
  3915                           	psect	text10
  3916   002602                     __ptext10:
  3917                           	callstack 0
  3918   002602                     _Set_Tiempo_Iny_Gas:
  3919                           	callstack 25
  3920   002602                     
  3921                           ;Control.c: 226:     Eeprom_Escribir(0x15,(uint8_t)(Dato >> 8));
  3922   002602  5009               	movf	(Set_Tiempo_Iny_Gas@Dato+1)^0,w,c
  3923   002604  6E05               	movwf	Eeprom_Escribir@dato^0,c
  3924   002606  0E15               	movlw	21
  3925   002608  EC8E  F010         	call	_Eeprom_Escribir
  3926                           
  3927                           ;Control.c: 227:     Eeprom_Escribir(0x16,(uint8_t)(Dato & 0xFF));
  3928   00260C  C008  F005         	movff	Set_Tiempo_Iny_Gas@Dato,Eeprom_Escribir@dato
  3929   002610  0E16               	movlw	22
  3930   002612  EC8E  F010         	call	_Eeprom_Escribir
  3931   002616                     
  3932                           ;Control.c: 228:     Tiempo_Iny_Gas = Dato;
  3933   002616  C008  F052         	movff	Set_Tiempo_Iny_Gas@Dato,_Tiempo_Iny_Gas
  3934   00261A  C009  F053         	movff	Set_Tiempo_Iny_Gas@Dato+1,_Tiempo_Iny_Gas+1
  3935   00261E  0012               	return		;funcret
  3936   002620                     __end_of_Set_Tiempo_Iny_Gas:
  3937                           	callstack 0
  3938                           
  3939 ;; *************** function _Set_Tiempo_Damper *****************
  3940 ;; Defined at:
  3941 ;;		line 213 in file "Control.c"
  3942 ;; Parameters:    Size  Location     Type
  3943 ;;  Dato            2    7[COMRAM] unsigned short 
  3944 ;; Auto vars:     Size  Location     Type
  3945 ;;		None
  3946 ;; Return value:  Size  Location     Type
  3947 ;;                  1    wreg      void 
  3948 ;; Registers used:
  3949 ;;		wreg, status,2, cstack
  3950 ;; Tracked objects:
  3951 ;;		On entry : 0/0
  3952 ;;		On exit  : 0/0
  3953 ;;		Unchanged: 0/0
  3954 ;; Data sizes:     COMRAM   BANK0   BANK1   BANK2   BANK3   BANK4   BANK5   BANK6   BANK7
  3955 ;;      Params:         2       0       0       0       0       0       0       0       0
  3956 ;;      Locals:         0       0       0       0       0       0       0       0       0
  3957 ;;      Temps:          0       0       0       0       0       0       0       0       0
  3958 ;;      Totals:         2       0       0       0       0       0       0       0       0
  3959 ;;Total ram usage:        2 bytes
  3960 ;; Hardware stack levels used: 1
  3961 ;; Hardware stack levels required when called: 4
  3962 ;; This function calls:
  3963 ;;		_Eeprom_Escribir
  3964 ;; This function is called by:
  3965 ;;		_Proceso_Arranque
  3966 ;; This function uses a non-reentrant model
  3967 ;;
  3968                           
  3969                           	psect	text11
  3970   002620                     __ptext11:
  3971                           	callstack 0
  3972   002620                     _Set_Tiempo_Damper:
  3973                           	callstack 25
  3974   002620                     
  3975                           ;Control.c: 214:     Eeprom_Escribir(0x11,(uint8_t)(Dato >> 8));
  3976   002620  5009               	movf	(Set_Tiempo_Damper@Dato+1)^0,w,c
  3977   002622  6E05               	movwf	Eeprom_Escribir@dato^0,c
  3978   002624  0E11               	movlw	17
  3979   002626  EC8E  F010         	call	_Eeprom_Escribir
  3980                           
  3981                           ;Control.c: 215:     Eeprom_Escribir(0x12,(uint8_t)(Dato & 0xFF));
  3982   00262A  C008  F005         	movff	Set_Tiempo_Damper@Dato,Eeprom_Escribir@dato
  3983   00262E  0E12               	movlw	18
  3984   002630  EC8E  F010         	call	_Eeprom_Escribir
  3985   002634                     
  3986                           ;Control.c: 216:     Tiempo_Damper = Dato;
  3987   002634  C008  F0AA         	movff	Set_Tiempo_Damper@Dato,_Tiempo_Damper
  3988   002638  C009  F0AB         	movff	Set_Tiempo_Damper@Dato+1,_Tiempo_Damper+1
  3989   00263C  0012               	return		;funcret
  3990   00263E                     __end_of_Set_Tiempo_Damper:
  3991                           	callstack 0
  3992                           
  3993 ;; *************** function _Set_Channel_Heater *****************
  3994 ;; Defined at:
  3995 ;;		line 208 in file "Control.c"
  3996 ;; Parameters:    Size  Location     Type
  3997 ;;  Dato            1    wreg     unsigned char 
  3998 ;; Auto vars:     Size  Location     Type
  3999 ;;  Dato            1    7[COMRAM] unsigned char 
  4000 ;; Return value:  Size  Location     Type
  4001 ;;                  1    wreg      void 
  4002 ;; Registers used:
  4003 ;;		wreg, status,2, cstack
  4004 ;; Tracked objects:
  4005 ;;		On entry : 0/0
  4006 ;;		On exit  : 0/0
  4007 ;;		Unchanged: 0/0
  4008 ;; Data sizes:     COMRAM   BANK0   BANK1   BANK2   BANK3   BANK4   BANK5   BANK6   BANK7
  4009 ;;      Params:         0       0       0       0       0       0       0       0       0
  4010 ;;      Locals:         1       0       0       0       0       0       0       0       0
  4011 ;;      Temps:          0       0       0       0       0       0       0       0       0
  4012 ;;      Totals:         1       0       0       0       0       0       0       0       0
  4013 ;;Total ram usage:        1 bytes
  4014 ;; Hardware stack levels used: 1
  4015 ;; Hardware stack levels required when called: 4
  4016 ;; This function calls:
  4017 ;;		_Eeprom_Escribir
  4018 ;; This function is called by:
  4019 ;;		_Proceso_Arranque
  4020 ;; This function uses a non-reentrant model
  4021 ;;
  4022                           
  4023                           	psect	text12
  4024   00274C                     __ptext12:
  4025                           	callstack 0
  4026   00274C                     _Set_Channel_Heater:
  4027                           	callstack 25
  4028                           
  4029                           ;incstack = 0
  4030                           ;Set_Channel_Heater@Dato stored from wreg
  4031   00274C  6E08               	movwf	Set_Channel_Heater@Dato^0,c
  4032   00274E                     
  4033                           ;Control.c: 209:     Eeprom_Escribir(0x10,Dato);
  4034   00274E  C008  F005         	movff	Set_Channel_Heater@Dato,Eeprom_Escribir@dato
  4035   002752  0E10               	movlw	16
  4036   002754  EC8E  F010         	call	_Eeprom_Escribir
  4037   002758                     
  4038                           ;Control.c: 210:     Channel_Heater = Dato;
  4039   002758  C008  F056         	movff	Set_Channel_Heater@Dato,_Channel_Heater
  4040   00275C  0012               	return		;funcret
  4041   00275E                     __end_of_Set_Channel_Heater:
  4042                           	callstack 0
  4043                           
  4044 ;; *************** function _Eeprom_Escribir *****************
  4045 ;; Defined at:
  4046 ;;		line 154 in file "Control.c"
  4047 ;; Parameters:    Size  Location     Type
  4048 ;;  dir             1    wreg     unsigned char 
  4049 ;;  dato            1    4[COMRAM] unsigned char 
  4050 ;; Auto vars:     Size  Location     Type
  4051 ;;  dir             1    6[COMRAM] unsigned char 
  4052 ;;  gie             1    5[COMRAM] unsigned char 
  4053 ;; Return value:  Size  Location     Type
  4054 ;;                  1    wreg      void 
  4055 ;; Registers used:
  4056 ;;		wreg, status,2, cstack
  4057 ;; Tracked objects:
  4058 ;;		On entry : 0/0
  4059 ;;		On exit  : 0/0
  4060 ;;		Unchanged: 0/0
  4061 ;; Data sizes:     COMRAM   BANK0   BANK1   BANK2   BANK3   BANK4   BANK5   BANK6   BANK7
  4062 ;;      Params:         1       0       0       0       0       0       0       0       0
  4063 ;;      Locals:         2       0       0       0       0       0       0       0       0
  4064 ;;      Temps:          0       0       0       0       0       0       0       0       0
  4065 ;;      Totals:         3       0       0       0       0       0       0       0       0
  4066 ;;Total ram usage:        3 bytes
  4067 ;; Hardware stack levels used: 1
  4068 ;; Hardware stack levels required when called: 3
  4069 ;; This function calls:
  4070 ;;		_Eeprom_Leer
  4071 ;; This function is called by:
  4072 ;;		_Proceso_Arranque
  4073 ;;		_Set_Channel_Heater
  4074 ;;		_Set_Tiempo_Damper
  4075 ;;		_Set_Tiempo_Iny_Liquido
  4076 ;;		_Set_Tiempo_Iny_Gas
  4077 ;; This function uses a non-reentrant model
  4078 ;;
  4079                           
  4080                           	psect	text13
  4081   00211C                     __ptext13:
  4082                           	callstack 0
  4083   00211C                     _Eeprom_Escribir:
  4084                           	callstack 25
  4085                           
  4086                           ;incstack = 0
  4087                           ;Eeprom_Escribir@dir stored from wreg
  4088   00211C  6E07               	movwf	Eeprom_Escribir@dir^0,c
  4089   00211E                     
  4090                           ;Control.c: 155:     if (Eeprom_Leer(dir) == dato) return;
  4091   00211E  5007               	movf	Eeprom_Escribir@dir^0,w,c
  4092   002120  EC1F  F013         	call	_Eeprom_Leer
  4093   002124  1805               	xorwf	Eeprom_Escribir@dato^0,w,c
  4094   002126  A4D8               	btfss	status,2,c
  4095   002128  EF98  F010         	goto	u2891
  4096   00212C  EF9A  F010         	goto	u2890
  4097   002130                     u2891:
  4098   002130  EF9C  F010         	goto	l807
  4099   002134                     u2890:
  4100   002134  EFC3  F010         	goto	l808
  4101   002138                     l807:
  4102                           
  4103                           ;Control.c: 156:     EEADR = dir;
  4104   002138  C007  FFA9         	movff	Eeprom_Escribir@dir,4009	;volatile
  4105                           
  4106                           ;Control.c: 157:     EEDATA = dato;
  4107   00213C  C005  FFA8         	movff	Eeprom_Escribir@dato,4008	;volatile
  4108                           
  4109                           ;Control.c: 158:     EECON1bits.EEPGD = 0;
  4110   002140  9EA6               	bcf	166,7,c	;volsfr
  4111                           
  4112                           ;Control.c: 159:     EECON1bits.CFGS = 0;
  4113   002142  9CA6               	bcf	166,6,c	;volsfr
  4114                           
  4115                           ;Control.c: 160:     EECON1bits.WRERR = 0;
  4116   002144  96A6               	bcf	166,3,c	;volsfr
  4117                           
  4118                           ;Control.c: 161:     EECON1bits.WREN = 1;
  4119   002146  84A6               	bsf	166,2,c	;volsfr
  4120   002148                     
  4121                           ;Control.c: 162:     uint8_t gie = INTCONbits.GIE;
  4122   002148  0E00               	movlw	0
  4123   00214A  BEF2               	btfsc	242,7,c	;volatile
  4124   00214C  0E01               	movlw	1
  4125   00214E  6E06               	movwf	Eeprom_Escribir@gie^0,c
  4126   002150                     
  4127                           ;Control.c: 163:     INTCONbits.GIE = 0;
  4128   002150  9EF2               	bcf	242,7,c	;volatile
  4129   002152                     
  4130                           ;Control.c: 164:     EECON2 = 0x55;
  4131   002152  0E55               	movlw	85
  4132   002154  6EA7               	movwf	167,c	;volsfr
  4133   002156                     
  4134                           ;Control.c: 165:     EECON2 = 0xAA;
  4135   002156  0EAA               	movlw	170
  4136   002158  6EA7               	movwf	167,c	;volsfr
  4137   00215A                     
  4138                           ;Control.c: 166:     EECON1bits.WR = 1;
  4139   00215A  82A6               	bsf	166,1,c	;volsfr
  4140   00215C                     
  4141                           ;Control.c: 167:     if (gie)
  4142   00215C  5006               	movf	Eeprom_Escribir@gie^0,w,c
  4143   00215E  B4D8               	btfsc	status,2,c
  4144   002160  EFB4  F010         	goto	u2901
  4145   002164  EFB6  F010         	goto	u2900
  4146   002168                     u2901:
  4147   002168  EFBA  F010         	goto	l810
  4148   00216C                     u2900:
  4149   00216C                     
  4150                           ;Control.c: 168:         INTCONbits.GIE = 1;
  4151   00216C  8EF2               	bsf	242,7,c	;volatile
  4152   00216E  EFBA  F010         	goto	l810
  4153   002172                     l811:
  4154   002172  0004               	clrwdt		;# 
  4155   002174                     l810:
  4156                           
  4157                           ;Control.c: 169:     while (EECON1bits.WR)
  4158   002174  B2A6               	btfsc	166,1,c	;volsfr
  4159   002176  EFBF  F010         	goto	u2911
  4160   00217A  EFC1  F010         	goto	u2910
  4161   00217E                     u2911:
  4162   00217E  EFB9  F010         	goto	l811
  4163   002182                     u2910:
  4164   002182                     
  4165                           ;Control.c: 171:     EECON1bits.WREN = 0;
  4166   002182  94A6               	bcf	166,2,c	;volsfr
  4167                           
  4168                           ;Control.c: 172:     PIR2bits.EEIF = 0;
  4169   002184  98A1               	bcf	161,4,c	;volatile
  4170   002186                     l808:
  4171   002186  0012               	return		;funcret
  4172   002188                     __end_of_Eeprom_Escribir:
  4173                           	callstack 0
  4174                           
  4175 ;; *************** function _Get_Tiempo_Iny_Liquido *****************
  4176 ;; Defined at:
  4177 ;;		line 196 in file "Control.c"
  4178 ;; Parameters:    Size  Location     Type
  4179 ;;		None
  4180 ;; Auto vars:     Size  Location     Type
  4181 ;;  Dato            2    9[COMRAM] unsigned short 
  4182 ;; Return value:  Size  Location     Type
  4183 ;;                  2    4[COMRAM] unsigned short 
  4184 ;; Registers used:
  4185 ;;		wreg, status,2, status,0, cstack
  4186 ;; Tracked objects:
  4187 ;;		On entry : 0/0
  4188 ;;		On exit  : 0/0
  4189 ;;		Unchanged: 0/0
  4190 ;; Data sizes:     COMRAM   BANK0   BANK1   BANK2   BANK3   BANK4   BANK5   BANK6   BANK7
  4191 ;;      Params:         2       0       0       0       0       0       0       0       0
  4192 ;;      Locals:         2       0       0       0       0       0       0       0       0
  4193 ;;      Temps:          3       0       0       0       0       0       0       0       0
  4194 ;;      Totals:         7       0       0       0       0       0       0       0       0
  4195 ;;Total ram usage:        7 bytes
  4196 ;; Hardware stack levels used: 1
  4197 ;; Hardware stack levels required when called: 3
  4198 ;; This function calls:
  4199 ;;		_Eeprom_Leer
  4200 ;; This function is called by:
  4201 ;;		_Proceso_Arranque
  4202 ;; This function uses a non-reentrant model
  4203 ;;
  4204                           
  4205                           	psect	text14
  4206   002512                     __ptext14:
  4207                           	callstack 0
  4208   002512                     _Get_Tiempo_Iny_Liquido:
  4209                           	callstack 26
  4210   002512                     
  4211                           ;Control.c: 197:     uint16_t Dato = Eeprom_Leer(0x13);
  4212   002512  0E13               	movlw	19
  4213   002514  EC1F  F013         	call	_Eeprom_Leer
  4214   002518  6E07               	movwf	??_Get_Tiempo_Iny_Liquido^0,c
  4215   00251A  5007               	movf	??_Get_Tiempo_Iny_Liquido^0,w,c
  4216   00251C  6E0A               	movwf	Get_Tiempo_Iny_Liquido@Dato^0,c
  4217   00251E  6A0B               	clrf	(Get_Tiempo_Iny_Liquido@Dato+1)^0,c
  4218                           
  4219                           ;Control.c: 198:     Dato = (Dato << 8) | Eeprom_Leer(0x14);
  4220   002520  0E14               	movlw	20
  4221   002522  EC1F  F013         	call	_Eeprom_Leer
  4222   002526  6E07               	movwf	??_Get_Tiempo_Iny_Liquido^0,c
  4223   002528  500A               	movf	Get_Tiempo_Iny_Liquido@Dato^0,w,c
  4224   00252A  6E08               	movwf	(??_Get_Tiempo_Iny_Liquido+1)^0,c
  4225   00252C  5007               	movf	??_Get_Tiempo_Iny_Liquido^0,w,c
  4226   00252E  6E0A               	movwf	Get_Tiempo_Iny_Liquido@Dato^0,c
  4227   002530  C008  F00B         	movff	??_Get_Tiempo_Iny_Liquido+1,Get_Tiempo_Iny_Liquido@Dato+1
  4228   002534                     
  4229                           ;Control.c: 199:     return Dato;
  4230   002534  C00A  F005         	movff	Get_Tiempo_Iny_Liquido@Dato,?_Get_Tiempo_Iny_Liquido
  4231   002538  C00B  F006         	movff	Get_Tiempo_Iny_Liquido@Dato+1,?_Get_Tiempo_Iny_Liquido+1
  4232   00253C  0012               	return		;funcret
  4233   00253E                     __end_of_Get_Tiempo_Iny_Liquido:
  4234                           	callstack 0
  4235                           
  4236 ;; *************** function _Get_Tiempo_Iny_Gas *****************
  4237 ;; Defined at:
  4238 ;;		line 202 in file "Control.c"
  4239 ;; Parameters:    Size  Location     Type
  4240 ;;		None
  4241 ;; Auto vars:     Size  Location     Type
  4242 ;;  Dato            2    9[COMRAM] unsigned short 
  4243 ;; Return value:  Size  Location     Type
  4244 ;;                  2    4[COMRAM] unsigned short 
  4245 ;; Registers used:
  4246 ;;		wreg, status,2, status,0, cstack
  4247 ;; Tracked objects:
  4248 ;;		On entry : 0/0
  4249 ;;		On exit  : 0/0
  4250 ;;		Unchanged: 0/0
  4251 ;; Data sizes:     COMRAM   BANK0   BANK1   BANK2   BANK3   BANK4   BANK5   BANK6   BANK7
  4252 ;;      Params:         2       0       0       0       0       0       0       0       0
  4253 ;;      Locals:         2       0       0       0       0       0       0       0       0
  4254 ;;      Temps:          3       0       0       0       0       0       0       0       0
  4255 ;;      Totals:         7       0       0       0       0       0       0       0       0
  4256 ;;Total ram usage:        7 bytes
  4257 ;; Hardware stack levels used: 1
  4258 ;; Hardware stack levels required when called: 3
  4259 ;; This function calls:
  4260 ;;		_Eeprom_Leer
  4261 ;; This function is called by:
  4262 ;;		_Proceso_Arranque
  4263 ;; This function uses a non-reentrant model
  4264 ;;
  4265                           
  4266                           	psect	text15
  4267   00253E                     __ptext15:
  4268                           	callstack 0
  4269   00253E                     _Get_Tiempo_Iny_Gas:
  4270                           	callstack 26
  4271   00253E                     
  4272                           ;Control.c: 203:     uint16_t Dato = Eeprom_Leer(0x15);
  4273   00253E  0E15               	movlw	21
  4274   002540  EC1F  F013         	call	_Eeprom_Leer
  4275   002544  6E07               	movwf	??_Get_Tiempo_Iny_Gas^0,c
  4276   002546  5007               	movf	??_Get_Tiempo_Iny_Gas^0,w,c
  4277   002548  6E0A               	movwf	Get_Tiempo_Iny_Gas@Dato^0,c
  4278   00254A  6A0B               	clrf	(Get_Tiempo_Iny_Gas@Dato+1)^0,c
  4279                           
  4280                           ;Control.c: 204:     Dato = (Dato << 8) | Eeprom_Leer(0x16);
  4281   00254C  0E16               	movlw	22
  4282   00254E  EC1F  F013         	call	_Eeprom_Leer
  4283   002552  6E07               	movwf	??_Get_Tiempo_Iny_Gas^0,c
  4284   002554  500A               	movf	Get_Tiempo_Iny_Gas@Dato^0,w,c
  4285   002556  6E08               	movwf	(??_Get_Tiempo_Iny_Gas+1)^0,c
  4286   002558  5007               	movf	??_Get_Tiempo_Iny_Gas^0,w,c
  4287   00255A  6E0A               	movwf	Get_Tiempo_Iny_Gas@Dato^0,c
  4288   00255C  C008  F00B         	movff	??_Get_Tiempo_Iny_Gas+1,Get_Tiempo_Iny_Gas@Dato+1
  4289   002560                     
  4290                           ;Control.c: 205:     return Dato;
  4291   002560  C00A  F005         	movff	Get_Tiempo_Iny_Gas@Dato,?_Get_Tiempo_Iny_Gas
  4292   002564  C00B  F006         	movff	Get_Tiempo_Iny_Gas@Dato+1,?_Get_Tiempo_Iny_Gas+1
  4293   002568  0012               	return		;funcret
  4294   00256A                     __end_of_Get_Tiempo_Iny_Gas:
  4295                           	callstack 0
  4296                           
  4297 ;; *************** function _Get_Tiempo_Damper *****************
  4298 ;; Defined at:
  4299 ;;		line 190 in file "Control.c"
  4300 ;; Parameters:    Size  Location     Type
  4301 ;;		None
  4302 ;; Auto vars:     Size  Location     Type
  4303 ;;  Dato            2    9[COMRAM] unsigned short 
  4304 ;; Return value:  Size  Location     Type
  4305 ;;                  2    4[COMRAM] unsigned short 
  4306 ;; Registers used:
  4307 ;;		wreg, status,2, status,0, cstack
  4308 ;; Tracked objects:
  4309 ;;		On entry : 0/0
  4310 ;;		On exit  : 0/0
  4311 ;;		Unchanged: 0/0
  4312 ;; Data sizes:     COMRAM   BANK0   BANK1   BANK2   BANK3   BANK4   BANK5   BANK6   BANK7
  4313 ;;      Params:         2       0       0       0       0       0       0       0       0
  4314 ;;      Locals:         2       0       0       0       0       0       0       0       0
  4315 ;;      Temps:          3       0       0       0       0       0       0       0       0
  4316 ;;      Totals:         7       0       0       0       0       0       0       0       0
  4317 ;;Total ram usage:        7 bytes
  4318 ;; Hardware stack levels used: 1
  4319 ;; Hardware stack levels required when called: 3
  4320 ;; This function calls:
  4321 ;;		_Eeprom_Leer
  4322 ;; This function is called by:
  4323 ;;		_Proceso_Arranque
  4324 ;; This function uses a non-reentrant model
  4325 ;;
  4326                           
  4327                           	psect	text16
  4328   00256A                     __ptext16:
  4329                           	callstack 0
  4330   00256A                     _Get_Tiempo_Damper:
  4331                           	callstack 26
  4332   00256A                     
  4333                           ;Control.c: 191:     uint16_t Dato = Eeprom_Leer(0x11);
  4334   00256A  0E11               	movlw	17
  4335   00256C  EC1F  F013         	call	_Eeprom_Leer
  4336   002570  6E07               	movwf	??_Get_Tiempo_Damper^0,c
  4337   002572  5007               	movf	??_Get_Tiempo_Damper^0,w,c
  4338   002574  6E0A               	movwf	Get_Tiempo_Damper@Dato^0,c
  4339   002576  6A0B               	clrf	(Get_Tiempo_Damper@Dato+1)^0,c
  4340                           
  4341                           ;Control.c: 192:     Dato = (Dato << 8) | Eeprom_Leer(0x12);
  4342   002578  0E12               	movlw	18
  4343   00257A  EC1F  F013         	call	_Eeprom_Leer
  4344   00257E  6E07               	movwf	??_Get_Tiempo_Damper^0,c
  4345   002580  500A               	movf	Get_Tiempo_Damper@Dato^0,w,c
  4346   002582  6E08               	movwf	(??_Get_Tiempo_Damper+1)^0,c
  4347   002584  5007               	movf	??_Get_Tiempo_Damper^0,w,c
  4348   002586  6E0A               	movwf	Get_Tiempo_Damper@Dato^0,c
  4349   002588  C008  F00B         	movff	??_Get_Tiempo_Damper+1,Get_Tiempo_Damper@Dato+1
  4350   00258C                     
  4351                           ;Control.c: 193:     return Dato;
  4352   00258C  C00A  F005         	movff	Get_Tiempo_Damper@Dato,?_Get_Tiempo_Damper
  4353   002590  C00B  F006         	movff	Get_Tiempo_Damper@Dato+1,?_Get_Tiempo_Damper+1
  4354   002594  0012               	return		;funcret
  4355   002596                     __end_of_Get_Tiempo_Damper:
  4356                           	callstack 0
  4357                           
  4358 ;; *************** function _Get_Channel_Heater *****************
  4359 ;; Defined at:
  4360 ;;		line 185 in file "Control.c"
  4361 ;; Parameters:    Size  Location     Type
  4362 ;;		None
  4363 ;; Auto vars:     Size  Location     Type
  4364 ;;  Dato            1    4[COMRAM] unsigned char 
  4365 ;; Return value:  Size  Location     Type
  4366 ;;                  1    wreg      unsigned char 
  4367 ;; Registers used:
  4368 ;;		wreg, status,2, cstack
  4369 ;; Tracked objects:
  4370 ;;		On entry : 0/0
  4371 ;;		On exit  : 0/0
  4372 ;;		Unchanged: 0/0
  4373 ;; Data sizes:     COMRAM   BANK0   BANK1   BANK2   BANK3   BANK4   BANK5   BANK6   BANK7
  4374 ;;      Params:         0       0       0       0       0       0       0       0       0
  4375 ;;      Locals:         1       0       0       0       0       0       0       0       0
  4376 ;;      Temps:          0       0       0       0       0       0       0       0       0
  4377 ;;      Totals:         1       0       0       0       0       0       0       0       0
  4378 ;;Total ram usage:        1 bytes
  4379 ;; Hardware stack levels used: 1
  4380 ;; Hardware stack levels required when called: 3
  4381 ;; This function calls:
  4382 ;;		_Eeprom_Leer
  4383 ;; This function is called by:
  4384 ;;		_Proceso_Arranque
  4385 ;; This function uses a non-reentrant model
  4386 ;;
  4387                           
  4388                           	psect	text17
  4389   00276E                     __ptext17:
  4390                           	callstack 0
  4391   00276E                     _Get_Channel_Heater:
  4392                           	callstack 26
  4393   00276E                     
  4394                           ;Control.c: 186:     uint8_t Dato = Eeprom_Leer(0x10);
  4395   00276E  0E10               	movlw	16
  4396   002770  EC1F  F013         	call	_Eeprom_Leer
  4397   002774  6E05               	movwf	Get_Channel_Heater@Dato^0,c
  4398   002776                     
  4399                           ;Control.c: 187:     return Dato;
  4400   002776  5005               	movf	Get_Channel_Heater@Dato^0,w,c
  4401   002778  0012               	return		;funcret
  4402   00277A                     __end_of_Get_Channel_Heater:
  4403                           	callstack 0
  4404                           
  4405 ;; *************** function _Eeprom_Leer *****************
  4406 ;; Defined at:
  4407 ;;		line 144 in file "Control.c"
  4408 ;; Parameters:    Size  Location     Type
  4409 ;;  dir             1    wreg     unsigned char 
  4410 ;; Auto vars:     Size  Location     Type
  4411 ;;  dir             1    3[COMRAM] unsigned char 
  4412 ;; Return value:  Size  Location     Type
  4413 ;;                  1    wreg      unsigned char 
  4414 ;; Registers used:
  4415 ;;		wreg, status,2
  4416 ;; Tracked objects:
  4417 ;;		On entry : 0/0
  4418 ;;		On exit  : 0/0
  4419 ;;		Unchanged: 0/0
  4420 ;; Data sizes:     COMRAM   BANK0   BANK1   BANK2   BANK3   BANK4   BANK5   BANK6   BANK7
  4421 ;;      Params:         0       0       0       0       0       0       0       0       0
  4422 ;;      Locals:         1       0       0       0       0       0       0       0       0
  4423 ;;      Temps:          0       0       0       0       0       0       0       0       0
  4424 ;;      Totals:         1       0       0       0       0       0       0       0       0
  4425 ;;Total ram usage:        1 bytes
  4426 ;; Hardware stack levels used: 1
  4427 ;; Hardware stack levels required when called: 2
  4428 ;; This function calls:
  4429 ;;		Nothing
  4430 ;; This function is called by:
  4431 ;;		_Proceso_Arranque
  4432 ;;		_Eeprom_Escribir
  4433 ;;		_Get_Channel_Heater
  4434 ;;		_Get_Tiempo_Damper
  4435 ;;		_Get_Tiempo_Iny_Liquido
  4436 ;;		_Get_Tiempo_Iny_Gas
  4437 ;; This function uses a non-reentrant model
  4438 ;;
  4439                           
  4440                           	psect	text18
  4441   00263E                     __ptext18:
  4442                           	callstack 0
  4443   00263E                     _Eeprom_Leer:
  4444                           	callstack 25
  4445                           
  4446                           ;incstack = 0
  4447                           ;Eeprom_Leer@dir stored from wreg
  4448   00263E  6E04               	movwf	Eeprom_Leer@dir^0,c
  4449   002640                     l801:
  4450   002640  B2A6               	btfsc	166,1,c	;volsfr
  4451   002642  EF25  F013         	goto	u2241
  4452   002646  EF27  F013         	goto	u2240
  4453   00264A                     u2241:
  4454   00264A  EF20  F013         	goto	l801
  4455   00264E                     u2240:
  4456   00264E                     
  4457                           ;Control.c: 147:     EEADR = dir;
  4458   00264E  C004  FFA9         	movff	Eeprom_Leer@dir,4009	;volatile
  4459   002652                     
  4460                           ;Control.c: 148:     EECON1bits.EEPGD = 0;
  4461   002652  9EA6               	bcf	166,7,c	;volsfr
  4462   002654                     
  4463                           ;Control.c: 149:     EECON1bits.CFGS = 0;
  4464   002654  9CA6               	bcf	166,6,c	;volsfr
  4465   002656                     
  4466                           ;Control.c: 150:     EECON1bits.RD = 1;
  4467   002656  80A6               	bsf	166,0,c	;volsfr
  4468   002658                     
  4469                           ;Control.c: 151:     return EEDATA;
  4470   002658  50A8               	movf	168,w,c	;volatile
  4471   00265A  0012               	return		;funcret
  4472   00265C                     __end_of_Eeprom_Leer:
  4473                           	callstack 0
  4474                           
  4475 ;; *************** function _Proceso_ADC *****************
  4476 ;; Defined at:
  4477 ;;		line 51 in file "ADC.c"
  4478 ;; Parameters:    Size  Location     Type
  4479 ;;		None
  4480 ;; Auto vars:     Size  Location     Type
  4481 ;;		None
  4482 ;; Return value:  Size  Location     Type
  4483 ;;                  1    wreg      void 
  4484 ;; Registers used:
  4485 ;;		wreg, status,2, status,0, tblptrl, tblptrh, tblptru, prodl, prodh, cstack
  4486 ;; Tracked objects:
  4487 ;;		On entry : 0/0
  4488 ;;		On exit  : 0/0
  4489 ;;		Unchanged: 0/0
  4490 ;; Data sizes:     COMRAM   BANK0   BANK1   BANK2   BANK3   BANK4   BANK5   BANK6   BANK7
  4491 ;;      Params:         0       0       0       0       0       0       0       0       0
  4492 ;;      Locals:         0       0       0       0       0       0       0       0       0
  4493 ;;      Temps:          0       0       0       0       0       0       0       0       0
  4494 ;;      Totals:         0       0       0       0       0       0       0       0       0
  4495 ;;Total ram usage:        0 bytes
  4496 ;; Hardware stack levels used: 1
  4497 ;; Hardware stack levels required when called: 5
  4498 ;; This function calls:
  4499 ;;		_ADC_Leer
  4500 ;;		_Ntc_LeerTemperatura
  4501 ;; This function is called by:
  4502 ;;		_main
  4503 ;; This function uses a non-reentrant model
  4504 ;;
  4505                           
  4506                           	psect	text19
  4507   001D7C                     __ptext19:
  4508                           	callstack 0
  4509   001D7C                     _Proceso_ADC:
  4510                           	callstack 25
  4511   001D7C                     
  4512                           ;ADC.c: 52:     Count_ADC++;
  4513   001D7C  0100               	movlb	0	; () banked
  4514   001D7E  2BCB               	incf	_Count_ADC& (0+255),f,b
  4515   001D80                     
  4516                           ; BSR set to: 0
  4517                           ;ADC.c: 53:     if(Count_ADC >5){
  4518   001D80  0E05               	movlw	5
  4519   001D82  65CB               	cpfsgt	_Count_ADC& (0+255),b
  4520   001D84  EFC6  F00E         	goto	u3441
  4521   001D88  EFC8  F00E         	goto	u3440
  4522   001D8C                     u3441:
  4523   001D8C  EF12  F00F         	goto	l583
  4524   001D90                     u3440:
  4525   001D90                     
  4526                           ; BSR set to: 0
  4527                           ;ADC.c: 55:         if(Paso_ADC == 0){
  4528   001D90  5058               	movf	_Paso_ADC^0,w,c
  4529   001D92  A4D8               	btfss	status,2,c
  4530   001D94  EFCE  F00E         	goto	u3451
  4531   001D98  EFD0  F00E         	goto	u3450
  4532   001D9C                     u3451:
  4533   001D9C  EFD7  F00E         	goto	l3906
  4534   001DA0                     u3450:
  4535   001DA0                     
  4536                           ; BSR set to: 0
  4537                           ;ADC.c: 56:             Current1 = (uint16_t)ADC_Leer(0);
  4538   001DA0  0E00               	movlw	0
  4539   001DA2  ECB8  F011         	call	_ADC_Leer
  4540   001DA6  C004  F0BE         	movff	?_ADC_Leer,_Current1
  4541   001DAA  C005  F0BF         	movff	?_ADC_Leer+1,_Current1+1
  4542   001DAE                     l3906:
  4543                           
  4544                           ;ADC.c: 59:         if(Paso_ADC == 1){
  4545   001DAE  0458               	decf	_Paso_ADC^0,w,c
  4546   001DB0  A4D8               	btfss	status,2,c
  4547   001DB2  EFDD  F00E         	goto	u3461
  4548   001DB6  EFDF  F00E         	goto	u3460
  4549   001DBA                     u3461:
  4550   001DBA  EFE6  F00E         	goto	l3910
  4551   001DBE                     u3460:
  4552   001DBE                     
  4553                           ;ADC.c: 60:             Current1 = (uint16_t)ADC_Leer(1);
  4554   001DBE  0E01               	movlw	1
  4555   001DC0  ECB8  F011         	call	_ADC_Leer
  4556   001DC4  C004  F0BE         	movff	?_ADC_Leer,_Current1
  4557   001DC8  C005  F0BF         	movff	?_ADC_Leer+1,_Current1+1
  4558   001DCC                     l3910:
  4559                           
  4560                           ;ADC.c: 63:         if(Paso_ADC == 2){
  4561   001DCC  0E02               	movlw	2
  4562   001DCE  1858               	xorwf	_Paso_ADC^0,w,c
  4563   001DD0  A4D8               	btfss	status,2,c
  4564   001DD2  EFED  F00E         	goto	u3471
  4565   001DD6  EFEF  F00E         	goto	u3470
  4566   001DDA                     u3471:
  4567   001DDA  EFF6  F00E         	goto	l3914
  4568   001DDE                     u3470:
  4569   001DDE                     
  4570                           ;ADC.c: 64:             Temp1 = Ntc_LeerTemperatura(2);
  4571   001DDE  0E02               	movlw	2
  4572   001DE0  ECC4  F010         	call	_Ntc_LeerTemperatura
  4573   001DE4  C02D  F0BA         	movff	?_Ntc_LeerTemperatura,_Temp1
  4574   001DE8  C02E  F0BB         	movff	?_Ntc_LeerTemperatura+1,_Temp1+1
  4575   001DEC                     l3914:
  4576                           
  4577                           ;ADC.c: 67:         if(Paso_ADC == 3){
  4578   001DEC  0E03               	movlw	3
  4579   001DEE  1858               	xorwf	_Paso_ADC^0,w,c
  4580   001DF0  A4D8               	btfss	status,2,c
  4581   001DF2  EFFD  F00E         	goto	u3481
  4582   001DF6  EFFF  F00E         	goto	u3480
  4583   001DFA                     u3481:
  4584   001DFA  EF06  F00F         	goto	l3918
  4585   001DFE                     u3480:
  4586   001DFE                     
  4587                           ;ADC.c: 68:             Temp2 = Ntc_LeerTemperatura(3);
  4588   001DFE  0E03               	movlw	3
  4589   001E00  ECC4  F010         	call	_Ntc_LeerTemperatura
  4590   001E04  C02D  F0B8         	movff	?_Ntc_LeerTemperatura,_Temp2
  4591   001E08  C02E  F0B9         	movff	?_Ntc_LeerTemperatura+1,_Temp2+1
  4592   001E0C                     l3918:
  4593                           
  4594                           ;ADC.c: 70:         Paso_ADC++;
  4595   001E0C  2A58               	incf	_Paso_ADC^0,f,c
  4596   001E0E                     
  4597                           ;ADC.c: 71:         if(Paso_ADC > 3) Paso_ADC = 0;
  4598   001E0E  0E03               	movlw	3
  4599   001E10  6458               	cpfsgt	_Paso_ADC^0,c
  4600   001E12  EF0D  F00F         	goto	u3491
  4601   001E16  EF0F  F00F         	goto	u3490
  4602   001E1A                     u3491:
  4603   001E1A  EF10  F00F         	goto	l582
  4604   001E1E                     u3490:
  4605   001E1E  6A58               	clrf	_Paso_ADC^0,c
  4606   001E20                     l582:
  4607                           
  4608                           ;ADC.c: 72:         Count_ADC = 0;
  4609   001E20  0100               	movlb	0	; () banked
  4610   001E22  6BCB               	clrf	_Count_ADC& (0+255),b
  4611   001E24                     l583:
  4612                           
  4613                           ; BSR set to: 0
  4614   001E24  0012               	return		;funcret
  4615   001E26                     __end_of_Proceso_ADC:
  4616                           	callstack 0
  4617                           
  4618 ;; *************** function _Ntc_LeerTemperatura *****************
  4619 ;; Defined at:
  4620 ;;		line 137 in file "ADC.c"
  4621 ;; Parameters:    Size  Location     Type
  4622 ;;  canal           1    wreg     unsigned char 
  4623 ;; Auto vars:     Size  Location     Type
  4624 ;;  canal           1   46[COMRAM] unsigned char 
  4625 ;;  v               2   49[COMRAM] unsigned short 
  4626 ;;  k               1   51[COMRAM] unsigned char 
  4627 ;;  suma            2   47[COMRAM] unsigned short 
  4628 ;; Return value:  Size  Location     Type
  4629 ;;                  2   44[COMRAM] short 
  4630 ;; Registers used:
  4631 ;;		wreg, status,2, status,0, tblptrl, tblptrh, tblptru, prodl, prodh, cstack
  4632 ;; Tracked objects:
  4633 ;;		On entry : 0/0
  4634 ;;		On exit  : 0/0
  4635 ;;		Unchanged: 0/0
  4636 ;; Data sizes:     COMRAM   BANK0   BANK1   BANK2   BANK3   BANK4   BANK5   BANK6   BANK7
  4637 ;;      Params:         2       0       0       0       0       0       0       0       0
  4638 ;;      Locals:         6       0       0       0       0       0       0       0       0
  4639 ;;      Temps:          0       0       0       0       0       0       0       0       0
  4640 ;;      Totals:         8       0       0       0       0       0       0       0       0
  4641 ;;Total ram usage:        8 bytes
  4642 ;; Hardware stack levels used: 1
  4643 ;; Hardware stack levels required when called: 4
  4644 ;; This function calls:
  4645 ;;		_ADC_Leer
  4646 ;;		_Ntc_ConvertirX16
  4647 ;; This function is called by:
  4648 ;;		_Proceso_ADC
  4649 ;; This function uses a non-reentrant model
  4650 ;;
  4651                           
  4652                           	psect	text20
  4653   002188                     __ptext20:
  4654                           	callstack 0
  4655   002188                     _Ntc_LeerTemperatura:
  4656                           	callstack 25
  4657                           
  4658                           ; BSR set to: 0
  4659                           ;incstack = 0
  4660                           ;Ntc_LeerTemperatura@canal stored from wreg
  4661   002188  6E2F               	movwf	Ntc_LeerTemperatura@canal^0,c
  4662   00218A                     
  4663                           ;ADC.c: 137: int16_t Ntc_LeerTemperatura(uint8_t canal);ADC.c: 138: {;ADC.c: 139:     ui
      +                          nt16_t suma = 0;
  4664   00218A  0E00               	movlw	0
  4665   00218C  6E31               	movwf	(Ntc_LeerTemperatura@suma+1)^0,c
  4666   00218E  0E00               	movlw	0
  4667   002190  6E30               	movwf	Ntc_LeerTemperatura@suma^0,c
  4668   002192                     
  4669                           ;ADC.c: 141:     for (uint8_t k = 0; k < 16u; k++)
  4670   002192  6A34               	clrf	Ntc_LeerTemperatura@k^0,c
  4671   002194                     l3608:
  4672                           
  4673                           ;ADC.c: 142:     {;ADC.c: 143:         uint16_t v = ADC_Leer(canal);
  4674   002194  502F               	movf	Ntc_LeerTemperatura@canal^0,w,c
  4675   002196  ECB8  F011         	call	_ADC_Leer
  4676   00219A  C004  F032         	movff	?_ADC_Leer,Ntc_LeerTemperatura@v
  4677   00219E  C005  F033         	movff	?_ADC_Leer+1,Ntc_LeerTemperatura@v+1
  4678   0021A2                     
  4679                           ;ADC.c: 144:         if (v == 0xFFFFu)
  4680   0021A2  2832               	incf	Ntc_LeerTemperatura@v^0,w,c
  4681   0021A4  E106               	bnz	u3011
  4682   0021A6  2833               	incf	(Ntc_LeerTemperatura@v+1)^0,w,c
  4683   0021A8  A4D8               	btfss	status,2,c
  4684   0021AA  EFD9  F010         	goto	u3011
  4685   0021AE  EFDB  F010         	goto	u3010
  4686   0021B2                     u3011:
  4687   0021B2  EFE1  F010         	goto	l3616
  4688   0021B6                     u3010:
  4689   0021B6                     
  4690                           ;ADC.c: 145:             return ((int16_t)-9990);
  4691   0021B6  0ED8               	movlw	216
  4692   0021B8  6E2E               	movwf	(?_Ntc_LeerTemperatura+1)^0,c
  4693   0021BA  0EFA               	movlw	250
  4694   0021BC  6E2D               	movwf	?_Ntc_LeerTemperatura^0,c
  4695   0021BE  EFF8  F010         	goto	l603
  4696   0021C2                     l3616:
  4697                           
  4698                           ;ADC.c: 146:         suma += v;
  4699   0021C2  5032               	movf	Ntc_LeerTemperatura@v^0,w,c
  4700   0021C4  2630               	addwf	Ntc_LeerTemperatura@suma^0,f,c
  4701   0021C6  5033               	movf	(Ntc_LeerTemperatura@v+1)^0,w,c
  4702   0021C8  2231               	addwfc	(Ntc_LeerTemperatura@suma+1)^0,f,c
  4703   0021CA                     
  4704                           ;ADC.c: 147:     }
  4705   0021CA  2A34               	incf	Ntc_LeerTemperatura@k^0,f,c
  4706   0021CC  0E0F               	movlw	15
  4707   0021CE  6434               	cpfsgt	Ntc_LeerTemperatura@k^0,c
  4708   0021D0  EFEC  F010         	goto	u3021
  4709   0021D4  EFEE  F010         	goto	u3020
  4710   0021D8                     u3021:
  4711   0021D8  EFCA  F010         	goto	l3608
  4712   0021DC                     u3020:
  4713   0021DC                     
  4714                           ;ADC.c: 148:     return Ntc_ConvertirX16(suma);
  4715   0021DC  C030  F012         	movff	Ntc_LeerTemperatura@suma,Ntc_ConvertirX16@adc
  4716   0021E0  C031  F013         	movff	Ntc_LeerTemperatura@suma+1,Ntc_ConvertirX16@adc+1
  4717   0021E4  EC2F  F005         	call	_Ntc_ConvertirX16	;wreg free
  4718   0021E8  C012  F02D         	movff	?_Ntc_ConvertirX16,?_Ntc_LeerTemperatura
  4719   0021EC  C013  F02E         	movff	?_Ntc_ConvertirX16+1,?_Ntc_LeerTemperatura+1
  4720   0021F0                     l603:
  4721   0021F0  0012               	return		;funcret
  4722   0021F2                     __end_of_Ntc_LeerTemperatura:
  4723                           	callstack 0
  4724                           
  4725 ;; *************** function _Ntc_ConvertirX16 *****************
  4726 ;; Defined at:
  4727 ;;		line 114 in file "ADC.c"
  4728 ;; Parameters:    Size  Location     Type
  4729 ;;  adc             2   17[COMRAM] unsigned short 
  4730 ;; Auto vars:     Size  Location     Type
  4731 ;;  dA              4   39[COMRAM] long 
  4732 ;;  num             4   31[COMRAM] long 
  4733 ;;  dT              4   27[COMRAM] long 
  4734 ;;  i               1   43[COMRAM] unsigned char 
  4735 ;; Return value:  Size  Location     Type
  4736 ;;                  2   17[COMRAM] short 
  4737 ;; Registers used:
  4738 ;;		wreg, status,2, status,0, tblptrl, tblptrh, tblptru, prodl, prodh, cstack
  4739 ;; Tracked objects:
  4740 ;;		On entry : 0/0
  4741 ;;		On exit  : 0/0
  4742 ;;		Unchanged: 0/0
  4743 ;; Data sizes:     COMRAM   BANK0   BANK1   BANK2   BANK3   BANK4   BANK5   BANK6   BANK7
  4744 ;;      Params:         2       0       0       0       0       0       0       0       0
  4745 ;;      Locals:        17       0       0       0       0       0       0       0       0
  4746 ;;      Temps:          8       0       0       0       0       0       0       0       0
  4747 ;;      Totals:        27       0       0       0       0       0       0       0       0
  4748 ;;Total ram usage:       27 bytes
  4749 ;; Hardware stack levels used: 1
  4750 ;; Hardware stack levels required when called: 3
  4751 ;; This function calls:
  4752 ;;		___aldiv
  4753 ;;		___lmul
  4754 ;; This function is called by:
  4755 ;;		_Ntc_LeerTemperatura
  4756 ;; This function uses a non-reentrant model
  4757 ;;
  4758                           
  4759                           	psect	text21
  4760   000A5E                     __ptext21:
  4761                           	callstack 0
  4762   000A5E                     _Ntc_ConvertirX16:
  4763                           	callstack 25
  4764   000A5E                     
  4765                           ;ADC.c: 114: int16_t Ntc_ConvertirX16(uint16_t adc);ADC.c: 115: {;ADC.c: 116:     if (ad
      +                          c >= (16u * 1010u)) return ((int16_t)-9990);
  4766   000A5E  0E20               	movlw	32
  4767   000A60  5C12               	subwf	Ntc_ConvertirX16@adc^0,w,c
  4768   000A62  0E3F               	movlw	63
  4769   000A64  5813               	subwfb	(Ntc_ConvertirX16@adc+1)^0,w,c
  4770   000A66  A0D8               	btfss	status,0,c
  4771   000A68  EF38  F005         	goto	u2841
  4772   000A6C  EF3A  F005         	goto	u2840
  4773   000A70                     u2841:
  4774   000A70  EF40  F005         	goto	l3402
  4775   000A74                     u2840:
  4776   000A74  0ED8               	movlw	216
  4777   000A76  6E13               	movwf	(?_Ntc_ConvertirX16+1)^0,c
  4778   000A78  0EFA               	movlw	250
  4779   000A7A  6E12               	movwf	?_Ntc_ConvertirX16^0,c
  4780   000A7C  EF7E  F006         	goto	l591
  4781   000A80                     l3402:
  4782                           
  4783                           ;ADC.c: 117:     if (adc <= (16u * 20u)) return ((int16_t) 9990);
  4784   000A80  0E41               	movlw	65
  4785   000A82  5C12               	subwf	Ntc_ConvertirX16@adc^0,w,c
  4786   000A84  0E01               	movlw	1
  4787   000A86  5813               	subwfb	(Ntc_ConvertirX16@adc+1)^0,w,c
  4788   000A88  B0D8               	btfsc	status,0,c
  4789   000A8A  EF49  F005         	goto	u2851
  4790   000A8E  EF4B  F005         	goto	u2850
  4791   000A92                     u2851:
  4792   000A92  EF51  F005         	goto	l3408
  4793   000A96                     u2850:
  4794   000A96  0E27               	movlw	39
  4795   000A98  6E13               	movwf	(?_Ntc_ConvertirX16+1)^0,c
  4796   000A9A  0E06               	movlw	6
  4797   000A9C  6E12               	movwf	?_Ntc_ConvertirX16^0,c
  4798   000A9E  EF7E  F006         	goto	l591
  4799   000AA2                     l3408:
  4800                           
  4801                           ;ADC.c: 118:     if (adc > ntcAdc[0]) return ((int16_t)-9980);
  4802   000AA2  0EB5               	movlw	low _ntcAdc
  4803   000AA4  6EF6               	movwf	tblptrl,c
  4804   000AA6                     	if	1	;There is more than 1 active tblptr byte
  4805   000AA6  0E7D               	movlw	high _ntcAdc
  4806   000AA8  6EF7               	movwf	tblptrh,c
  4807   000AAA                     	endif
  4808   000AAA                     	if	0	;There are less than 3 active tblptr bytes
  4809   000AAA                     	endif
  4810   000AAA  5012               	movf	Ntc_ConvertirX16@adc^0,w,c
  4811   000AAC  0009               	tblrd		*+
  4812   000AAE  5CF5               	subwf	tablat,w,c
  4813   000AB0  5013               	movf	(Ntc_ConvertirX16@adc+1)^0,w,c
  4814   000AB2  0009               	tblrd		*+
  4815   000AB4  58F5               	subwfb	tablat,w,c
  4816   000AB6  B0D8               	btfsc	status,0,c
  4817   000AB8  EF60  F005         	goto	u2861
  4818   000ABC  EF62  F005         	goto	u2860
  4819   000AC0                     u2861:
  4820   000AC0  EF68  F005         	goto	l3414
  4821   000AC4                     u2860:
  4822   000AC4  0ED9               	movlw	217
  4823   000AC6  6E13               	movwf	(?_Ntc_ConvertirX16+1)^0,c
  4824   000AC8  0E04               	movlw	4
  4825   000ACA  6E12               	movwf	?_Ntc_ConvertirX16^0,c
  4826   000ACC  EF7E  F006         	goto	l591
  4827   000AD0                     l3414:
  4828                           
  4829                           ;ADC.c: 119:     if (adc < ntcAdc[41u - 1u]) return ((int16_t) 9980);
  4830   000AD0  0E05               	movlw	low (_ntcAdc+80)
  4831   000AD2  6EF6               	movwf	tblptrl,c
  4832   000AD4  0E7E               	movlw	high (_ntcAdc+80)
  4833   000AD6  6EF7               	movwf	tblptrh,c
  4834   000AD8                     	if	0	;tblptru may be non-zero
  4835   000AD8                     	endif
  4836   000AD8                     	if	0	;tblptru may be non-zero
  4837   000AD8                     	endif
  4838   000AD8  0009               	tblrd		*+
  4839   000ADA  50F5               	movf	tablat,w,c
  4840   000ADC  5C12               	subwf	Ntc_ConvertirX16@adc^0,w,c
  4841   000ADE  0009               	tblrd		*+
  4842   000AE0  50F5               	movf	tablat,w,c
  4843   000AE2  5813               	subwfb	(Ntc_ConvertirX16@adc+1)^0,w,c
  4844   000AE4  B0D8               	btfsc	status,0,c
  4845   000AE6  EF77  F005         	goto	u2871
  4846   000AEA  EF79  F005         	goto	u2870
  4847   000AEE                     u2871:
  4848   000AEE  EF7F  F005         	goto	l3420
  4849   000AF2                     u2870:
  4850   000AF2  0E26               	movlw	38
  4851   000AF4  6E13               	movwf	(?_Ntc_ConvertirX16+1)^0,c
  4852   000AF6  0EFC               	movlw	252
  4853   000AF8  6E12               	movwf	?_Ntc_ConvertirX16^0,c
  4854   000AFA  EF7E  F006         	goto	l591
  4855   000AFE                     l3420:
  4856                           
  4857                           ;ADC.c: 121:     uint8_t i = 1;
  4858   000AFE  0E01               	movlw	1
  4859   000B00  6E2C               	movwf	Ntc_ConvertirX16@i^0,c
  4860                           
  4861                           ;ADC.c: 122:     while (adc < ntcAdc[i])
  4862   000B02  EF84  F005         	goto	l3424
  4863   000B06                     l3422:
  4864                           
  4865                           ;ADC.c: 123:         i++;
  4866   000B06  2A2C               	incf	Ntc_ConvertirX16@i^0,f,c
  4867   000B08                     l3424:
  4868                           
  4869                           ;ADC.c: 122:     while (adc < ntcAdc[i])
  4870   000B08  502C               	movf	Ntc_ConvertirX16@i^0,w,c
  4871   000B0A  0D02               	mullw	2
  4872   000B0C  0EB5               	movlw	low _ntcAdc
  4873   000B0E  24F3               	addwf	243,w,c
  4874   000B10  6EF6               	movwf	tblptrl,c
  4875   000B12  0E7D               	movlw	high _ntcAdc
  4876   000B14  20F4               	addwfc	244,w,c
  4877   000B16  6EF7               	movwf	tblptrh,c
  4878   000B18                     	if	0	;There are less than 3 active tblptr bytes
  4879   000B18                     	endif
  4880   000B18  0009               	tblrd		*+
  4881   000B1A  50F5               	movf	tablat,w,c
  4882   000B1C  5C12               	subwf	Ntc_ConvertirX16@adc^0,w,c
  4883   000B1E  0009               	tblrd		*+
  4884   000B20  50F5               	movf	tablat,w,c
  4885   000B22  5813               	subwfb	(Ntc_ConvertirX16@adc+1)^0,w,c
  4886   000B24  A0D8               	btfss	status,0,c
  4887   000B26  EF97  F005         	goto	u2881
  4888   000B2A  EF99  F005         	goto	u2880
  4889   000B2E                     u2881:
  4890   000B2E  EF83  F005         	goto	l3422
  4891   000B32                     u2880:
  4892   000B32                     
  4893                           ;ADC.c: 126:     int32_t dT = (int32_t)(ntcTemp[i] - ntcTemp[i - 1u]);
  4894   000B32  502C               	movf	Ntc_ConvertirX16@i^0,w,c
  4895   000B34  6E14               	movwf	??_Ntc_ConvertirX16^0,c
  4896   000B36  6A15               	clrf	(??_Ntc_ConvertirX16+1)^0,c
  4897   000B38  90D8               	bcf	status,0,c
  4898   000B3A  3614               	rlcf	??_Ntc_ConvertirX16^0,f,c
  4899   000B3C  3615               	rlcf	(??_Ntc_ConvertirX16+1)^0,f,c
  4900   000B3E  0EFE               	movlw	254
  4901   000B40  2414               	addwf	??_Ntc_ConvertirX16^0,w,c
  4902   000B42  6E16               	movwf	(??_Ntc_ConvertirX16+2)^0,c
  4903   000B44  0EFF               	movlw	255
  4904   000B46  2015               	addwfc	(??_Ntc_ConvertirX16+1)^0,w,c
  4905   000B48  6E17               	movwf	(??_Ntc_ConvertirX16+3)^0,c
  4906   000B4A  0E07               	movlw	low _ntcTemp
  4907   000B4C  2416               	addwf	(??_Ntc_ConvertirX16+2)^0,w,c
  4908   000B4E  6EF6               	movwf	tblptrl,c
  4909   000B50  0E7E               	movlw	high _ntcTemp
  4910   000B52  2017               	addwfc	(??_Ntc_ConvertirX16+3)^0,w,c
  4911   000B54  6EF7               	movwf	tblptrh,c
  4912   000B56                     	if	0	;There are less than 3 active tblptr bytes
  4913   000B56                     	endif
  4914   000B56  0009               	tblrd		*+
  4915   000B58  CFF5 F018          	movff	tablat,??_Ntc_ConvertirX16+4
  4916   000B5C  0009               	tblrd		*+
  4917   000B5E  CFF5 F019          	movff	tablat,??_Ntc_ConvertirX16+5
  4918   000B62  502C               	movf	Ntc_ConvertirX16@i^0,w,c
  4919   000B64  0D02               	mullw	2
  4920   000B66  0E07               	movlw	low _ntcTemp
  4921   000B68  24F3               	addwf	243,w,c
  4922   000B6A  6EF6               	movwf	tblptrl,c
  4923   000B6C  0E7E               	movlw	high _ntcTemp
  4924   000B6E  20F4               	addwfc	244,w,c
  4925   000B70  6EF7               	movwf	tblptrh,c
  4926   000B72                     	if	0	;There are less than 3 active tblptr bytes
  4927   000B72                     	endif
  4928   000B72  5018               	movf	(??_Ntc_ConvertirX16+4)^0,w,c
  4929   000B74  0009               	tblrd		*+
  4930   000B76  5CF5               	subwf	tablat,w,c
  4931   000B78  6E1A               	movwf	(??_Ntc_ConvertirX16+6)^0,c
  4932   000B7A  5019               	movf	(??_Ntc_ConvertirX16+5)^0,w,c
  4933   000B7C  0009               	tblrd		*+
  4934   000B7E  58F5               	subwfb	tablat,w,c
  4935   000B80  6E1B               	movwf	(??_Ntc_ConvertirX16+7)^0,c
  4936   000B82  C01A  F01C         	movff	??_Ntc_ConvertirX16+6,Ntc_ConvertirX16@dT
  4937   000B86  C01B  F01D         	movff	??_Ntc_ConvertirX16+7,Ntc_ConvertirX16@dT+1
  4938   000B8A  0E00               	movlw	0
  4939   000B8C  BE1D               	btfsc	(Ntc_ConvertirX16@dT+1)^0,7,c
  4940   000B8E  0EFF               	movlw	-1
  4941   000B90  6E1E               	movwf	(Ntc_ConvertirX16@dT+2)^0,c
  4942   000B92  6E1F               	movwf	(Ntc_ConvertirX16@dT+3)^0,c
  4943                           
  4944                           ;ADC.c: 127:     int32_t dA = (int32_t)ntcAdc[i - 1u] - (int32_t)ntcAdc[i];
  4945   000B94  502C               	movf	Ntc_ConvertirX16@i^0,w,c
  4946   000B96  0D02               	mullw	2
  4947   000B98  0EB5               	movlw	low _ntcAdc
  4948   000B9A  24F3               	addwf	243,w,c
  4949   000B9C  6EF6               	movwf	tblptrl,c
  4950   000B9E  0E7D               	movlw	high _ntcAdc
  4951   000BA0  20F4               	addwfc	244,w,c
  4952   000BA2  6EF7               	movwf	tblptrh,c
  4953   000BA4                     	if	0	;There are less than 3 active tblptr bytes
  4954   000BA4                     	endif
  4955   000BA4  0009               	tblrd		*+
  4956   000BA6  CFF5 F014          	movff	tablat,??_Ntc_ConvertirX16
  4957   000BAA  0009               	tblrd		*+
  4958   000BAC  CFF5 F015          	movff	tablat,??_Ntc_ConvertirX16+1
  4959   000BB0  502C               	movf	Ntc_ConvertirX16@i^0,w,c
  4960   000BB2  6E16               	movwf	(??_Ntc_ConvertirX16+2)^0,c
  4961   000BB4  6A17               	clrf	(??_Ntc_ConvertirX16+3)^0,c
  4962   000BB6  90D8               	bcf	status,0,c
  4963   000BB8  3616               	rlcf	(??_Ntc_ConvertirX16+2)^0,f,c
  4964   000BBA  3617               	rlcf	(??_Ntc_ConvertirX16+3)^0,f,c
  4965   000BBC  0EFE               	movlw	254
  4966   000BBE  2416               	addwf	(??_Ntc_ConvertirX16+2)^0,w,c
  4967   000BC0  6E18               	movwf	(??_Ntc_ConvertirX16+4)^0,c
  4968   000BC2  0EFF               	movlw	255
  4969   000BC4  2017               	addwfc	(??_Ntc_ConvertirX16+3)^0,w,c
  4970   000BC6  6E19               	movwf	(??_Ntc_ConvertirX16+5)^0,c
  4971   000BC8  0EB5               	movlw	low _ntcAdc
  4972   000BCA  2418               	addwf	(??_Ntc_ConvertirX16+4)^0,w,c
  4973   000BCC  6EF6               	movwf	tblptrl,c
  4974   000BCE  0E7D               	movlw	high _ntcAdc
  4975   000BD0  2019               	addwfc	(??_Ntc_ConvertirX16+5)^0,w,c
  4976   000BD2  6EF7               	movwf	tblptrh,c
  4977   000BD4                     	if	0	;There are less than 3 active tblptr bytes
  4978   000BD4                     	endif
  4979   000BD4  0009               	tblrd		*+
  4980   000BD6  CFF5 F01A          	movff	tablat,??_Ntc_ConvertirX16+6
  4981   000BDA  0009               	tblrd		*+
  4982   000BDC  CFF5 F01B          	movff	tablat,??_Ntc_ConvertirX16+7
  4983   000BE0  5014               	movf	??_Ntc_ConvertirX16^0,w,c
  4984   000BE2  5C1A               	subwf	(??_Ntc_ConvertirX16+6)^0,w,c
  4985   000BE4  6E28               	movwf	Ntc_ConvertirX16@dA^0,c
  4986   000BE6  5015               	movf	(??_Ntc_ConvertirX16+1)^0,w,c
  4987   000BE8  581B               	subwfb	(??_Ntc_ConvertirX16+7)^0,w,c
  4988   000BEA  6E29               	movwf	(Ntc_ConvertirX16@dA+1)^0,c
  4989   000BEC  6A2A               	clrf	(Ntc_ConvertirX16@dA+2)^0,c
  4990   000BEE  A0D8               	btfss	status,0,c
  4991   000BF0  062A               	decf	(Ntc_ConvertirX16@dA+2)^0,f,c
  4992   000BF2  502A               	movf	(Ntc_ConvertirX16@dA+2)^0,w,c
  4993   000BF4  6E2B               	movwf	(Ntc_ConvertirX16@dA+3)^0,c
  4994   000BF6                     
  4995                           ;ADC.c: 128:     int32_t num = dT * ((int32_t)ntcAdc[i - 1u] - (int32_t)adc);
  4996   000BF6  502C               	movf	Ntc_ConvertirX16@i^0,w,c
  4997   000BF8  6E14               	movwf	??_Ntc_ConvertirX16^0,c
  4998   000BFA  6A15               	clrf	(??_Ntc_ConvertirX16+1)^0,c
  4999   000BFC  90D8               	bcf	status,0,c
  5000   000BFE  3614               	rlcf	??_Ntc_ConvertirX16^0,f,c
  5001   000C00  3615               	rlcf	(??_Ntc_ConvertirX16+1)^0,f,c
  5002   000C02  0EFE               	movlw	254
  5003   000C04  2414               	addwf	??_Ntc_ConvertirX16^0,w,c
  5004   000C06  6E16               	movwf	(??_Ntc_ConvertirX16+2)^0,c
  5005   000C08  0EFF               	movlw	255
  5006   000C0A  2015               	addwfc	(??_Ntc_ConvertirX16+1)^0,w,c
  5007   000C0C  6E17               	movwf	(??_Ntc_ConvertirX16+3)^0,c
  5008   000C0E  0EB5               	movlw	low _ntcAdc
  5009   000C10  2416               	addwf	(??_Ntc_ConvertirX16+2)^0,w,c
  5010   000C12  6EF6               	movwf	tblptrl,c
  5011   000C14  0E7D               	movlw	high _ntcAdc
  5012   000C16  2017               	addwfc	(??_Ntc_ConvertirX16+3)^0,w,c
  5013   000C18  6EF7               	movwf	tblptrh,c
  5014   000C1A                     	if	0	;There are less than 3 active tblptr bytes
  5015   000C1A                     	endif
  5016   000C1A  0009               	tblrd		*+
  5017   000C1C  CFF5 F018          	movff	tablat,??_Ntc_ConvertirX16+4
  5018   000C20  0009               	tblrd		*+
  5019   000C22  CFF5 F019          	movff	tablat,??_Ntc_ConvertirX16+5
  5020   000C26  5012               	movf	Ntc_ConvertirX16@adc^0,w,c
  5021   000C28  5C18               	subwf	(??_Ntc_ConvertirX16+4)^0,w,c
  5022   000C2A  6E04               	movwf	___lmul@multiplier^0,c
  5023   000C2C  5013               	movf	(Ntc_ConvertirX16@adc+1)^0,w,c
  5024   000C2E  5819               	subwfb	(??_Ntc_ConvertirX16+5)^0,w,c
  5025   000C30  6E05               	movwf	(___lmul@multiplier+1)^0,c
  5026   000C32  6A06               	clrf	(___lmul@multiplier+2)^0,c
  5027   000C34  A0D8               	btfss	status,0,c
  5028   000C36  0606               	decf	(___lmul@multiplier+2)^0,f,c
  5029   000C38  5006               	movf	(___lmul@multiplier+2)^0,w,c
  5030   000C3A  6E07               	movwf	(___lmul@multiplier+3)^0,c
  5031   000C3C  C01C  F008         	movff	Ntc_ConvertirX16@dT,___lmul@multiplicand
  5032   000C40  C01D  F009         	movff	Ntc_ConvertirX16@dT+1,___lmul@multiplicand+1
  5033   000C44  C01E  F00A         	movff	Ntc_ConvertirX16@dT+2,___lmul@multiplicand+2
  5034   000C48  C01F  F00B         	movff	Ntc_ConvertirX16@dT+3,___lmul@multiplicand+3
  5035   000C4C  ECF9  F010         	call	___lmul	;wreg free
  5036   000C50  C004  F020         	movff	?___lmul,Ntc_ConvertirX16@num
  5037   000C54  C005  F021         	movff	?___lmul+1,Ntc_ConvertirX16@num+1
  5038   000C58  C006  F022         	movff	?___lmul+2,Ntc_ConvertirX16@num+2
  5039   000C5C  C007  F023         	movff	?___lmul+3,Ntc_ConvertirX16@num+3
  5040   000C60                     
  5041                           ;ADC.c: 130:     return (int16_t)(ntcTemp[i - 1u] + (int16_t)((num + dA / 2) / dA));
  5042   000C60  0E02               	movlw	2
  5043   000C62  6E08               	movwf	___aldiv@divisor^0,c
  5044   000C64  0E00               	movlw	0
  5045   000C66  6E09               	movwf	(___aldiv@divisor+1)^0,c
  5046   000C68  0E00               	movlw	0
  5047   000C6A  6E0A               	movwf	(___aldiv@divisor+2)^0,c
  5048   000C6C  0E00               	movlw	0
  5049   000C6E  6E0B               	movwf	(___aldiv@divisor+3)^0,c
  5050   000C70  C028  F004         	movff	Ntc_ConvertirX16@dA,___aldiv@dividend
  5051   000C74  C029  F005         	movff	Ntc_ConvertirX16@dA+1,___aldiv@dividend+1
  5052   000C78  C02A  F006         	movff	Ntc_ConvertirX16@dA+2,___aldiv@dividend+2
  5053   000C7C  C02B  F007         	movff	Ntc_ConvertirX16@dA+3,___aldiv@dividend+3
  5054   000C80  EC78  F00A         	call	___aldiv	;wreg free
  5055   000C84  5020               	movf	Ntc_ConvertirX16@num^0,w,c
  5056   000C86  2404               	addwf	?___aldiv^0,w,c
  5057   000C88  6E24               	movwf	_Ntc_ConvertirX16$2853^0,c
  5058   000C8A  5021               	movf	(Ntc_ConvertirX16@num+1)^0,w,c
  5059   000C8C  2005               	addwfc	(?___aldiv+1)^0,w,c
  5060   000C8E  6E25               	movwf	(_Ntc_ConvertirX16$2853+1)^0,c
  5061   000C90  5022               	movf	(Ntc_ConvertirX16@num+2)^0,w,c
  5062   000C92  2006               	addwfc	(?___aldiv+2)^0,w,c
  5063   000C94  6E26               	movwf	(_Ntc_ConvertirX16$2853+2)^0,c
  5064   000C96  5023               	movf	(Ntc_ConvertirX16@num+3)^0,w,c
  5065   000C98  2007               	addwfc	(?___aldiv+3)^0,w,c
  5066   000C9A  6E27               	movwf	(_Ntc_ConvertirX16$2853+3)^0,c
  5067   000C9C                     
  5068                           ;ADC.c: 130:     return (int16_t)(ntcTemp[i - 1u] + (int16_t)((num + dA / 2) / dA));
  5069   000C9C  502C               	movf	Ntc_ConvertirX16@i^0,w,c
  5070   000C9E  6E14               	movwf	??_Ntc_ConvertirX16^0,c
  5071   000CA0  6A15               	clrf	(??_Ntc_ConvertirX16+1)^0,c
  5072   000CA2  90D8               	bcf	status,0,c
  5073   000CA4  3614               	rlcf	??_Ntc_ConvertirX16^0,f,c
  5074   000CA6  3615               	rlcf	(??_Ntc_ConvertirX16+1)^0,f,c
  5075   000CA8  0EFE               	movlw	254
  5076   000CAA  2414               	addwf	??_Ntc_ConvertirX16^0,w,c
  5077   000CAC  6E16               	movwf	(??_Ntc_ConvertirX16+2)^0,c
  5078   000CAE  0EFF               	movlw	255
  5079   000CB0  2015               	addwfc	(??_Ntc_ConvertirX16+1)^0,w,c
  5080   000CB2  6E17               	movwf	(??_Ntc_ConvertirX16+3)^0,c
  5081   000CB4  0E07               	movlw	low _ntcTemp
  5082   000CB6  2416               	addwf	(??_Ntc_ConvertirX16+2)^0,w,c
  5083   000CB8  6EF6               	movwf	tblptrl,c
  5084   000CBA  0E7E               	movlw	high _ntcTemp
  5085   000CBC  2017               	addwfc	(??_Ntc_ConvertirX16+3)^0,w,c
  5086   000CBE  6EF7               	movwf	tblptrh,c
  5087   000CC0                     	if	0	;There are less than 3 active tblptr bytes
  5088   000CC0                     	endif
  5089   000CC0  0009               	tblrd		*+
  5090   000CC2  CFF5 F018          	movff	tablat,??_Ntc_ConvertirX16+4
  5091   000CC6  0009               	tblrd		*+
  5092   000CC8  CFF5 F019          	movff	tablat,??_Ntc_ConvertirX16+5
  5093   000CCC  C024  F004         	movff	_Ntc_ConvertirX16$2853,___aldiv@dividend
  5094   000CD0  C025  F005         	movff	_Ntc_ConvertirX16$2853+1,___aldiv@dividend+1
  5095   000CD4  C026  F006         	movff	_Ntc_ConvertirX16$2853+2,___aldiv@dividend+2
  5096   000CD8  C027  F007         	movff	_Ntc_ConvertirX16$2853+3,___aldiv@dividend+3
  5097   000CDC  C028  F008         	movff	Ntc_ConvertirX16@dA,___aldiv@divisor
  5098   000CE0  C029  F009         	movff	Ntc_ConvertirX16@dA+1,___aldiv@divisor+1
  5099   000CE4  C02A  F00A         	movff	Ntc_ConvertirX16@dA+2,___aldiv@divisor+2
  5100   000CE8  C02B  F00B         	movff	Ntc_ConvertirX16@dA+3,___aldiv@divisor+3
  5101   000CEC  EC78  F00A         	call	___aldiv	;wreg free
  5102   000CF0  5018               	movf	(??_Ntc_ConvertirX16+4)^0,w,c
  5103   000CF2  2404               	addwf	?___aldiv^0,w,c
  5104   000CF4  6E12               	movwf	?_Ntc_ConvertirX16^0,c
  5105   000CF6  5019               	movf	(??_Ntc_ConvertirX16+5)^0,w,c
  5106   000CF8  2005               	addwfc	(?___aldiv+1)^0,w,c
  5107   000CFA  6E13               	movwf	(?_Ntc_ConvertirX16+1)^0,c
  5108   000CFC                     l591:
  5109   000CFC  0012               	return		;funcret
  5110   000CFE                     __end_of_Ntc_ConvertirX16:
  5111                           	callstack 0
  5112                           
  5113 ;; *************** function ___lmul *****************
  5114 ;; Defined at:
  5115 ;;		line 15 in file "C:\Program Files\Microchip\xc8\v3.00\pic\sources\c99\common\Umul32.c"
  5116 ;; Parameters:    Size  Location     Type
  5117 ;;  multiplier      4    3[COMRAM] unsigned long 
  5118 ;;  multiplicand    4    7[COMRAM] unsigned long 
  5119 ;; Auto vars:     Size  Location     Type
  5120 ;;  product         4   11[COMRAM] unsigned long 
  5121 ;; Return value:  Size  Location     Type
  5122 ;;                  4    3[COMRAM] unsigned long 
  5123 ;; Registers used:
  5124 ;;		wreg, status,2, status,0
  5125 ;; Tracked objects:
  5126 ;;		On entry : 0/0
  5127 ;;		On exit  : 0/0
  5128 ;;		Unchanged: 0/0
  5129 ;; Data sizes:     COMRAM   BANK0   BANK1   BANK2   BANK3   BANK4   BANK5   BANK6   BANK7
  5130 ;;      Params:         8       0       0       0       0       0       0       0       0
  5131 ;;      Locals:         4       0       0       0       0       0       0       0       0
  5132 ;;      Temps:          0       0       0       0       0       0       0       0       0
  5133 ;;      Totals:        12       0       0       0       0       0       0       0       0
  5134 ;;Total ram usage:       12 bytes
  5135 ;; Hardware stack levels used: 1
  5136 ;; Hardware stack levels required when called: 2
  5137 ;; This function calls:
  5138 ;;		Nothing
  5139 ;; This function is called by:
  5140 ;;		_Ntc_ConvertirX16
  5141 ;; This function uses a non-reentrant model
  5142 ;;
  5143                           
  5144                           	psect	text22
  5145   0021F2                     __ptext22:
  5146                           	callstack 0
  5147   0021F2                     ___lmul:
  5148                           	callstack 25
  5149   0021F2  0E00               	movlw	0
  5150   0021F4  6E0C               	movwf	___lmul@product^0,c
  5151   0021F6  0E00               	movlw	0
  5152   0021F8  6E0D               	movwf	(___lmul@product+1)^0,c
  5153   0021FA  0E00               	movlw	0
  5154   0021FC  6E0E               	movwf	(___lmul@product+2)^0,c
  5155   0021FE  0E00               	movlw	0
  5156   002200  6E0F               	movwf	(___lmul@product+3)^0,c
  5157   002202                     l3080:
  5158   002202  A004               	btfss	___lmul@multiplier^0,0,c
  5159   002204  EF06  F011         	goto	u2251
  5160   002208  EF08  F011         	goto	u2250
  5161   00220C                     u2251:
  5162   00220C  EF10  F011         	goto	l3084
  5163   002210                     u2250:
  5164   002210  5008               	movf	___lmul@multiplicand^0,w,c
  5165   002212  260C               	addwf	___lmul@product^0,f,c
  5166   002214  5009               	movf	(___lmul@multiplicand+1)^0,w,c
  5167   002216  220D               	addwfc	(___lmul@product+1)^0,f,c
  5168   002218  500A               	movf	(___lmul@multiplicand+2)^0,w,c
  5169   00221A  220E               	addwfc	(___lmul@product+2)^0,f,c
  5170   00221C  500B               	movf	(___lmul@multiplicand+3)^0,w,c
  5171   00221E  220F               	addwfc	(___lmul@product+3)^0,f,c
  5172   002220                     l3084:
  5173   002220  90D8               	bcf	status,0,c
  5174   002222  3608               	rlcf	___lmul@multiplicand^0,f,c
  5175   002224  3609               	rlcf	(___lmul@multiplicand+1)^0,f,c
  5176   002226  360A               	rlcf	(___lmul@multiplicand+2)^0,f,c
  5177   002228  360B               	rlcf	(___lmul@multiplicand+3)^0,f,c
  5178   00222A  90D8               	bcf	status,0,c
  5179   00222C  3207               	rrcf	(___lmul@multiplier+3)^0,f,c
  5180   00222E  3206               	rrcf	(___lmul@multiplier+2)^0,f,c
  5181   002230  3205               	rrcf	(___lmul@multiplier+1)^0,f,c
  5182   002232  3204               	rrcf	___lmul@multiplier^0,f,c
  5183   002234  5004               	movf	___lmul@multiplier^0,w,c
  5184   002236  1005               	iorwf	(___lmul@multiplier+1)^0,w,c
  5185   002238  1006               	iorwf	(___lmul@multiplier+2)^0,w,c
  5186   00223A  1007               	iorwf	(___lmul@multiplier+3)^0,w,c
  5187   00223C  A4D8               	btfss	status,2,c
  5188   00223E  EF23  F011         	goto	u2261
  5189   002242  EF25  F011         	goto	u2260
  5190   002246                     u2261:
  5191   002246  EF01  F011         	goto	l3080
  5192   00224A                     u2260:
  5193   00224A  C00C  F004         	movff	___lmul@product,?___lmul
  5194   00224E  C00D  F005         	movff	___lmul@product+1,?___lmul+1
  5195   002252  C00E  F006         	movff	___lmul@product+2,?___lmul+2
  5196   002256  C00F  F007         	movff	___lmul@product+3,?___lmul+3
  5197   00225A  0012               	return		;funcret
  5198   00225C                     __end_of___lmul:
  5199                           	callstack 0
  5200                           
  5201 ;; *************** function ___aldiv *****************
  5202 ;; Defined at:
  5203 ;;		line 7 in file "C:\Program Files\Microchip\xc8\v3.00\pic\sources\c99\common\aldiv.c"
  5204 ;; Parameters:    Size  Location     Type
  5205 ;;  dividend        4    3[COMRAM] long 
  5206 ;;  divisor         4    7[COMRAM] long 
  5207 ;; Auto vars:     Size  Location     Type
  5208 ;;  quotient        4   13[COMRAM] long 
  5209 ;;  sign            1   12[COMRAM] unsigned char 
  5210 ;;  counter         1   11[COMRAM] unsigned char 
  5211 ;; Return value:  Size  Location     Type
  5212 ;;                  4    3[COMRAM] long 
  5213 ;; Registers used:
  5214 ;;		wreg, status,2, status,0
  5215 ;; Tracked objects:
  5216 ;;		On entry : 0/0
  5217 ;;		On exit  : 0/0
  5218 ;;		Unchanged: 0/0
  5219 ;; Data sizes:     COMRAM   BANK0   BANK1   BANK2   BANK3   BANK4   BANK5   BANK6   BANK7
  5220 ;;      Params:         8       0       0       0       0       0       0       0       0
  5221 ;;      Locals:         6       0       0       0       0       0       0       0       0
  5222 ;;      Temps:          0       0       0       0       0       0       0       0       0
  5223 ;;      Totals:        14       0       0       0       0       0       0       0       0
  5224 ;;Total ram usage:       14 bytes
  5225 ;; Hardware stack levels used: 1
  5226 ;; Hardware stack levels required when called: 2
  5227 ;; This function calls:
  5228 ;;		Nothing
  5229 ;; This function is called by:
  5230 ;;		_Ntc_ConvertirX16
  5231 ;; This function uses a non-reentrant model
  5232 ;;
  5233                           
  5234                           	psect	text23
  5235   0014F0                     __ptext23:
  5236                           	callstack 0
  5237   0014F0                     ___aldiv:
  5238                           	callstack 25
  5239   0014F0  6A0D               	clrf	___aldiv@sign^0,c
  5240   0014F2  BE0B               	btfsc	(___aldiv@divisor+3)^0,7,c
  5241   0014F4  EF80  F00A         	goto	u2270
  5242   0014F8  EF7E  F00A         	goto	u2271
  5243   0014FC                     u2271:
  5244   0014FC  EF8A  F00A         	goto	l3096
  5245   001500                     u2270:
  5246   001500  1E0B               	comf	(___aldiv@divisor+3)^0,f,c
  5247   001502  1E0A               	comf	(___aldiv@divisor+2)^0,f,c
  5248   001504  1E09               	comf	(___aldiv@divisor+1)^0,f,c
  5249   001506  6C08               	negf	___aldiv@divisor^0,c
  5250   001508  0E00               	movlw	0
  5251   00150A  2209               	addwfc	(___aldiv@divisor+1)^0,f,c
  5252   00150C  220A               	addwfc	(___aldiv@divisor+2)^0,f,c
  5253   00150E  220B               	addwfc	(___aldiv@divisor+3)^0,f,c
  5254   001510  0E01               	movlw	1
  5255   001512  6E0D               	movwf	___aldiv@sign^0,c
  5256   001514                     l3096:
  5257   001514  BE07               	btfsc	(___aldiv@dividend+3)^0,7,c
  5258   001516  EF91  F00A         	goto	u2280
  5259   00151A  EF8F  F00A         	goto	u2281
  5260   00151E                     u2281:
  5261   00151E  EF9B  F00A         	goto	l3102
  5262   001522                     u2280:
  5263   001522  1E07               	comf	(___aldiv@dividend+3)^0,f,c
  5264   001524  1E06               	comf	(___aldiv@dividend+2)^0,f,c
  5265   001526  1E05               	comf	(___aldiv@dividend+1)^0,f,c
  5266   001528  6C04               	negf	___aldiv@dividend^0,c
  5267   00152A  0E00               	movlw	0
  5268   00152C  2205               	addwfc	(___aldiv@dividend+1)^0,f,c
  5269   00152E  2206               	addwfc	(___aldiv@dividend+2)^0,f,c
  5270   001530  2207               	addwfc	(___aldiv@dividend+3)^0,f,c
  5271   001532  0E01               	movlw	1
  5272   001534  1A0D               	xorwf	___aldiv@sign^0,f,c
  5273   001536                     l3102:
  5274   001536  0E00               	movlw	0
  5275   001538  6E0E               	movwf	___aldiv@quotient^0,c
  5276   00153A  0E00               	movlw	0
  5277   00153C  6E0F               	movwf	(___aldiv@quotient+1)^0,c
  5278   00153E  0E00               	movlw	0
  5279   001540  6E10               	movwf	(___aldiv@quotient+2)^0,c
  5280   001542  0E00               	movlw	0
  5281   001544  6E11               	movwf	(___aldiv@quotient+3)^0,c
  5282   001546  5008               	movf	___aldiv@divisor^0,w,c
  5283   001548  1009               	iorwf	(___aldiv@divisor+1)^0,w,c
  5284   00154A  100A               	iorwf	(___aldiv@divisor+2)^0,w,c
  5285   00154C  100B               	iorwf	(___aldiv@divisor+3)^0,w,c
  5286   00154E  B4D8               	btfsc	status,2,c
  5287   001550  EFAC  F00A         	goto	u2291
  5288   001554  EFAE  F00A         	goto	u2290
  5289   001558                     u2291:
  5290   001558  EFE4  F00A         	goto	l3124
  5291   00155C                     u2290:
  5292   00155C  0E01               	movlw	1
  5293   00155E  6E0C               	movwf	___aldiv@counter^0,c
  5294   001560  EFB8  F00A         	goto	l3110
  5295   001564                     l3108:
  5296   001564  90D8               	bcf	status,0,c
  5297   001566  3608               	rlcf	___aldiv@divisor^0,f,c
  5298   001568  3609               	rlcf	(___aldiv@divisor+1)^0,f,c
  5299   00156A  360A               	rlcf	(___aldiv@divisor+2)^0,f,c
  5300   00156C  360B               	rlcf	(___aldiv@divisor+3)^0,f,c
  5301   00156E  2A0C               	incf	___aldiv@counter^0,f,c
  5302   001570                     l3110:
  5303   001570  AE0B               	btfss	(___aldiv@divisor+3)^0,7,c
  5304   001572  EFBD  F00A         	goto	u2301
  5305   001576  EFBF  F00A         	goto	u2300
  5306   00157A                     u2301:
  5307   00157A  EFB2  F00A         	goto	l3108
  5308   00157E                     u2300:
  5309   00157E                     l3112:
  5310   00157E  90D8               	bcf	status,0,c
  5311   001580  360E               	rlcf	___aldiv@quotient^0,f,c
  5312   001582  360F               	rlcf	(___aldiv@quotient+1)^0,f,c
  5313   001584  3610               	rlcf	(___aldiv@quotient+2)^0,f,c
  5314   001586  3611               	rlcf	(___aldiv@quotient+3)^0,f,c
  5315   001588  5008               	movf	___aldiv@divisor^0,w,c
  5316   00158A  5C04               	subwf	___aldiv@dividend^0,w,c
  5317   00158C  5009               	movf	(___aldiv@divisor+1)^0,w,c
  5318   00158E  5805               	subwfb	(___aldiv@dividend+1)^0,w,c
  5319   001590  500A               	movf	(___aldiv@divisor+2)^0,w,c
  5320   001592  5806               	subwfb	(___aldiv@dividend+2)^0,w,c
  5321   001594  500B               	movf	(___aldiv@divisor+3)^0,w,c
  5322   001596  5807               	subwfb	(___aldiv@dividend+3)^0,w,c
  5323   001598  A0D8               	btfss	status,0,c
  5324   00159A  EFD1  F00A         	goto	u2311
  5325   00159E  EFD3  F00A         	goto	u2310
  5326   0015A2                     u2311:
  5327   0015A2  EFDC  F00A         	goto	l3120
  5328   0015A6                     u2310:
  5329   0015A6  5008               	movf	___aldiv@divisor^0,w,c
  5330   0015A8  5E04               	subwf	___aldiv@dividend^0,f,c
  5331   0015AA  5009               	movf	(___aldiv@divisor+1)^0,w,c
  5332   0015AC  5A05               	subwfb	(___aldiv@dividend+1)^0,f,c
  5333   0015AE  500A               	movf	(___aldiv@divisor+2)^0,w,c
  5334   0015B0  5A06               	subwfb	(___aldiv@dividend+2)^0,f,c
  5335   0015B2  500B               	movf	(___aldiv@divisor+3)^0,w,c
  5336   0015B4  5A07               	subwfb	(___aldiv@dividend+3)^0,f,c
  5337   0015B6  800E               	bsf	___aldiv@quotient^0,0,c
  5338   0015B8                     l3120:
  5339   0015B8  90D8               	bcf	status,0,c
  5340   0015BA  320B               	rrcf	(___aldiv@divisor+3)^0,f,c
  5341   0015BC  320A               	rrcf	(___aldiv@divisor+2)^0,f,c
  5342   0015BE  3209               	rrcf	(___aldiv@divisor+1)^0,f,c
  5343   0015C0  3208               	rrcf	___aldiv@divisor^0,f,c
  5344   0015C2  2E0C               	decfsz	___aldiv@counter^0,f,c
  5345   0015C4  EFBF  F00A         	goto	l3112
  5346   0015C8                     l3124:
  5347   0015C8  500D               	movf	___aldiv@sign^0,w,c
  5348   0015CA  B4D8               	btfsc	status,2,c
  5349   0015CC  EFEA  F00A         	goto	u2321
  5350   0015D0  EFEC  F00A         	goto	u2320
  5351   0015D4                     u2321:
  5352   0015D4  EFF4  F00A         	goto	l3128
  5353   0015D8                     u2320:
  5354   0015D8  1E11               	comf	(___aldiv@quotient+3)^0,f,c
  5355   0015DA  1E10               	comf	(___aldiv@quotient+2)^0,f,c
  5356   0015DC  1E0F               	comf	(___aldiv@quotient+1)^0,f,c
  5357   0015DE  6C0E               	negf	___aldiv@quotient^0,c
  5358   0015E0  0E00               	movlw	0
  5359   0015E2  220F               	addwfc	(___aldiv@quotient+1)^0,f,c
  5360   0015E4  2210               	addwfc	(___aldiv@quotient+2)^0,f,c
  5361   0015E6  2211               	addwfc	(___aldiv@quotient+3)^0,f,c
  5362   0015E8                     l3128:
  5363   0015E8  C00E  F004         	movff	___aldiv@quotient,?___aldiv
  5364   0015EC  C00F  F005         	movff	___aldiv@quotient+1,?___aldiv+1
  5365   0015F0  C010  F006         	movff	___aldiv@quotient+2,?___aldiv+2
  5366   0015F4  C011  F007         	movff	___aldiv@quotient+3,?___aldiv+3
  5367   0015F8  0012               	return		;funcret
  5368   0015FA                     __end_of___aldiv:
  5369                           	callstack 0
  5370                           
  5371 ;; *************** function _ADC_Leer *****************
  5372 ;; Defined at:
  5373 ;;		line 39 in file "ADC.c"
  5374 ;; Parameters:    Size  Location     Type
  5375 ;;  canal           1    wreg     unsigned char 
  5376 ;; Auto vars:     Size  Location     Type
  5377 ;;  canal           1    7[COMRAM] unsigned char 
  5378 ;; Return value:  Size  Location     Type
  5379 ;;                  2    3[COMRAM] unsigned short 
  5380 ;; Registers used:
  5381 ;;		wreg, status,2, status,0
  5382 ;; Tracked objects:
  5383 ;;		On entry : 0/0
  5384 ;;		On exit  : 0/0
  5385 ;;		Unchanged: 0/0
  5386 ;; Data sizes:     COMRAM   BANK0   BANK1   BANK2   BANK3   BANK4   BANK5   BANK6   BANK7
  5387 ;;      Params:         2       0       0       0       0       0       0       0       0
  5388 ;;      Locals:         1       0       0       0       0       0       0       0       0
  5389 ;;      Temps:          2       0       0       0       0       0       0       0       0
  5390 ;;      Totals:         5       0       0       0       0       0       0       0       0
  5391 ;;Total ram usage:        5 bytes
  5392 ;; Hardware stack levels used: 1
  5393 ;; Hardware stack levels required when called: 2
  5394 ;; This function calls:
  5395 ;;		Nothing
  5396 ;; This function is called by:
  5397 ;;		_Proceso_ADC
  5398 ;;		_Ntc_LeerTemperatura
  5399 ;; This function uses a non-reentrant model
  5400 ;;
  5401                           
  5402                           	psect	text24
  5403   002370                     __ptext24:
  5404                           	callstack 0
  5405   002370                     _ADC_Leer:
  5406                           	callstack 26
  5407                           
  5408                           ;incstack = 0
  5409                           ;ADC_Leer@canal stored from wreg
  5410   002370  6E08               	movwf	ADC_Leer@canal^0,c
  5411   002372                     
  5412                           ;ADC.c: 39: uint16_t ADC_Leer(uint8_t canal);ADC.c: 40: {;ADC.c: 41:     if (canal > 5u)
  5413   002372  0E05               	movlw	5
  5414   002374  6408               	cpfsgt	ADC_Leer@canal^0,c
  5415   002376  EFBF  F011         	goto	u2821
  5416   00237A  EFC1  F011         	goto	u2820
  5417   00237E                     u2821:
  5418   00237E  EFC5  F011         	goto	l3388
  5419   002382                     u2820:
  5420   002382                     
  5421                           ;ADC.c: 42:         return 0xFFFFu;
  5422   002382  6804               	setf	?_ADC_Leer^0,c
  5423   002384  6805               	setf	(?_ADC_Leer+1)^0,c
  5424   002386  EFDC  F011         	goto	l571
  5425   00238A                     l3388:
  5426                           
  5427                           ;ADC.c: 44:     ADCON0bits.CHS = canal;
  5428   00238A  C008  F006         	movff	ADC_Leer@canal,??_ADC_Leer
  5429   00238E  4606               	rlncf	??_ADC_Leer^0,f,c
  5430   002390  4606               	rlncf	??_ADC_Leer^0,f,c
  5431   002392  50C2               	movf	194,w,c	;volatile
  5432   002394  1806               	xorwf	??_ADC_Leer^0,w,c
  5433   002396  0B83               	andlw	-125
  5434   002398  1806               	xorwf	??_ADC_Leer^0,w,c
  5435   00239A  6EC2               	movwf	194,c	;volatile
  5436   00239C                     
  5437                           ;ADC.c: 45:     ADCON0bits.GO_nDONE = 1;
  5438   00239C  82C2               	bsf	194,1,c	;volatile
  5439   00239E                     l572:
  5440   00239E  B2C2               	btfsc	194,1,c	;volatile
  5441   0023A0  EFD4  F011         	goto	u2831
  5442   0023A4  EFD6  F011         	goto	u2830
  5443   0023A8                     u2831:
  5444   0023A8  EFCF  F011         	goto	l572
  5445   0023AC                     u2830:
  5446   0023AC                     
  5447                           ;ADC.c: 48:     return ((uint16_t)ADRESH << 8) | ADRESL;
  5448   0023AC  50C4               	movf	196,w,c	;volatile
  5449   0023AE  6E06               	movwf	??_ADC_Leer^0,c
  5450   0023B0  50C3               	movf	195,w,c	;volatile
  5451   0023B2  6E04               	movwf	?_ADC_Leer^0,c
  5452   0023B4  C006  F005         	movff	??_ADC_Leer,?_ADC_Leer+1
  5453   0023B8                     l571:
  5454   0023B8  0012               	return		;funcret
  5455   0023BA                     __end_of_ADC_Leer:
  5456                           	callstack 0
  5457                           
  5458 ;; *************** function _Get_Comando *****************
  5459 ;; Defined at:
  5460 ;;		line 63 in file "Uart.c"
  5461 ;; Parameters:    Size  Location     Type
  5462 ;;  Data            2    0[BANK0 ] PTR unsigned char 
  5463 ;;		 -> Buffer(150), 
  5464 ;; Auto vars:     Size  Location     Type
  5465 ;;  c               1   21[BANK0 ] unsigned char 
  5466 ;;  c               1   20[BANK0 ] unsigned char 
  5467 ;;  i               2   14[BANK0 ] int 
  5468 ;;  i               2   10[BANK0 ] int 
  5469 ;;  Tiempo          2   12[BANK0 ] int 
  5470 ;;  Fin             2    6[BANK0 ] int 
  5471 ;;  Estado          1   22[BANK0 ] unsigned char 
  5472 ;;  Rele            1   19[BANK0 ] unsigned char 
  5473 ;;  Coma            1   18[BANK0 ] unsigned char 
  5474 ;;  Tiempo          2    8[BANK0 ] unsigned int 
  5475 ;;  Fin             2    4[BANK0 ] int 
  5476 ;;  Coma            1   17[BANK0 ] unsigned char 
  5477 ;;  Rele            1   16[BANK0 ] unsigned char 
  5478 ;;  Index           2   23[BANK0 ] int 
  5479 ;; Return value:  Size  Location     Type
  5480 ;;                  1    wreg      void 
  5481 ;; Registers used:
  5482 ;;		wreg, fsr0l, fsr0h, fsr1l, fsr1h, fsr2l, fsr2h, status,2, status,0, tblptrl, tblptrh, tblptru, prodl, prodh, cstack
  5483 ;; Tracked objects:
  5484 ;;		On entry : 0/0
  5485 ;;		On exit  : 0/0
  5486 ;;		Unchanged: 0/0
  5487 ;; Data sizes:     COMRAM   BANK0   BANK1   BANK2   BANK3   BANK4   BANK5   BANK6   BANK7
  5488 ;;      Params:         0       2       0       0       0       0       0       0       0
  5489 ;;      Locals:         0      21       0       0       0       0       0       0       0
  5490 ;;      Temps:          0       2       0       0       0       0       0       0       0
  5491 ;;      Totals:         0      25       0       0       0       0       0       0       0
  5492 ;;Total ram usage:       25 bytes
  5493 ;; Hardware stack levels used: 1
  5494 ;; Hardware stack levels required when called: 8
  5495 ;; This function calls:
  5496 ;;		_Armado_Stop
  5497 ;;		_Damper_Abrir
  5498 ;;		_Damper_Cerrar
  5499 ;;		_Evaporador_Off
  5500 ;;		_Evaporador_On
  5501 ;;		_Imprime_Estado
  5502 ;;		_Inyecta_Gas
  5503 ;;		_Inyecta_Liquido
  5504 ;;		_Power_Rele
  5505 ;;		_Texto_IndexOf
  5506 ;;		_Ventilador_Off
  5507 ;;		_Ventilador_On
  5508 ;; This function is called by:
  5509 ;;		_main
  5510 ;; This function uses a non-reentrant model
  5511 ;;
  5512                           
  5513                           	psect	text25
  5514   00009A                     __ptext25:
  5515                           	callstack 0
  5516   00009A                     _Get_Comando:
  5517                           	callstack 22
  5518   00009A                     
  5519                           ;Uart.c: 64:     if (Texto_IndexOf(Data, "AGROLATINA_G01") >= 0) {
  5520   00009A  C0E2  F008         	movff	Get_Comando@Data,Texto_IndexOf@texto
  5521   00009E  C0E3  F009         	movff	Get_Comando@Data+1,Texto_IndexOf@texto+1
  5522   0000A2  0E49               	movlw	low STR_1
  5523   0000A4  6E0A               	movwf	Texto_IndexOf@valor^0,c
  5524   0000A6  0E7F               	movlw	high STR_1
  5525   0000A8  6E0B               	movwf	(Texto_IndexOf@valor+1)^0,c
  5526   0000AA  EC33  F009         	call	_Texto_IndexOf	;wreg free
  5527   0000AE  BE09               	btfsc	(?_Texto_IndexOf+1)^0,7,c
  5528   0000B0  EF5C  F000         	goto	u3981
  5529   0000B4  EF5E  F000         	goto	u3980
  5530   0000B8                     u3981:
  5531   0000B8  EF1B  F003         	goto	l474
  5532   0000BC                     u3980:
  5533   0000BC                     
  5534                           ;Uart.c: 65:         if (Texto_IndexOf(Data, "CB01") >= 0) {
  5535   0000BC  C0E2  F008         	movff	Get_Comando@Data,Texto_IndexOf@texto
  5536   0000C0  C0E3  F009         	movff	Get_Comando@Data+1,Texto_IndexOf@texto+1
  5537   0000C4  0EEA               	movlw	low STR_2
  5538   0000C6  6E0A               	movwf	Texto_IndexOf@valor^0,c
  5539   0000C8  0E7F               	movlw	high STR_2
  5540   0000CA  6E0B               	movwf	(Texto_IndexOf@valor+1)^0,c
  5541   0000CC  EC33  F009         	call	_Texto_IndexOf	;wreg free
  5542   0000D0  BE09               	btfsc	(?_Texto_IndexOf+1)^0,7,c
  5543   0000D2  EF6D  F000         	goto	u3991
  5544   0000D6  EF6F  F000         	goto	u3990
  5545   0000DA                     u3991:
  5546   0000DA  EF1B  F003         	goto	l474
  5547   0000DE                     u3990:
  5548   0000DE                     
  5549                           ;Uart.c: 68:             Index = Texto_IndexOf(Data, "RT(");
  5550   0000DE  C0E2  F008         	movff	Get_Comando@Data,Texto_IndexOf@texto
  5551   0000E2  C0E3  F009         	movff	Get_Comando@Data+1,Texto_IndexOf@texto+1
  5552   0000E6  0EF3               	movlw	low STR_3
  5553   0000E8  6E0A               	movwf	Texto_IndexOf@valor^0,c
  5554   0000EA  0E7F               	movlw	high STR_3
  5555   0000EC  6E0B               	movwf	(Texto_IndexOf@valor+1)^0,c
  5556   0000EE  EC33  F009         	call	_Texto_IndexOf	;wreg free
  5557   0000F2  C008  F0F9         	movff	?_Texto_IndexOf,Get_Comando@Index
  5558   0000F6  C009  F0FA         	movff	?_Texto_IndexOf+1,Get_Comando@Index+1
  5559   0000FA                     
  5560                           ;Uart.c: 69:             if (Index >= 0) {
  5561   0000FA  0100               	movlb	0	; () banked
  5562   0000FC  BFFA               	btfsc	(Get_Comando@Index+1)& (0+255),7,b
  5563   0000FE  EF83  F000         	goto	u4001
  5564   000102  EF85  F000         	goto	u4000
  5565   000106                     u4001:
  5566   000106  EF03  F001         	goto	l4314
  5567   00010A                     u4000:
  5568   00010A                     
  5569                           ; BSR set to: 0
  5570                           ;Uart.c: 70:                 int Fin = Texto_IndexOf(Data, ")");
  5571   00010A  C0E2  F008         	movff	Get_Comando@Data,Texto_IndexOf@texto
  5572   00010E  C0E3  F009         	movff	Get_Comando@Data+1,Texto_IndexOf@texto+1
  5573   000112  0EFA               	movlw	low STR_4
  5574   000114  6E0A               	movwf	Texto_IndexOf@valor^0,c
  5575   000116  0E7F               	movlw	high STR_4
  5576   000118  6E0B               	movwf	(Texto_IndexOf@valor+1)^0,c
  5577   00011A  EC33  F009         	call	_Texto_IndexOf	;wreg free
  5578   00011E  C008  F0E6         	movff	?_Texto_IndexOf,Get_Comando@Fin
  5579   000122  C009  F0E7         	movff	?_Texto_IndexOf+1,Get_Comando@Fin+1
  5580   000126                     
  5581                           ;Uart.c: 71:                 unsigned int Tiempo = 0;
  5582   000126  0E00               	movlw	0
  5583   000128  0100               	movlb	0	; () banked
  5584   00012A  6FEB               	movwf	(Get_Comando@Tiempo+1)& (0+255),b
  5585   00012C  0E00               	movlw	0
  5586   00012E  6FEA               	movwf	Get_Comando@Tiempo& (0+255),b
  5587   000130                     
  5588                           ; BSR set to: 0
  5589                           ;Uart.c: 72:                 unsigned char Rele = 0;
  5590   000130  6BF2               	clrf	Get_Comando@Rele& (0+255),b
  5591   000132                     
  5592                           ; BSR set to: 0
  5593                           ;Uart.c: 73:                 unsigned char Coma = 0;
  5594   000132  6BF3               	clrf	Get_Comando@Coma& (0+255),b
  5595   000134                     
  5596                           ; BSR set to: 0
  5597                           ;Uart.c: 74:                 for (int i = Index; i < Fin; i++) {
  5598   000134  C0F9  F0EC         	movff	Get_Comando@Index,Get_Comando@i
  5599   000138  C0FA  F0ED         	movff	Get_Comando@Index+1,Get_Comando@i+1
  5600   00013C  EFED  F000         	goto	l4310
  5601   000140                     l4290:
  5602                           
  5603                           ; BSR set to: 0
  5604                           ;Uart.c: 75:                     char c = Data[i];
  5605   000140  51EC               	movf	Get_Comando@i& (0+255),w,b
  5606   000142  25E2               	addwf	Get_Comando@Data& (0+255),w,b
  5607   000144  6ED9               	movwf	fsr2l,c
  5608   000146  51ED               	movf	(Get_Comando@i+1)& (0+255),w,b
  5609   000148  21E3               	addwfc	(Get_Comando@Data+1)& (0+255),w,b
  5610   00014A  6EDA               	movwf	fsr2h,c
  5611   00014C  50DF               	movf	indf2,w,c
  5612   00014E  6FF6               	movwf	Get_Comando@c& (0+255),b
  5613   000150                     
  5614                           ; BSR set to: 0
  5615                           ;Uart.c: 76:                     if (c == ',') Coma++;
  5616   000150  0E2C               	movlw	44
  5617   000152  19F6               	xorwf	Get_Comando@c& (0+255),w,b
  5618   000154  A4D8               	btfss	status,2,c
  5619   000156  EFAF  F000         	goto	u4011
  5620   00015A  EFB1  F000         	goto	u4010
  5621   00015E                     u4011:
  5622   00015E  EFB2  F000         	goto	l4296
  5623   000162                     u4010:
  5624   000162                     
  5625                           ; BSR set to: 0
  5626   000162  2BF3               	incf	Get_Comando@Coma& (0+255),f,b
  5627   000164                     l4296:
  5628                           
  5629                           ; BSR set to: 0
  5630                           ;Uart.c: 77:                     if (c >= '0' && c <= '9') {
  5631   000164  0E2F               	movlw	47
  5632   000166  65F6               	cpfsgt	Get_Comando@c& (0+255),b
  5633   000168  EFB8  F000         	goto	u4021
  5634   00016C  EFBA  F000         	goto	u4020
  5635   000170                     u4021:
  5636   000170  EFEB  F000         	goto	l4308
  5637   000174                     u4020:
  5638   000174                     
  5639                           ; BSR set to: 0
  5640   000174  0E3A               	movlw	58
  5641   000176  61F6               	cpfslt	Get_Comando@c& (0+255),b
  5642   000178  EFC0  F000         	goto	u4031
  5643   00017C  EFC2  F000         	goto	u4030
  5644   000180                     u4031:
  5645   000180  EFEB  F000         	goto	l4308
  5646   000184                     u4030:
  5647   000184                     
  5648                           ; BSR set to: 0
  5649                           ;Uart.c: 78:                         if (Coma == 0) Rele = Rele * 10 + c - 48;
  5650   000184  51F3               	movf	Get_Comando@Coma& (0+255),w,b
  5651   000186  A4D8               	btfss	status,2,c
  5652   000188  EFC8  F000         	goto	u4041
  5653   00018C  EFCA  F000         	goto	u4040
  5654   000190                     u4041:
  5655   000190  EFD0  F000         	goto	l4304
  5656   000194                     u4040:
  5657   000194                     
  5658                           ; BSR set to: 0
  5659   000194  51F2               	movf	Get_Comando@Rele& (0+255),w,b
  5660   000196  0D0A               	mullw	10
  5661   000198  50F3               	movf	243,w,c
  5662   00019A  25F6               	addwf	Get_Comando@c& (0+255),w,b
  5663   00019C  0FD0               	addlw	208
  5664   00019E  6FF2               	movwf	Get_Comando@Rele& (0+255),b
  5665   0001A0                     l4304:
  5666                           
  5667                           ; BSR set to: 0
  5668                           ;Uart.c: 79:                         if (Coma == 1) Tiempo = Tiempo * 10 + c - 48;
  5669   0001A0  05F3               	decf	Get_Comando@Coma& (0+255),w,b
  5670   0001A2  A4D8               	btfss	status,2,c
  5671   0001A4  EFD6  F000         	goto	u4051
  5672   0001A8  EFD8  F000         	goto	u4050
  5673   0001AC                     u4051:
  5674   0001AC  EFEB  F000         	goto	l4308
  5675   0001B0                     u4050:
  5676   0001B0                     
  5677                           ; BSR set to: 0
  5678   0001B0  0E0A               	movlw	10
  5679   0001B2  03EA               	mulwf	Get_Comando@Tiempo& (0+255),b
  5680   0001B4  CFF3 F0E4          	movff	prodl,??_Get_Comando
  5681   0001B8  CFF4 F0E5          	movff	prodh,??_Get_Comando+1
  5682   0001BC  03EB               	mulwf	(Get_Comando@Tiempo+1)& (0+255),b
  5683   0001BE  50F3               	movf	prodl,w,c
  5684   0001C0  27E5               	addwf	(??_Get_Comando+1)& (0+255),f,b
  5685   0001C2  51F6               	movf	Get_Comando@c& (0+255),w,b
  5686   0001C4  27E4               	addwf	??_Get_Comando& (0+255),f,b
  5687   0001C6  0E00               	movlw	0
  5688   0001C8  23E5               	addwfc	(??_Get_Comando+1)& (0+255),f,b
  5689   0001CA  0ED0               	movlw	208
  5690   0001CC  25E4               	addwf	??_Get_Comando& (0+255),w,b
  5691   0001CE  6FEA               	movwf	Get_Comando@Tiempo& (0+255),b
  5692   0001D0  0EFF               	movlw	255
  5693   0001D2  21E5               	addwfc	(??_Get_Comando+1)& (0+255),w,b
  5694   0001D4  6FEB               	movwf	(Get_Comando@Tiempo+1)& (0+255),b
  5695   0001D6                     l4308:
  5696                           
  5697                           ; BSR set to: 0
  5698                           ;Uart.c: 81:                 }
  5699   0001D6  4BEC               	infsnz	Get_Comando@i& (0+255),f,b
  5700   0001D8  2BED               	incf	(Get_Comando@i+1)& (0+255),f,b
  5701   0001DA                     l4310:
  5702                           
  5703                           ; BSR set to: 0
  5704   0001DA  51E6               	movf	Get_Comando@Fin& (0+255),w,b
  5705   0001DC  5DEC               	subwf	Get_Comando@i& (0+255),w,b
  5706   0001DE  51ED               	movf	(Get_Comando@i+1)& (0+255),w,b
  5707   0001E0  0A80               	xorlw	128
  5708   0001E2  6FE4               	movwf	??_Get_Comando& (0+255),b
  5709   0001E4  51E7               	movf	(Get_Comando@Fin+1)& (0+255),w,b
  5710   0001E6  0A80               	xorlw	128
  5711   0001E8  59E4               	subwfb	??_Get_Comando& (0+255),w,b
  5712   0001EA  A0D8               	btfss	status,0,c
  5713   0001EC  EFFA  F000         	goto	u4061
  5714   0001F0  EFFC  F000         	goto	u4060
  5715   0001F4                     u4061:
  5716   0001F4  EFA0  F000         	goto	l4290
  5717   0001F8                     u4060:
  5718   0001F8                     
  5719                           ; BSR set to: 0
  5720                           ;Uart.c: 82:                 Power_Rele(Rele, Tiempo);
  5721   0001F8  C0EA  F035         	movff	Get_Comando@Tiempo,Power_Rele@Tiempo
  5722   0001FC  C0EB  F036         	movff	Get_Comando@Tiempo+1,Power_Rele@Tiempo+1
  5723   000200  51F2               	movf	Get_Comando@Rele& (0+255),w,b
  5724   000202  EC82  F00B         	call	_Power_Rele
  5725   000206                     l4314:
  5726                           
  5727                           ;Uart.c: 85:             Index = Texto_IndexOf(Data, "RP(");
  5728   000206  C0E2  F008         	movff	Get_Comando@Data,Texto_IndexOf@texto
  5729   00020A  C0E3  F009         	movff	Get_Comando@Data+1,Texto_IndexOf@texto+1
  5730   00020E  0EEF               	movlw	low STR_5
  5731   000210  6E0A               	movwf	Texto_IndexOf@valor^0,c
  5732   000212  0E7F               	movlw	high STR_5
  5733   000214  6E0B               	movwf	(Texto_IndexOf@valor+1)^0,c
  5734   000216  EC33  F009         	call	_Texto_IndexOf	;wreg free
  5735   00021A  C008  F0F9         	movff	?_Texto_IndexOf,Get_Comando@Index
  5736   00021E  C009  F0FA         	movff	?_Texto_IndexOf+1,Get_Comando@Index+1
  5737   000222                     
  5738                           ;Uart.c: 86:             if (Index >= 0) {
  5739   000222  0100               	movlb	0	; () banked
  5740   000224  BFFA               	btfsc	(Get_Comando@Index+1)& (0+255),7,b
  5741   000226  EF17  F001         	goto	u4071
  5742   00022A  EF19  F001         	goto	u4070
  5743   00022E                     u4071:
  5744   00022E  EF13  F002         	goto	l4360
  5745   000232                     u4070:
  5746   000232                     
  5747                           ; BSR set to: 0
  5748                           ;Uart.c: 87:                 int Fin = Texto_IndexOf(Data, ")");
  5749   000232  C0E2  F008         	movff	Get_Comando@Data,Texto_IndexOf@texto
  5750   000236  C0E3  F009         	movff	Get_Comando@Data+1,Texto_IndexOf@texto+1
  5751   00023A  0EFA               	movlw	low STR_4
  5752   00023C  6E0A               	movwf	Texto_IndexOf@valor^0,c
  5753   00023E  0E7F               	movlw	high STR_4
  5754   000240  6E0B               	movwf	(Texto_IndexOf@valor+1)^0,c
  5755   000242  EC33  F009         	call	_Texto_IndexOf	;wreg free
  5756   000246  C008  F0E8         	movff	?_Texto_IndexOf,Get_Comando@Fin_1436
  5757   00024A  C009  F0E9         	movff	?_Texto_IndexOf+1,Get_Comando@Fin_1436+1
  5758   00024E                     
  5759                           ;Uart.c: 88:                 int Tiempo = 0;
  5760   00024E  0E00               	movlw	0
  5761   000250  0100               	movlb	0	; () banked
  5762   000252  6FEF               	movwf	(Get_Comando@Tiempo_1438+1)& (0+255),b
  5763   000254  0E00               	movlw	0
  5764   000256  6FEE               	movwf	Get_Comando@Tiempo_1438& (0+255),b
  5765   000258                     
  5766                           ; BSR set to: 0
  5767                           ;Uart.c: 89:                 unsigned char Rele = 0;
  5768   000258  6BF5               	clrf	Get_Comando@Rele_1439& (0+255),b
  5769   00025A                     
  5770                           ; BSR set to: 0
  5771                           ;Uart.c: 90:                 unsigned char Coma = 0;
  5772   00025A  6BF4               	clrf	Get_Comando@Coma_1440& (0+255),b
  5773   00025C                     
  5774                           ; BSR set to: 0
  5775                           ;Uart.c: 91:                 for (int i = Index; i < Fin; i++) {
  5776   00025C  C0F9  F0F0         	movff	Get_Comando@Index,Get_Comando@i_1441
  5777   000260  C0FA  F0F1         	movff	Get_Comando@Index+1,Get_Comando@i_1441+1
  5778   000264  EF81  F001         	goto	l4348
  5779   000268                     l4328:
  5780                           
  5781                           ; BSR set to: 0
  5782                           ;Uart.c: 92:                     char c = Data[i];
  5783   000268  51F0               	movf	Get_Comando@i_1441& (0+255),w,b
  5784   00026A  25E2               	addwf	Get_Comando@Data& (0+255),w,b
  5785   00026C  6ED9               	movwf	fsr2l,c
  5786   00026E  51F1               	movf	(Get_Comando@i_1441+1)& (0+255),w,b
  5787   000270  21E3               	addwfc	(Get_Comando@Data+1)& (0+255),w,b
  5788   000272  6EDA               	movwf	fsr2h,c
  5789   000274  50DF               	movf	indf2,w,c
  5790   000276  6FF7               	movwf	Get_Comando@c_1442& (0+255),b
  5791   000278                     
  5792                           ; BSR set to: 0
  5793                           ;Uart.c: 93:                     if (c == ',') Coma++;
  5794   000278  0E2C               	movlw	44
  5795   00027A  19F7               	xorwf	Get_Comando@c_1442& (0+255),w,b
  5796   00027C  A4D8               	btfss	status,2,c
  5797   00027E  EF43  F001         	goto	u4081
  5798   000282  EF45  F001         	goto	u4080
  5799   000286                     u4081:
  5800   000286  EF46  F001         	goto	l4334
  5801   00028A                     u4080:
  5802   00028A                     
  5803                           ; BSR set to: 0
  5804   00028A  2BF4               	incf	Get_Comando@Coma_1440& (0+255),f,b
  5805   00028C                     l4334:
  5806                           
  5807                           ; BSR set to: 0
  5808                           ;Uart.c: 94:                     if (c >= '0' && c <= '9') {
  5809   00028C  0E2F               	movlw	47
  5810   00028E  65F7               	cpfsgt	Get_Comando@c_1442& (0+255),b
  5811   000290  EF4C  F001         	goto	u4091
  5812   000294  EF4E  F001         	goto	u4090
  5813   000298                     u4091:
  5814   000298  EF7F  F001         	goto	l4346
  5815   00029C                     u4090:
  5816   00029C                     
  5817                           ; BSR set to: 0
  5818   00029C  0E3A               	movlw	58
  5819   00029E  61F7               	cpfslt	Get_Comando@c_1442& (0+255),b
  5820   0002A0  EF54  F001         	goto	u4101
  5821   0002A4  EF56  F001         	goto	u4100
  5822   0002A8                     u4101:
  5823   0002A8  EF7F  F001         	goto	l4346
  5824   0002AC                     u4100:
  5825   0002AC                     
  5826                           ; BSR set to: 0
  5827                           ;Uart.c: 95:                         if (Coma == 0) Rele = Rele * 10 + c - 48;
  5828   0002AC  51F4               	movf	Get_Comando@Coma_1440& (0+255),w,b
  5829   0002AE  A4D8               	btfss	status,2,c
  5830   0002B0  EF5C  F001         	goto	u4111
  5831   0002B4  EF5E  F001         	goto	u4110
  5832   0002B8                     u4111:
  5833   0002B8  EF64  F001         	goto	l4342
  5834   0002BC                     u4110:
  5835   0002BC                     
  5836                           ; BSR set to: 0
  5837   0002BC  51F5               	movf	Get_Comando@Rele_1439& (0+255),w,b
  5838   0002BE  0D0A               	mullw	10
  5839   0002C0  50F3               	movf	243,w,c
  5840   0002C2  25F7               	addwf	Get_Comando@c_1442& (0+255),w,b
  5841   0002C4  0FD0               	addlw	208
  5842   0002C6  6FF5               	movwf	Get_Comando@Rele_1439& (0+255),b
  5843   0002C8                     l4342:
  5844                           
  5845                           ; BSR set to: 0
  5846                           ;Uart.c: 96:                         if (Coma == 1) Tiempo = Tiempo * 10 + c - 48;
  5847   0002C8  05F4               	decf	Get_Comando@Coma_1440& (0+255),w,b
  5848   0002CA  A4D8               	btfss	status,2,c
  5849   0002CC  EF6A  F001         	goto	u4121
  5850   0002D0  EF6C  F001         	goto	u4120
  5851   0002D4                     u4121:
  5852   0002D4  EF7F  F001         	goto	l4346
  5853   0002D8                     u4120:
  5854   0002D8                     
  5855                           ; BSR set to: 0
  5856   0002D8  0E0A               	movlw	10
  5857   0002DA  03EE               	mulwf	Get_Comando@Tiempo_1438& (0+255),b
  5858   0002DC  CFF3 F0E4          	movff	prodl,??_Get_Comando
  5859   0002E0  CFF4 F0E5          	movff	prodh,??_Get_Comando+1
  5860   0002E4  03EF               	mulwf	(Get_Comando@Tiempo_1438+1)& (0+255),b
  5861   0002E6  50F3               	movf	prodl,w,c
  5862   0002E8  27E5               	addwf	(??_Get_Comando+1)& (0+255),f,b
  5863   0002EA  51F7               	movf	Get_Comando@c_1442& (0+255),w,b
  5864   0002EC  27E4               	addwf	??_Get_Comando& (0+255),f,b
  5865   0002EE  0E00               	movlw	0
  5866   0002F0  23E5               	addwfc	(??_Get_Comando+1)& (0+255),f,b
  5867   0002F2  0ED0               	movlw	208
  5868   0002F4  25E4               	addwf	??_Get_Comando& (0+255),w,b
  5869   0002F6  6FEE               	movwf	Get_Comando@Tiempo_1438& (0+255),b
  5870   0002F8  0EFF               	movlw	255
  5871   0002FA  21E5               	addwfc	(??_Get_Comando+1)& (0+255),w,b
  5872   0002FC  6FEF               	movwf	(Get_Comando@Tiempo_1438+1)& (0+255),b
  5873   0002FE                     l4346:
  5874                           
  5875                           ; BSR set to: 0
  5876                           ;Uart.c: 98:                 }
  5877   0002FE  4BF0               	infsnz	Get_Comando@i_1441& (0+255),f,b
  5878   000300  2BF1               	incf	(Get_Comando@i_1441+1)& (0+255),f,b
  5879   000302                     l4348:
  5880                           
  5881                           ; BSR set to: 0
  5882   000302  51E8               	movf	Get_Comando@Fin_1436& (0+255),w,b
  5883   000304  5DF0               	subwf	Get_Comando@i_1441& (0+255),w,b
  5884   000306  51F1               	movf	(Get_Comando@i_1441+1)& (0+255),w,b
  5885   000308  0A80               	xorlw	128
  5886   00030A  6FE4               	movwf	??_Get_Comando& (0+255),b
  5887   00030C  51E9               	movf	(Get_Comando@Fin_1436+1)& (0+255),w,b
  5888   00030E  0A80               	xorlw	128
  5889   000310  59E4               	subwfb	??_Get_Comando& (0+255),w,b
  5890   000312  A0D8               	btfss	status,0,c
  5891   000314  EF8E  F001         	goto	u4131
  5892   000318  EF90  F001         	goto	u4130
  5893   00031C                     u4131:
  5894   00031C  EF34  F001         	goto	l4328
  5895   000320                     u4130:
  5896   000320                     
  5897                           ; BSR set to: 0
  5898                           ;Uart.c: 99:                 uint8_t Estado = 0;
  5899   000320  6BF8               	clrf	Get_Comando@Estado& (0+255),b
  5900   000322                     
  5901                           ; BSR set to: 0
  5902                           ;Uart.c: 100:                 if (Tiempo == 0) Estado = 1;
  5903   000322  51EE               	movf	Get_Comando@Tiempo_1438& (0+255),w,b
  5904   000324  11EF               	iorwf	(Get_Comando@Tiempo_1438+1)& (0+255),w,b
  5905   000326  A4D8               	btfss	status,2,c
  5906   000328  EF98  F001         	goto	u4141
  5907   00032C  EF9A  F001         	goto	u4140
  5908   000330                     u4141:
  5909   000330  EF9E  F001         	goto	l449
  5910   000334                     u4140:
  5911   000334                     
  5912                           ; BSR set to: 0
  5913   000334  0E01               	movlw	1
  5914   000336  6FF8               	movwf	Get_Comando@Estado& (0+255),b
  5915   000338  EF9F  F001         	goto	l4354
  5916   00033C                     l449:
  5917                           
  5918                           ; BSR set to: 0
  5919   00033C  6BF8               	clrf	Get_Comando@Estado& (0+255),b
  5920   00033E                     l4354:
  5921                           
  5922                           ; BSR set to: 0
  5923                           ;Uart.c: 102:                 Rele--;
  5924   00033E  07F5               	decf	Get_Comando@Rele_1439& (0+255),f,b
  5925                           
  5926                           ;Uart.c: 103:                 switch (Rele) {
  5927   000340  EFE8  F001         	goto	l4358
  5928   000344                     l452:
  5929                           
  5930                           ; BSR set to: 0
  5931   000344  B1F8               	btfsc	Get_Comando@Estado& (0+255),0,b
  5932   000346  D002               	bra	u4155
  5933   000348  9A8A               	bcf	138,5,c	;volatile
  5934   00034A  D001               	bra	u4156
  5935   00034C                     u4155:
  5936   00034C  8A8A               	bsf	138,5,c	;volatile
  5937   00034E                     u4156:
  5938                           
  5939                           ;Uart.c: 105:                         break;
  5940   00034E  EF13  F002         	goto	l4360
  5941   000352                     l454:
  5942                           
  5943                           ; BSR set to: 0
  5944   000352  B1F8               	btfsc	Get_Comando@Estado& (0+255),0,b
  5945   000354  D002               	bra	u4165
  5946   000356  988A               	bcf	138,4,c	;volatile
  5947   000358  D001               	bra	u4166
  5948   00035A                     u4165:
  5949   00035A  888A               	bsf	138,4,c	;volatile
  5950   00035C                     u4166:
  5951                           
  5952                           ;Uart.c: 107:                         break;
  5953   00035C  EF13  F002         	goto	l4360
  5954   000360                     l455:
  5955                           
  5956                           ; BSR set to: 0
  5957   000360  B1F8               	btfsc	Get_Comando@Estado& (0+255),0,b
  5958   000362  D002               	bra	u4175
  5959   000364  968A               	bcf	138,3,c	;volatile
  5960   000366  D001               	bra	u4176
  5961   000368                     u4175:
  5962   000368  868A               	bsf	138,3,c	;volatile
  5963   00036A                     u4176:
  5964                           
  5965                           ;Uart.c: 109:                         break;
  5966   00036A  EF13  F002         	goto	l4360
  5967   00036E                     l456:
  5968                           
  5969                           ; BSR set to: 0
  5970   00036E  B1F8               	btfsc	Get_Comando@Estado& (0+255),0,b
  5971   000370  D002               	bra	u4185
  5972   000372  948A               	bcf	138,2,c	;volatile
  5973   000374  D001               	bra	u4186
  5974   000376                     u4185:
  5975   000376  848A               	bsf	138,2,c	;volatile
  5976   000378                     u4186:
  5977                           
  5978                           ;Uart.c: 111:                         break;
  5979   000378  EF13  F002         	goto	l4360
  5980   00037C                     l457:
  5981                           
  5982                           ; BSR set to: 0
  5983   00037C  B1F8               	btfsc	Get_Comando@Estado& (0+255),0,b
  5984   00037E  D002               	bra	u4195
  5985   000380  928A               	bcf	138,1,c	;volatile
  5986   000382  D001               	bra	u4196
  5987   000384                     u4195:
  5988   000384  828A               	bsf	138,1,c	;volatile
  5989   000386                     u4196:
  5990                           
  5991                           ;Uart.c: 113:                         break;
  5992   000386  EF13  F002         	goto	l4360
  5993   00038A                     l458:
  5994                           
  5995                           ; BSR set to: 0
  5996   00038A  B1F8               	btfsc	Get_Comando@Estado& (0+255),0,b
  5997   00038C  D002               	bra	u4205
  5998   00038E  908A               	bcf	138,0,c	;volatile
  5999   000390  D001               	bra	u4206
  6000   000392                     u4205:
  6001   000392  808A               	bsf	138,0,c	;volatile
  6002   000394                     u4206:
  6003                           
  6004                           ;Uart.c: 115:                         break;
  6005   000394  EF13  F002         	goto	l4360
  6006   000398                     l459:
  6007                           
  6008                           ; BSR set to: 0
  6009   000398  B1F8               	btfsc	Get_Comando@Estado& (0+255),0,b
  6010   00039A  D002               	bra	u4215
  6011   00039C  9E8C               	bcf	140,7,c	;volatile
  6012   00039E  D001               	bra	u4216
  6013   0003A0                     u4215:
  6014   0003A0  8E8C               	bsf	140,7,c	;volatile
  6015   0003A2                     u4216:
  6016                           
  6017                           ;Uart.c: 117:                         break;
  6018   0003A2  EF13  F002         	goto	l4360
  6019   0003A6                     l460:
  6020                           
  6021                           ; BSR set to: 0
  6022   0003A6  B1F8               	btfsc	Get_Comando@Estado& (0+255),0,b
  6023   0003A8  D002               	bra	u4225
  6024   0003AA  9C8C               	bcf	140,6,c	;volatile
  6025   0003AC  D001               	bra	u4226
  6026   0003AE                     u4225:
  6027   0003AE  8C8C               	bsf	140,6,c	;volatile
  6028   0003B0                     u4226:
  6029                           
  6030                           ;Uart.c: 119:                         break;
  6031   0003B0  EF13  F002         	goto	l4360
  6032   0003B4                     l461:
  6033                           
  6034                           ; BSR set to: 0
  6035   0003B4  B1F8               	btfsc	Get_Comando@Estado& (0+255),0,b
  6036   0003B6  D002               	bra	u4235
  6037   0003B8  9A8C               	bcf	140,5,c	;volatile
  6038   0003BA  D001               	bra	u4236
  6039   0003BC                     u4235:
  6040   0003BC  8A8C               	bsf	140,5,c	;volatile
  6041   0003BE                     u4236:
  6042                           
  6043                           ;Uart.c: 121:                         break;
  6044   0003BE  EF13  F002         	goto	l4360
  6045   0003C2                     l462:
  6046                           
  6047                           ; BSR set to: 0
  6048   0003C2  B1F8               	btfsc	Get_Comando@Estado& (0+255),0,b
  6049   0003C4  D002               	bra	u4245
  6050   0003C6  988C               	bcf	140,4,c	;volatile
  6051   0003C8  D001               	bra	u4246
  6052   0003CA                     u4245:
  6053   0003CA  888C               	bsf	140,4,c	;volatile
  6054   0003CC                     u4246:
  6055                           
  6056                           ;Uart.c: 123:                         break;
  6057   0003CC  EF13  F002         	goto	l4360
  6058   0003D0                     l4358:
  6059                           
  6060                           ; BSR set to: 0
  6061   0003D0  51F5               	movf	Get_Comando@Rele_1439& (0+255),w,b
  6062                           
  6063                           ; Switch size 1, requested type "simple"
  6064                           ; Number of cases is 10, Range of values is 0 to 9
  6065                           ; switch strategies available:
  6066                           ; Name         Instructions Cycles
  6067                           ; simple_byte           31    16 (average)
  6068                           ;	Chosen strategy is simple_byte
  6069   0003D2  0A00               	xorlw	0	; case 0
  6070   0003D4  B4D8               	btfsc	status,2,c
  6071   0003D6  EFA2  F001         	goto	l452
  6072   0003DA  0A01               	xorlw	1	; case 1
  6073   0003DC  B4D8               	btfsc	status,2,c
  6074   0003DE  EFA9  F001         	goto	l454
  6075   0003E2  0A03               	xorlw	3	; case 2
  6076   0003E4  B4D8               	btfsc	status,2,c
  6077   0003E6  EFB0  F001         	goto	l455
  6078   0003EA  0A01               	xorlw	1	; case 3
  6079   0003EC  B4D8               	btfsc	status,2,c
  6080   0003EE  EFB7  F001         	goto	l456
  6081   0003F2  0A07               	xorlw	7	; case 4
  6082   0003F4  B4D8               	btfsc	status,2,c
  6083   0003F6  EFBE  F001         	goto	l457
  6084   0003FA  0A01               	xorlw	1	; case 5
  6085   0003FC  B4D8               	btfsc	status,2,c
  6086   0003FE  EFC5  F001         	goto	l458
  6087   000402  0A03               	xorlw	3	; case 6
  6088   000404  B4D8               	btfsc	status,2,c
  6089   000406  EFCC  F001         	goto	l459
  6090   00040A  0A01               	xorlw	1	; case 7
  6091   00040C  B4D8               	btfsc	status,2,c
  6092   00040E  EFD3  F001         	goto	l460
  6093   000412  0A0F               	xorlw	15	; case 8
  6094   000414  B4D8               	btfsc	status,2,c
  6095   000416  EFDA  F001         	goto	l461
  6096   00041A  0A01               	xorlw	1	; case 9
  6097   00041C  B4D8               	btfsc	status,2,c
  6098   00041E  EFE1  F001         	goto	l462
  6099   000422  EF13  F002         	goto	l4360
  6100   000426                     l4360:
  6101                           
  6102                           ;Uart.c: 127:             Index = Texto_IndexOf(Data, "STATUS");
  6103   000426  C0E2  F008         	movff	Get_Comando@Data,Texto_IndexOf@texto
  6104   00042A  C0E3  F009         	movff	Get_Comando@Data+1,Texto_IndexOf@texto+1
  6105   00042E  0EE3               	movlw	low STR_7
  6106   000430  6E0A               	movwf	Texto_IndexOf@valor^0,c
  6107   000432  0E7F               	movlw	high STR_7
  6108   000434  6E0B               	movwf	(Texto_IndexOf@valor+1)^0,c
  6109   000436  EC33  F009         	call	_Texto_IndexOf	;wreg free
  6110   00043A  C008  F0F9         	movff	?_Texto_IndexOf,Get_Comando@Index
  6111   00043E  C009  F0FA         	movff	?_Texto_IndexOf+1,Get_Comando@Index+1
  6112   000442                     
  6113                           ;Uart.c: 128:             if (Index >= 0) {
  6114   000442  0100               	movlb	0	; () banked
  6115   000444  BFFA               	btfsc	(Get_Comando@Index+1)& (0+255),7,b
  6116   000446  EF27  F002         	goto	u4251
  6117   00044A  EF29  F002         	goto	u4250
  6118   00044E                     u4251:
  6119   00044E  EF2B  F002         	goto	l4366
  6120   000452                     u4250:
  6121   000452                     
  6122                           ; BSR set to: 0
  6123                           ;Uart.c: 129:                 Imprime_Estado();
  6124   000452  EC70  F007         	call	_Imprime_Estado	;wreg free
  6125   000456                     l4366:
  6126                           
  6127                           ;Uart.c: 133:             Index = Texto_IndexOf(Data, "INY_LIQUIDO");
  6128   000456  C0E2  F008         	movff	Get_Comando@Data,Texto_IndexOf@texto
  6129   00045A  C0E3  F009         	movff	Get_Comando@Data+1,Texto_IndexOf@texto+1
  6130   00045E  0EBA               	movlw	low STR_8
  6131   000460  6E0A               	movwf	Texto_IndexOf@valor^0,c
  6132   000462  0E7F               	movlw	high STR_8
  6133   000464  6E0B               	movwf	(Texto_IndexOf@valor+1)^0,c
  6134   000466  EC33  F009         	call	_Texto_IndexOf	;wreg free
  6135   00046A  C008  F0F9         	movff	?_Texto_IndexOf,Get_Comando@Index
  6136   00046E  C009  F0FA         	movff	?_Texto_IndexOf+1,Get_Comando@Index+1
  6137   000472                     
  6138                           ;Uart.c: 134:             if (Index >= 0) {
  6139   000472  0100               	movlb	0	; () banked
  6140   000474  BFFA               	btfsc	(Get_Comando@Index+1)& (0+255),7,b
  6141   000476  EF3F  F002         	goto	u4261
  6142   00047A  EF41  F002         	goto	u4260
  6143   00047E                     u4261:
  6144   00047E  EF43  F002         	goto	l4372
  6145   000482                     u4260:
  6146   000482                     
  6147                           ; BSR set to: 0
  6148                           ;Uart.c: 135:                 Inyecta_Liquido();
  6149   000482  EC12  F00E         	call	_Inyecta_Liquido	;wreg free
  6150   000486                     l4372:
  6151                           
  6152                           ;Uart.c: 138:             Index = Texto_IndexOf(Data, "INY_GAS");
  6153   000486  C0E2  F008         	movff	Get_Comando@Data,Texto_IndexOf@texto
  6154   00048A  C0E3  F009         	movff	Get_Comando@Data+1,Texto_IndexOf@texto+1
  6155   00048E  0EDB               	movlw	low STR_9
  6156   000490  6E0A               	movwf	Texto_IndexOf@valor^0,c
  6157   000492  0E7F               	movlw	high STR_9
  6158   000494  6E0B               	movwf	(Texto_IndexOf@valor+1)^0,c
  6159   000496  EC33  F009         	call	_Texto_IndexOf	;wreg free
  6160   00049A  C008  F0F9         	movff	?_Texto_IndexOf,Get_Comando@Index
  6161   00049E  C009  F0FA         	movff	?_Texto_IndexOf+1,Get_Comando@Index+1
  6162   0004A2                     
  6163                           ;Uart.c: 139:             if (Index >= 0) {
  6164   0004A2  0100               	movlb	0	; () banked
  6165   0004A4  BFFA               	btfsc	(Get_Comando@Index+1)& (0+255),7,b
  6166   0004A6  EF57  F002         	goto	u4271
  6167   0004AA  EF59  F002         	goto	u4270
  6168   0004AE                     u4271:
  6169   0004AE  EF5B  F002         	goto	l4378
  6170   0004B2                     u4270:
  6171   0004B2                     
  6172                           ; BSR set to: 0
  6173                           ;Uart.c: 140:                 Inyecta_Gas();
  6174   0004B2  EC68  F00E         	call	_Inyecta_Gas	;wreg free
  6175   0004B6                     l4378:
  6176                           
  6177                           ;Uart.c: 143:             Index = Texto_IndexOf(Data, "DAMPER_OPEN");
  6178   0004B6  C0E2  F008         	movff	Get_Comando@Data,Texto_IndexOf@texto
  6179   0004BA  C0E3  F009         	movff	Get_Comando@Data+1,Texto_IndexOf@texto+1
  6180   0004BE  0EAE               	movlw	low STR_10
  6181   0004C0  6E0A               	movwf	Texto_IndexOf@valor^0,c
  6182   0004C2  0E7F               	movlw	high STR_10
  6183   0004C4  6E0B               	movwf	(Texto_IndexOf@valor+1)^0,c
  6184   0004C6  EC33  F009         	call	_Texto_IndexOf	;wreg free
  6185   0004CA  C008  F0F9         	movff	?_Texto_IndexOf,Get_Comando@Index
  6186   0004CE  C009  F0FA         	movff	?_Texto_IndexOf+1,Get_Comando@Index+1
  6187   0004D2                     
  6188                           ;Uart.c: 144:             if (Index >= 0) {
  6189   0004D2  0100               	movlb	0	; () banked
  6190   0004D4  BFFA               	btfsc	(Get_Comando@Index+1)& (0+255),7,b
  6191   0004D6  EF6F  F002         	goto	u4281
  6192   0004DA  EF71  F002         	goto	u4280
  6193   0004DE                     u4281:
  6194   0004DE  EF73  F002         	goto	l4384
  6195   0004E2                     u4280:
  6196   0004E2                     
  6197                           ; BSR set to: 0
  6198                           ;Uart.c: 145:                 Damper_Abrir();
  6199   0004E2  EC3D  F013         	call	_Damper_Abrir	;wreg free
  6200   0004E6                     l4384:
  6201                           
  6202                           ;Uart.c: 148:             Index = Texto_IndexOf(Data, "DAMPER_CLOSE");
  6203   0004E6  C0E2  F008         	movff	Get_Comando@Data,Texto_IndexOf@texto
  6204   0004EA  C0E3  F009         	movff	Get_Comando@Data+1,Texto_IndexOf@texto+1
  6205   0004EE  0EA1               	movlw	low STR_11
  6206   0004F0  6E0A               	movwf	Texto_IndexOf@valor^0,c
  6207   0004F2  0E7F               	movlw	high STR_11
  6208   0004F4  6E0B               	movwf	(Texto_IndexOf@valor+1)^0,c
  6209   0004F6  EC33  F009         	call	_Texto_IndexOf	;wreg free
  6210   0004FA  C008  F0F9         	movff	?_Texto_IndexOf,Get_Comando@Index
  6211   0004FE  C009  F0FA         	movff	?_Texto_IndexOf+1,Get_Comando@Index+1
  6212   000502                     
  6213                           ;Uart.c: 149:             if (Index >= 0) {
  6214   000502  0100               	movlb	0	; () banked
  6215   000504  BFFA               	btfsc	(Get_Comando@Index+1)& (0+255),7,b
  6216   000506  EF87  F002         	goto	u4291
  6217   00050A  EF89  F002         	goto	u4290
  6218   00050E                     u4291:
  6219   00050E  EF8B  F002         	goto	l4390
  6220   000512                     u4290:
  6221   000512                     
  6222                           ; BSR set to: 0
  6223                           ;Uart.c: 150:                 Damper_Cerrar();
  6224   000512  EC2E  F011         	call	_Damper_Cerrar	;wreg free
  6225   000516                     l4390:
  6226                           
  6227                           ;Uart.c: 153:             Index = Texto_IndexOf(Data, "EVAPORADOR_ON");
  6228   000516  C0E2  F008         	movff	Get_Comando@Data,Texto_IndexOf@texto
  6229   00051A  C0E3  F009         	movff	Get_Comando@Data+1,Texto_IndexOf@texto+1
  6230   00051E  0E93               	movlw	low STR_12
  6231   000520  6E0A               	movwf	Texto_IndexOf@valor^0,c
  6232   000522  0E7F               	movlw	high STR_12
  6233   000524  6E0B               	movwf	(Texto_IndexOf@valor+1)^0,c
  6234   000526  EC33  F009         	call	_Texto_IndexOf	;wreg free
  6235   00052A  C008  F0F9         	movff	?_Texto_IndexOf,Get_Comando@Index
  6236   00052E  C009  F0FA         	movff	?_Texto_IndexOf+1,Get_Comando@Index+1
  6237   000532                     
  6238                           ;Uart.c: 154:             if (Index >= 0) {
  6239   000532  0100               	movlb	0	; () banked
  6240   000534  BFFA               	btfsc	(Get_Comando@Index+1)& (0+255),7,b
  6241   000536  EF9F  F002         	goto	u4301
  6242   00053A  EFA1  F002         	goto	u4300
  6243   00053E                     u4301:
  6244   00053E  EFA3  F002         	goto	l4396
  6245   000542                     u4300:
  6246   000542                     
  6247                           ; BSR set to: 0
  6248                           ;Uart.c: 155:                 Evaporador_On();
  6249   000542  EC6F  F013         	call	_Evaporador_On	;wreg free
  6250   000546                     l4396:
  6251                           
  6252                           ;Uart.c: 158:             Index = Texto_IndexOf(Data, "EVAPORADOR_OFF");
  6253   000546  C0E2  F008         	movff	Get_Comando@Data,Texto_IndexOf@texto
  6254   00054A  C0E3  F009         	movff	Get_Comando@Data+1,Texto_IndexOf@texto+1
  6255   00054E  0E67               	movlw	low STR_13
  6256   000550  6E0A               	movwf	Texto_IndexOf@valor^0,c
  6257   000552  0E7F               	movlw	high STR_13
  6258   000554  6E0B               	movwf	(Texto_IndexOf@valor+1)^0,c
  6259   000556  EC33  F009         	call	_Texto_IndexOf	;wreg free
  6260   00055A  C008  F0F9         	movff	?_Texto_IndexOf,Get_Comando@Index
  6261   00055E  C009  F0FA         	movff	?_Texto_IndexOf+1,Get_Comando@Index+1
  6262   000562                     
  6263                           ;Uart.c: 159:             if (Index >= 0) {
  6264   000562  0100               	movlb	0	; () banked
  6265   000564  BFFA               	btfsc	(Get_Comando@Index+1)& (0+255),7,b
  6266   000566  EFB7  F002         	goto	u4311
  6267   00056A  EFB9  F002         	goto	u4310
  6268   00056E                     u4311:
  6269   00056E  EFBB  F002         	goto	l4402
  6270   000572                     u4310:
  6271   000572                     
  6272                           ; BSR set to: 0
  6273                           ;Uart.c: 160:                 Evaporador_Off();
  6274   000572  EC7B  F013         	call	_Evaporador_Off	;wreg free
  6275   000576                     l4402:
  6276                           
  6277                           ;Uart.c: 163:             Index = Texto_IndexOf(Data, "VENTILADOR_ON");
  6278   000576  C0E2  F008         	movff	Get_Comando@Data,Texto_IndexOf@texto
  6279   00057A  C0E3  F009         	movff	Get_Comando@Data+1,Texto_IndexOf@texto+1
  6280   00057E  0E85               	movlw	low STR_14
  6281   000580  6E0A               	movwf	Texto_IndexOf@valor^0,c
  6282   000582  0E7F               	movlw	high STR_14
  6283   000584  6E0B               	movwf	(Texto_IndexOf@valor+1)^0,c
  6284   000586  EC33  F009         	call	_Texto_IndexOf	;wreg free
  6285   00058A  C008  F0F9         	movff	?_Texto_IndexOf,Get_Comando@Index
  6286   00058E  C009  F0FA         	movff	?_Texto_IndexOf+1,Get_Comando@Index+1
  6287   000592                     
  6288                           ;Uart.c: 164:             if (Index >= 0) {
  6289   000592  0100               	movlb	0	; () banked
  6290   000594  BFFA               	btfsc	(Get_Comando@Index+1)& (0+255),7,b
  6291   000596  EFCF  F002         	goto	u4321
  6292   00059A  EFD1  F002         	goto	u4320
  6293   00059E                     u4321:
  6294   00059E  EFD3  F002         	goto	l4408
  6295   0005A2                     u4320:
  6296   0005A2                     
  6297                           ; BSR set to: 0
  6298                           ;Uart.c: 165:                 Ventilador_On();
  6299   0005A2  EC57  F013         	call	_Ventilador_On	;wreg free
  6300   0005A6                     l4408:
  6301                           
  6302                           ;Uart.c: 168:             Index = Texto_IndexOf(Data, "VENTILADOR_OFF");
  6303   0005A6  C0E2  F008         	movff	Get_Comando@Data,Texto_IndexOf@texto
  6304   0005AA  C0E3  F009         	movff	Get_Comando@Data+1,Texto_IndexOf@texto+1
  6305   0005AE  0E58               	movlw	low STR_15
  6306   0005B0  6E0A               	movwf	Texto_IndexOf@valor^0,c
  6307   0005B2  0E7F               	movlw	high STR_15
  6308   0005B4  6E0B               	movwf	(Texto_IndexOf@valor+1)^0,c
  6309   0005B6  EC33  F009         	call	_Texto_IndexOf	;wreg free
  6310   0005BA  C008  F0F9         	movff	?_Texto_IndexOf,Get_Comando@Index
  6311   0005BE  C009  F0FA         	movff	?_Texto_IndexOf+1,Get_Comando@Index+1
  6312   0005C2                     
  6313                           ;Uart.c: 169:             if (Index >= 0) {
  6314   0005C2  0100               	movlb	0	; () banked
  6315   0005C4  BFFA               	btfsc	(Get_Comando@Index+1)& (0+255),7,b
  6316   0005C6  EFE7  F002         	goto	u4331
  6317   0005CA  EFE9  F002         	goto	u4330
  6318   0005CE                     u4331:
  6319   0005CE  EFEB  F002         	goto	l4414
  6320   0005D2                     u4330:
  6321   0005D2                     
  6322                           ; BSR set to: 0
  6323                           ;Uart.c: 170:                 Ventilador_Off();
  6324   0005D2  EC63  F013         	call	_Ventilador_Off	;wreg free
  6325   0005D6                     l4414:
  6326                           
  6327                           ;Uart.c: 173:             Index = Texto_IndexOf(Data, "STOP_PLANT");
  6328   0005D6  C0E2  F008         	movff	Get_Comando@Data,Texto_IndexOf@texto
  6329   0005DA  C0E3  F009         	movff	Get_Comando@Data+1,Texto_IndexOf@texto+1
  6330   0005DE  0EC6               	movlw	low STR_16
  6331   0005E0  6E0A               	movwf	Texto_IndexOf@valor^0,c
  6332   0005E2  0E7F               	movlw	high STR_16
  6333   0005E4  6E0B               	movwf	(Texto_IndexOf@valor+1)^0,c
  6334   0005E6  EC33  F009         	call	_Texto_IndexOf	;wreg free
  6335   0005EA  C008  F0F9         	movff	?_Texto_IndexOf,Get_Comando@Index
  6336   0005EE  C009  F0FA         	movff	?_Texto_IndexOf+1,Get_Comando@Index+1
  6337   0005F2                     
  6338                           ;Uart.c: 174:             if (Index >= 0) {
  6339   0005F2  0100               	movlb	0	; () banked
  6340   0005F4  BFFA               	btfsc	(Get_Comando@Index+1)& (0+255),7,b
  6341   0005F6  EFFF  F002         	goto	u4341
  6342   0005FA  EF01  F003         	goto	u4340
  6343   0005FE                     u4341:
  6344   0005FE  EF03  F003         	goto	l4420
  6345   000602                     u4340:
  6346   000602                     
  6347                           ; BSR set to: 0
  6348                           ;Uart.c: 175:                 Armado_Stop();
  6349   000602  EC2E  F013         	call	_Armado_Stop	;wreg free
  6350   000606                     l4420:
  6351                           
  6352                           ;Uart.c: 178:             Index = Texto_IndexOf(Data, "RUN_PLANT");
  6353   000606  C0E2  F008         	movff	Get_Comando@Data,Texto_IndexOf@texto
  6354   00060A  C0E3  F009         	movff	Get_Comando@Data+1,Texto_IndexOf@texto+1
  6355   00060E  0ED1               	movlw	low STR_17
  6356   000610  6E0A               	movwf	Texto_IndexOf@valor^0,c
  6357   000612  0E7F               	movlw	high STR_17
  6358   000614  6E0B               	movwf	(Texto_IndexOf@valor+1)^0,c
  6359   000616  EC33  F009         	call	_Texto_IndexOf	;wreg free
  6360   00061A  C008  F0F9         	movff	?_Texto_IndexOf,Get_Comando@Index
  6361   00061E  C009  F0FA         	movff	?_Texto_IndexOf+1,Get_Comando@Index+1
  6362   000622                     
  6363                           ;Uart.c: 179:             if (Index >= 0) {
  6364   000622  0100               	movlb	0	; () banked
  6365   000624  BFFA               	btfsc	(Get_Comando@Index+1)& (0+255),7,b
  6366   000626  EF17  F003         	goto	u4351
  6367   00062A  EF19  F003         	goto	u4350
  6368   00062E                     u4351:
  6369   00062E  EF1B  F003         	goto	l474
  6370   000632                     u4350:
  6371   000632                     
  6372                           ; BSR set to: 0
  6373                           ;Uart.c: 180:                 En_Sistem = 1;
  6374   000632  0E01               	movlw	1
  6375   000634  6FC4               	movwf	_En_Sistem& (0+255),b
  6376   000636                     l474:
  6377   000636  0012               	return		;funcret
  6378   000638                     __end_of_Get_Comando:
  6379                           	callstack 0
  6380                           
  6381 ;; *************** function _Ventilador_On *****************
  6382 ;; Defined at:
  6383 ;;		line 134 in file "Control.c"
  6384 ;; Parameters:    Size  Location     Type
  6385 ;;		None
  6386 ;; Auto vars:     Size  Location     Type
  6387 ;;		None
  6388 ;; Return value:  Size  Location     Type
  6389 ;;                  1    wreg      void 
  6390 ;; Registers used:
  6391 ;;		wreg, fsr0l, fsr0h, status,2, status,0, tblptrl, tblptrh, tblptru, cstack
  6392 ;; Tracked objects:
  6393 ;;		On entry : 0/0
  6394 ;;		On exit  : 0/0
  6395 ;;		Unchanged: 0/0
  6396 ;; Data sizes:     COMRAM   BANK0   BANK1   BANK2   BANK3   BANK4   BANK5   BANK6   BANK7
  6397 ;;      Params:         0       0       0       0       0       0       0       0       0
  6398 ;;      Locals:         0       0       0       0       0       0       0       0       0
  6399 ;;      Temps:          0       0       0       0       0       0       0       0       0
  6400 ;;      Totals:         0       0       0       0       0       0       0       0       0
  6401 ;;Total ram usage:        0 bytes
  6402 ;; Hardware stack levels used: 1
  6403 ;; Hardware stack levels required when called: 5
  6404 ;; This function calls:
  6405 ;;		_Respuestas_RS485
  6406 ;;		_Set_Rele
  6407 ;; This function is called by:
  6408 ;;		_Get_Comando
  6409 ;; This function uses a non-reentrant model
  6410 ;;
  6411                           
  6412                           	psect	text26
  6413   0026AE                     __ptext26:
  6414                           	callstack 0
  6415   0026AE                     _Ventilador_On:
  6416                           	callstack 24
  6417   0026AE                     
  6418                           ;Control.c: 135:     Set_Rele(1,0);
  6419   0026AE  0E00               	movlw	0
  6420   0026B0  6E04               	movwf	Set_Rele@Valor^0,c
  6421   0026B2  0E01               	movlw	1
  6422   0026B4  EC89  F00C         	call	_Set_Rele
  6423   0026B8                     
  6424                           ;Control.c: 136:     Respuestas_RS485("VENTILADOR_ON_OK");
  6425   0026B8  0EF7               	movlw	low STR_33
  6426   0026BA  6E07               	movwf	Respuestas_RS485@Mensaje^0,c
  6427   0026BC  0E7E               	movlw	high STR_33
  6428   0026BE  6E08               	movwf	(Respuestas_RS485@Mensaje+1)^0,c
  6429   0026C0  ECDD  F011         	call	_Respuestas_RS485	;wreg free
  6430   0026C4  0012               	return		;funcret
  6431   0026C6                     __end_of_Ventilador_On:
  6432                           	callstack 0
  6433                           
  6434 ;; *************** function _Ventilador_Off *****************
  6435 ;; Defined at:
  6436 ;;		line 139 in file "Control.c"
  6437 ;; Parameters:    Size  Location     Type
  6438 ;;		None
  6439 ;; Auto vars:     Size  Location     Type
  6440 ;;		None
  6441 ;; Return value:  Size  Location     Type
  6442 ;;                  1    wreg      void 
  6443 ;; Registers used:
  6444 ;;		wreg, fsr0l, fsr0h, status,2, status,0, tblptrl, tblptrh, tblptru, cstack
  6445 ;; Tracked objects:
  6446 ;;		On entry : 0/0
  6447 ;;		On exit  : 0/0
  6448 ;;		Unchanged: 0/0
  6449 ;; Data sizes:     COMRAM   BANK0   BANK1   BANK2   BANK3   BANK4   BANK5   BANK6   BANK7
  6450 ;;      Params:         0       0       0       0       0       0       0       0       0
  6451 ;;      Locals:         0       0       0       0       0       0       0       0       0
  6452 ;;      Temps:          0       0       0       0       0       0       0       0       0
  6453 ;;      Totals:         0       0       0       0       0       0       0       0       0
  6454 ;;Total ram usage:        0 bytes
  6455 ;; Hardware stack levels used: 1
  6456 ;; Hardware stack levels required when called: 5
  6457 ;; This function calls:
  6458 ;;		_Respuestas_RS485
  6459 ;;		_Set_Rele
  6460 ;; This function is called by:
  6461 ;;		_Get_Comando
  6462 ;; This function uses a non-reentrant model
  6463 ;;
  6464                           
  6465                           	psect	text27
  6466   0026C6                     __ptext27:
  6467                           	callstack 0
  6468   0026C6                     _Ventilador_Off:
  6469                           	callstack 24
  6470   0026C6                     
  6471                           ;Control.c: 140:     Set_Rele(1,1);
  6472   0026C6  0E01               	movlw	1
  6473   0026C8  6E04               	movwf	Set_Rele@Valor^0,c
  6474   0026CA  0E01               	movlw	1
  6475   0026CC  EC89  F00C         	call	_Set_Rele
  6476   0026D0                     
  6477                           ;Control.c: 141:     Respuestas_RS485("VENTILADOR_OFF_OK");
  6478   0026D0  0ED3               	movlw	low STR_34
  6479   0026D2  6E07               	movwf	Respuestas_RS485@Mensaje^0,c
  6480   0026D4  0E7E               	movlw	high STR_34
  6481   0026D6  6E08               	movwf	(Respuestas_RS485@Mensaje+1)^0,c
  6482   0026D8  ECDD  F011         	call	_Respuestas_RS485	;wreg free
  6483   0026DC  0012               	return		;funcret
  6484   0026DE                     __end_of_Ventilador_Off:
  6485                           	callstack 0
  6486                           
  6487 ;; *************** function _Texto_IndexOf *****************
  6488 ;; Defined at:
  6489 ;;		line 46 in file "Uart.c"
  6490 ;; Parameters:    Size  Location     Type
  6491 ;;  texto           2    7[COMRAM] PTR unsigned char 
  6492 ;;		 -> Buffer(150), 
  6493 ;;  valor           2    9[COMRAM] PTR unsigned char 
  6494 ;;		 -> STR_17(10), STR_16(11), STR_15(15), STR_14(14), 
  6495 ;;		 -> STR_13(15), STR_12(14), STR_11(13), STR_10(12), 
  6496 ;;		 -> STR_9(8), STR_8(12), STR_7(7), STR_6(2), 
  6497 ;;		 -> STR_5(4), STR_4(2), STR_3(4), STR_2(5), 
  6498 ;;		 -> STR_1(15), 
  6499 ;; Auto vars:     Size  Location     Type
  6500 ;;  j               2   22[COMRAM] int 
  6501 ;;  error           2   16[COMRAM] int 
  6502 ;;  i               2   24[COMRAM] int 
  6503 ;;  length_valor    2   20[COMRAM] int 
  6504 ;;  length_texto    2   18[COMRAM] int 
  6505 ;; Return value:  Size  Location     Type
  6506 ;;                  2    7[COMRAM] int 
  6507 ;; Registers used:
  6508 ;;		wreg, fsr0l, fsr0h, fsr2l, fsr2h, status,2, status,0, tblptrl, tblptrh, tblptru, cstack
  6509 ;; Tracked objects:
  6510 ;;		On entry : 0/0
  6511 ;;		On exit  : 0/0
  6512 ;;		Unchanged: 0/0
  6513 ;; Data sizes:     COMRAM   BANK0   BANK1   BANK2   BANK3   BANK4   BANK5   BANK6   BANK7
  6514 ;;      Params:         4       0       0       0       0       0       0       0       0
  6515 ;;      Locals:        10       0       0       0       0       0       0       0       0
  6516 ;;      Temps:          5       0       0       0       0       0       0       0       0
  6517 ;;      Totals:        19       0       0       0       0       0       0       0       0
  6518 ;;Total ram usage:       19 bytes
  6519 ;; Hardware stack levels used: 1
  6520 ;; Hardware stack levels required when called: 3
  6521 ;; This function calls:
  6522 ;;		_Texto_Length
  6523 ;; This function is called by:
  6524 ;;		_Get_Comando
  6525 ;; This function uses a non-reentrant model
  6526 ;;
  6527                           
  6528                           	psect	text28
  6529   001266                     __ptext28:
  6530                           	callstack 0
  6531   001266                     _Texto_IndexOf:
  6532                           	callstack 26
  6533   001266                     
  6534                           ;Uart.c: 47:     int length_texto = (int) Texto_Length(texto);
  6535   001266  C008  F004         	movff	Texto_IndexOf@texto,Texto_Length@texto
  6536   00126A  C009  F005         	movff	Texto_IndexOf@texto+1,Texto_Length@texto+1
  6537   00126E  EC90  F011         	call	_Texto_Length	;wreg free
  6538   001272  C004  F013         	movff	?_Texto_Length,Texto_IndexOf@length_texto
  6539   001276  C005  F014         	movff	?_Texto_Length+1,Texto_IndexOf@length_texto+1
  6540                           
  6541                           ;Uart.c: 48:     int length_valor = (int) Texto_Length(valor);
  6542   00127A  C00A  F004         	movff	Texto_IndexOf@valor,Texto_Length@texto
  6543   00127E  C00B  F005         	movff	Texto_IndexOf@valor+1,Texto_Length@texto+1
  6544   001282  EC90  F011         	call	_Texto_Length	;wreg free
  6545   001286  C004  F015         	movff	?_Texto_Length,Texto_IndexOf@length_valor
  6546   00128A  C005  F016         	movff	?_Texto_Length+1,Texto_IndexOf@length_valor+1
  6547   00128E                     
  6548                           ;Uart.c: 49:     if (length_texto >= length_valor) {
  6549   00128E  5015               	movf	Texto_IndexOf@length_valor^0,w,c
  6550   001290  5C13               	subwf	Texto_IndexOf@length_texto^0,w,c
  6551   001292  5014               	movf	(Texto_IndexOf@length_texto+1)^0,w,c
  6552   001294  0A80               	xorlw	128
  6553   001296  6E0C               	movwf	??_Texto_IndexOf^0,c
  6554   001298  5016               	movf	(Texto_IndexOf@length_valor+1)^0,w,c
  6555   00129A  0A80               	xorlw	128
  6556   00129C  580C               	subwfb	??_Texto_IndexOf^0,w,c
  6557   00129E  A0D8               	btfss	status,0,c
  6558   0012A0  EF54  F009         	goto	u2921
  6559   0012A4  EF56  F009         	goto	u2920
  6560   0012A8                     u2921:
  6561   0012A8  EFD9  F009         	goto	l418
  6562   0012AC                     u2920:
  6563   0012AC                     
  6564                           ;Uart.c: 50:         for (int i = 0; i <= length_texto - length_valor; i++) {
  6565   0012AC  0E00               	movlw	0
  6566   0012AE  6E1A               	movwf	(Texto_IndexOf@i+1)^0,c
  6567   0012B0  0E00               	movlw	0
  6568   0012B2  6E19               	movwf	Texto_IndexOf@i^0,c
  6569   0012B4  EFC4  F009         	goto	l3494
  6570   0012B8                     l3476:
  6571                           
  6572                           ;Uart.c: 51:             if (texto[i] == valor[0]) {
  6573   0012B8  5019               	movf	Texto_IndexOf@i^0,w,c
  6574   0012BA  2408               	addwf	Texto_IndexOf@texto^0,w,c
  6575   0012BC  6ED9               	movwf	fsr2l,c
  6576   0012BE  501A               	movf	(Texto_IndexOf@i+1)^0,w,c
  6577   0012C0  2009               	addwfc	(Texto_IndexOf@texto+1)^0,w,c
  6578   0012C2  6EDA               	movwf	fsr2h,c
  6579   0012C4  50DF               	movf	indf2,w,c
  6580   0012C6  6E0C               	movwf	??_Texto_IndexOf^0,c
  6581   0012C8  C00A  FFF6         	movff	Texto_IndexOf@valor,tblptrl
  6582   0012CC  C00B  FFF7         	movff	Texto_IndexOf@valor+1,tblptrh
  6583   0012D0                     	if	0	;tblptru may be non-zero
  6584   0012D0                     	endif
  6585   0012D0                     	if	0	;tblptru may be non-zero
  6586   0012D0                     	endif
  6587   0012D0  0008               	tblrd		*
  6588   0012D2  50F5               	movf	tablat,w,c
  6589   0012D4  180C               	xorwf	??_Texto_IndexOf^0,w,c
  6590   0012D6  A4D8               	btfss	status,2,c
  6591   0012D8  EF70  F009         	goto	u2931
  6592   0012DC  EF72  F009         	goto	u2930
  6593   0012E0                     u2931:
  6594   0012E0  EFC2  F009         	goto	l3492
  6595   0012E4                     u2930:
  6596   0012E4                     
  6597                           ;Uart.c: 52:                 int error = 1;
  6598   0012E4  0E00               	movlw	0
  6599   0012E6  6E12               	movwf	(Texto_IndexOf@error+1)^0,c
  6600   0012E8  0E01               	movlw	1
  6601   0012EA  6E11               	movwf	Texto_IndexOf@error^0,c
  6602                           
  6603                           ;Uart.c: 53:                 for (int j = 0; j < length_valor; j++) {
  6604   0012EC  0E00               	movlw	0
  6605   0012EE  6E18               	movwf	(Texto_IndexOf@j+1)^0,c
  6606   0012F0  0E00               	movlw	0
  6607   0012F2  6E17               	movwf	Texto_IndexOf@j^0,c
  6608   0012F4  EFA4  F009         	goto	l3486
  6609   0012F8                     l3480:
  6610                           
  6611                           ;Uart.c: 54:                     if (texto[j + i] != valor[j]) error = 0;
  6612   0012F8  5017               	movf	Texto_IndexOf@j^0,w,c
  6613   0012FA  2408               	addwf	Texto_IndexOf@texto^0,w,c
  6614   0012FC  6E0C               	movwf	??_Texto_IndexOf^0,c
  6615   0012FE  5018               	movf	(Texto_IndexOf@j+1)^0,w,c
  6616   001300  2009               	addwfc	(Texto_IndexOf@texto+1)^0,w,c
  6617   001302  6E0D               	movwf	(??_Texto_IndexOf+1)^0,c
  6618   001304  5019               	movf	Texto_IndexOf@i^0,w,c
  6619   001306  240C               	addwf	??_Texto_IndexOf^0,w,c
  6620   001308  6ED9               	movwf	fsr2l,c
  6621   00130A  501A               	movf	(Texto_IndexOf@i+1)^0,w,c
  6622   00130C  200D               	addwfc	(??_Texto_IndexOf+1)^0,w,c
  6623   00130E  6EDA               	movwf	fsr2h,c
  6624   001310  50DF               	movf	indf2,w,c
  6625   001312  6E0E               	movwf	(??_Texto_IndexOf+2)^0,c
  6626   001314  5017               	movf	Texto_IndexOf@j^0,w,c
  6627   001316  240A               	addwf	Texto_IndexOf@valor^0,w,c
  6628   001318  6E0F               	movwf	(??_Texto_IndexOf+3)^0,c
  6629   00131A  5018               	movf	(Texto_IndexOf@j+1)^0,w,c
  6630   00131C  200B               	addwfc	(Texto_IndexOf@valor+1)^0,w,c
  6631   00131E  6E10               	movwf	(??_Texto_IndexOf+4)^0,c
  6632   001320  C00F  FFF6         	movff	??_Texto_IndexOf+3,tblptrl
  6633   001324  C010  FFF7         	movff	??_Texto_IndexOf+4,tblptrh
  6634   001328                     	if	0	;tblptru may be non-zero
  6635   001328                     	endif
  6636   001328                     	if	0	;tblptru may be non-zero
  6637   001328                     	endif
  6638   001328  0008               	tblrd		*
  6639   00132A  50F5               	movf	tablat,w,c
  6640   00132C  180E               	xorwf	(??_Texto_IndexOf+2)^0,w,c
  6641   00132E  B4D8               	btfsc	status,2,c
  6642   001330  EF9C  F009         	goto	u2941
  6643   001334  EF9E  F009         	goto	u2940
  6644   001338                     u2941:
  6645   001338  EFA2  F009         	goto	l3484
  6646   00133C                     u2940:
  6647   00133C  0E00               	movlw	0
  6648   00133E  6E12               	movwf	(Texto_IndexOf@error+1)^0,c
  6649   001340  0E00               	movlw	0
  6650   001342  6E11               	movwf	Texto_IndexOf@error^0,c
  6651   001344                     l3484:
  6652                           
  6653                           ;Uart.c: 55:                 }
  6654   001344  4A17               	infsnz	Texto_IndexOf@j^0,f,c
  6655   001346  2A18               	incf	(Texto_IndexOf@j+1)^0,f,c
  6656   001348                     l3486:
  6657   001348  5015               	movf	Texto_IndexOf@length_valor^0,w,c
  6658   00134A  5C17               	subwf	Texto_IndexOf@j^0,w,c
  6659   00134C  5018               	movf	(Texto_IndexOf@j+1)^0,w,c
  6660   00134E  0A80               	xorlw	128
  6661   001350  6E0C               	movwf	??_Texto_IndexOf^0,c
  6662   001352  5016               	movf	(Texto_IndexOf@length_valor+1)^0,w,c
  6663   001354  0A80               	xorlw	128
  6664   001356  580C               	subwfb	??_Texto_IndexOf^0,w,c
  6665   001358  A0D8               	btfss	status,0,c
  6666   00135A  EFB1  F009         	goto	u2951
  6667   00135E  EFB3  F009         	goto	u2950
  6668   001362                     u2951:
  6669   001362  EF7C  F009         	goto	l3480
  6670   001366                     u2950:
  6671   001366                     
  6672                           ;Uart.c: 56:                 if (error == 1) return i;
  6673   001366  0411               	decf	Texto_IndexOf@error^0,w,c
  6674   001368  1012               	iorwf	(Texto_IndexOf@error+1)^0,w,c
  6675   00136A  A4D8               	btfss	status,2,c
  6676   00136C  EFBA  F009         	goto	u2961
  6677   001370  EFBC  F009         	goto	u2960
  6678   001374                     u2961:
  6679   001374  EFC2  F009         	goto	l3492
  6680   001378                     u2960:
  6681   001378  C019  F008         	movff	Texto_IndexOf@i,?_Texto_IndexOf
  6682   00137C  C01A  F009         	movff	Texto_IndexOf@i+1,?_Texto_IndexOf+1
  6683   001380  EFDB  F009         	goto	l427
  6684   001384                     l3492:
  6685                           
  6686                           ;Uart.c: 58:         }
  6687   001384  4A19               	infsnz	Texto_IndexOf@i^0,f,c
  6688   001386  2A1A               	incf	(Texto_IndexOf@i+1)^0,f,c
  6689   001388                     l3494:
  6690   001388  5015               	movf	Texto_IndexOf@length_valor^0,w,c
  6691   00138A  5C13               	subwf	Texto_IndexOf@length_texto^0,w,c
  6692   00138C  6E0C               	movwf	??_Texto_IndexOf^0,c
  6693   00138E  5016               	movf	(Texto_IndexOf@length_valor+1)^0,w,c
  6694   001390  5814               	subwfb	(Texto_IndexOf@length_texto+1)^0,w,c
  6695   001392  6E0D               	movwf	(??_Texto_IndexOf+1)^0,c
  6696   001394  5019               	movf	Texto_IndexOf@i^0,w,c
  6697   001396  5C0C               	subwf	??_Texto_IndexOf^0,w,c
  6698   001398  500D               	movf	(??_Texto_IndexOf+1)^0,w,c
  6699   00139A  0A80               	xorlw	128
  6700   00139C  6E0E               	movwf	(??_Texto_IndexOf+2)^0,c
  6701   00139E  501A               	movf	(Texto_IndexOf@i+1)^0,w,c
  6702   0013A0  0A80               	xorlw	128
  6703   0013A2  580E               	subwfb	(??_Texto_IndexOf+2)^0,w,c
  6704   0013A4  B0D8               	btfsc	status,0,c
  6705   0013A6  EFD7  F009         	goto	u2971
  6706   0013AA  EFD9  F009         	goto	u2970
  6707   0013AE                     u2971:
  6708   0013AE  EF5C  F009         	goto	l3476
  6709   0013B2                     u2970:
  6710   0013B2                     l418:
  6711                           
  6712                           ;Uart.c: 60:     return -1;
  6713   0013B2  6808               	setf	?_Texto_IndexOf^0,c
  6714   0013B4  6809               	setf	(?_Texto_IndexOf+1)^0,c
  6715   0013B6                     l427:
  6716   0013B6  0012               	return		;funcret
  6717   0013B8                     __end_of_Texto_IndexOf:
  6718                           	callstack 0
  6719                           
  6720 ;; *************** function _Texto_Length *****************
  6721 ;; Defined at:
  6722 ;;		line 36 in file "Uart.c"
  6723 ;; Parameters:    Size  Location     Type
  6724 ;;  texto           2    3[COMRAM] PTR unsigned char 
  6725 ;;		 -> STR_17(10), STR_16(11), STR_15(15), STR_14(14), 
  6726 ;;		 -> STR_13(15), STR_12(14), STR_11(13), STR_10(12), 
  6727 ;;		 -> STR_9(8), STR_8(12), STR_7(7), STR_6(2), 
  6728 ;;		 -> STR_5(4), STR_4(2), STR_3(4), STR_2(5), 
  6729 ;;		 -> STR_1(15), Buffer(150), 
  6730 ;; Auto vars:     Size  Location     Type
  6731 ;;  contador        2    5[COMRAM] int 
  6732 ;; Return value:  Size  Location     Type
  6733 ;;                  2    3[COMRAM] int 
  6734 ;; Registers used:
  6735 ;;		wreg, fsr0l, fsr0h, status,2, status,0, tblptrl, tblptrh, tblptru
  6736 ;; Tracked objects:
  6737 ;;		On entry : 0/0
  6738 ;;		On exit  : 0/0
  6739 ;;		Unchanged: 0/0
  6740 ;; Data sizes:     COMRAM   BANK0   BANK1   BANK2   BANK3   BANK4   BANK5   BANK6   BANK7
  6741 ;;      Params:         2       0       0       0       0       0       0       0       0
  6742 ;;      Locals:         2       0       0       0       0       0       0       0       0
  6743 ;;      Temps:          0       0       0       0       0       0       0       0       0
  6744 ;;      Totals:         4       0       0       0       0       0       0       0       0
  6745 ;;Total ram usage:        4 bytes
  6746 ;; Hardware stack levels used: 1
  6747 ;; Hardware stack levels required when called: 2
  6748 ;; This function calls:
  6749 ;;		Nothing
  6750 ;; This function is called by:
  6751 ;;		_Texto_IndexOf
  6752 ;; This function uses a non-reentrant model
  6753 ;;
  6754                           
  6755                           	psect	text29
  6756   002320                     __ptext29:
  6757                           	callstack 0
  6758   002320                     _Texto_Length:
  6759                           	callstack 26
  6760   002320                     
  6761                           ;Uart.c: 37:     int contador = 0;
  6762   002320  0E00               	movlw	0
  6763   002322  6E07               	movwf	(Texto_Length@contador+1)^0,c
  6764   002324  0E00               	movlw	0
  6765   002326  6E06               	movwf	Texto_Length@contador^0,c
  6766                           
  6767                           ;Uart.c: 38:     while (*texto) {
  6768   002328  EF9B  F011         	goto	l3370
  6769   00232C                     l413:
  6770   00232C  0004               	clrwdt		;# 
  6771   00232E                     
  6772                           ;Uart.c: 40:         contador++;
  6773   00232E  4A06               	infsnz	Texto_Length@contador^0,f,c
  6774   002330  2A07               	incf	(Texto_Length@contador+1)^0,f,c
  6775                           
  6776                           ;Uart.c: 41:         texto++;
  6777   002332  4A04               	infsnz	Texto_Length@texto^0,f,c
  6778   002334  2A05               	incf	(Texto_Length@texto+1)^0,f,c
  6779   002336                     l3370:
  6780                           
  6781                           ;Uart.c: 38:     while (*texto) {
  6782   002336  C004  FFF6         	movff	Texto_Length@texto,tblptrl
  6783   00233A  C005  FFF7         	movff	Texto_Length@texto+1,tblptrh
  6784   00233E  6AF8               	clrf	tblptru,c
  6785   002340  0E07               	movlw	(high __ramtop+-1)
  6786   002342  64F7               	cpfsgt	tblptrh,c
  6787   002344  D003               	bra	u2807
  6788   002346  0008               	tblrd		*
  6789   002348  50F5               	movf	tablat,w,c
  6790   00234A  D005               	bra	u2800
  6791   00234C                     u2807:
  6792   00234C  CFF6 FFE9          	movff	tblptrl,fsr0l
  6793   002350  CFF7 FFEA          	movff	tblptrh,fsr0h
  6794   002354  50EF               	movf	indf0,w,c
  6795   002356                     u2800:
  6796   002356  0900               	iorlw	0
  6797   002358  A4D8               	btfss	status,2,c
  6798   00235A  EFB1  F011         	goto	u2811
  6799   00235E  EFB3  F011         	goto	u2810
  6800   002362                     u2811:
  6801   002362  EF96  F011         	goto	l413
  6802   002366                     u2810:
  6803   002366                     
  6804                           ;Uart.c: 43:     return contador;
  6805   002366  C006  F004         	movff	Texto_Length@contador,?_Texto_Length
  6806   00236A  C007  F005         	movff	Texto_Length@contador+1,?_Texto_Length+1
  6807   00236E  0012               	return		;funcret
  6808   002370                     __end_of_Texto_Length:
  6809                           	callstack 0
  6810                           
  6811 ;; *************** function _Inyecta_Liquido *****************
  6812 ;; Defined at:
  6813 ;;		line 94 in file "Control.c"
  6814 ;; Parameters:    Size  Location     Type
  6815 ;;		None
  6816 ;; Auto vars:     Size  Location     Type
  6817 ;;  i               2   56[COMRAM] int 
  6818 ;; Return value:  Size  Location     Type
  6819 ;;                  1    wreg      void 
  6820 ;; Registers used:
  6821 ;;		wreg, fsr0l, fsr0h, fsr2l, fsr2h, status,2, status,0, tblptrl, tblptrh, tblptru, prodl, prodh, cstack
  6822 ;; Tracked objects:
  6823 ;;		On entry : 0/0
  6824 ;;		On exit  : 0/0
  6825 ;;		Unchanged: 0/0
  6826 ;; Data sizes:     COMRAM   BANK0   BANK1   BANK2   BANK3   BANK4   BANK5   BANK6   BANK7
  6827 ;;      Params:         0       0       0       0       0       0       0       0       0
  6828 ;;      Locals:         2       0       0       0       0       0       0       0       0
  6829 ;;      Temps:          1       0       0       0       0       0       0       0       0
  6830 ;;      Totals:         3       0       0       0       0       0       0       0       0
  6831 ;;Total ram usage:        3 bytes
  6832 ;; Hardware stack levels used: 1
  6833 ;; Hardware stack levels required when called: 5
  6834 ;; This function calls:
  6835 ;;		_Power_Rele
  6836 ;;		_Respuestas_RS485
  6837 ;;		___flmul
  6838 ;;		___fltol
  6839 ;;		___xxtofl
  6840 ;; This function is called by:
  6841 ;;		_Get_Comando
  6842 ;; This function uses a non-reentrant model
  6843 ;;
  6844                           
  6845                           	psect	text30
  6846   001C24                     __ptext30:
  6847                           	callstack 0
  6848   001C24                     _Inyecta_Liquido:
  6849                           	callstack 24
  6850   001C24                     
  6851                           ;Control.c: 95:     Power_Rele(10, Tiempo_Iny_Liquido);
  6852   001C24  C054  F035         	movff	_Tiempo_Iny_Liquido,Power_Rele@Tiempo
  6853   001C28  C055  F036         	movff	_Tiempo_Iny_Liquido+1,Power_Rele@Tiempo+1
  6854   001C2C  0E0A               	movlw	10
  6855   001C2E  EC82  F00B         	call	_Power_Rele
  6856   001C32                     
  6857                           ;Control.c: 96:     for (int i = 0; i < Tiempo_Iny_Liquido; i++) {
  6858   001C32  0E00               	movlw	0
  6859   001C34  6E3A               	movwf	(Inyecta_Liquido@i+1)^0,c
  6860   001C36  0E00               	movlw	0
  6861   001C38  6E39               	movwf	Inyecta_Liquido@i^0,c
  6862   001C3A  EF2A  F00E         	goto	l771
  6863   001C3E                     l3538:
  6864                           
  6865                           ;Control.c: 97:         _delay((unsigned long)((1)*(16000000UL/4000.0)));
  6866   001C3E  0E06               	movlw	6
  6867   001C40  6E38               	movwf	??_Inyecta_Liquido^0,c
  6868   001C42  0E30               	movlw	48
  6869   001C44                     u4397:
  6870   001C44  2EE8               	decfsz	wreg,f,c
  6871   001C46  D7FE               	bra	u4397
  6872   001C48  2E38               	decfsz	??_Inyecta_Liquido^0,f,c
  6873   001C4A  D7FC               	bra	u4397
  6874   001C4C  D000               	nop2	
  6875   001C4E  0004               	clrwdt		;# 
  6876   001C50                     
  6877                           ;Control.c: 99:     }
  6878   001C50  4A39               	infsnz	Inyecta_Liquido@i^0,f,c
  6879   001C52  2A3A               	incf	(Inyecta_Liquido@i+1)^0,f,c
  6880   001C54                     l771:
  6881   001C54  5054               	movf	_Tiempo_Iny_Liquido^0,w,c
  6882   001C56  5C39               	subwf	Inyecta_Liquido@i^0,w,c
  6883   001C58  5055               	movf	(_Tiempo_Iny_Liquido+1)^0,w,c
  6884   001C5A  583A               	subwfb	(Inyecta_Liquido@i+1)^0,w,c
  6885   001C5C  A0D8               	btfss	status,0,c
  6886   001C5E  EF33  F00E         	goto	u2991
  6887   001C62  EF35  F00E         	goto	u2990
  6888   001C66                     u2991:
  6889   001C66  EF1F  F00E         	goto	l3538
  6890   001C6A                     u2990:
  6891   001C6A                     
  6892                           ;Control.c: 100:     Power_Rele(8, (uint16_t)(Tiempo_Iny_Liquido * 1.5));
  6893   001C6A  0E00               	movlw	0
  6894   001C6C  6E16               	movwf	___flmul@a^0,c
  6895   001C6E  0E00               	movlw	0
  6896   001C70  6E17               	movwf	(___flmul@a+1)^0,c
  6897   001C72  0EC0               	movlw	192
  6898   001C74  6E18               	movwf	(___flmul@a+2)^0,c
  6899   001C76  0E3F               	movlw	63
  6900   001C78  6E19               	movwf	(___flmul@a+3)^0,c
  6901   001C7A  C054  F004         	movff	_Tiempo_Iny_Liquido,___xxtofl@val
  6902   001C7E  C055  F005         	movff	_Tiempo_Iny_Liquido+1,___xxtofl@val+1
  6903   001C82  6A06               	clrf	(___xxtofl@val+2)^0,c
  6904   001C84  6A07               	clrf	(___xxtofl@val+3)^0,c
  6905   001C86  0E00               	movlw	0
  6906   001C88  EC59  F008         	call	___xxtofl
  6907   001C8C  C004  F012         	movff	?___xxtofl,___flmul@b
  6908   001C90  C005  F013         	movff	?___xxtofl+1,___flmul@b+1
  6909   001C94  C006  F014         	movff	?___xxtofl+2,___flmul@b+2
  6910   001C98  C007  F015         	movff	?___xxtofl+3,___flmul@b+3
  6911   001C9C  EC1C  F003         	call	___flmul	;wreg free
  6912   001CA0  C012  F02B         	movff	?___flmul,___fltol@f1
  6913   001CA4  C013  F02C         	movff	?___flmul+1,___fltol@f1+1
  6914   001CA8  C014  F02D         	movff	?___flmul+2,___fltol@f1+2
  6915   001CAC  C015  F02E         	movff	?___flmul+3,___fltol@f1+3
  6916   001CB0  EC06  F00C         	call	___fltol	;wreg free
  6917   001CB4  C02B  F035         	movff	?___fltol,Power_Rele@Tiempo
  6918   001CB8  C02C  F036         	movff	?___fltol+1,Power_Rele@Tiempo+1
  6919   001CBC  0E08               	movlw	8
  6920   001CBE  EC82  F00B         	call	_Power_Rele
  6921   001CC2                     
  6922                           ;Control.c: 101:     Respuestas_RS485("INYECCION_LIQUIDO_OK");
  6923   001CC2  0EA9               	movlw	low STR_27
  6924   001CC4  6E07               	movwf	Respuestas_RS485@Mensaje^0,c
  6925   001CC6  0E7E               	movlw	high STR_27
  6926   001CC8  6E08               	movwf	(Respuestas_RS485@Mensaje+1)^0,c
  6927   001CCA  ECDD  F011         	call	_Respuestas_RS485	;wreg free
  6928   001CCE  0012               	return		;funcret
  6929   001CD0                     __end_of_Inyecta_Liquido:
  6930                           	callstack 0
  6931                           
  6932 ;; *************** function _Inyecta_Gas *****************
  6933 ;; Defined at:
  6934 ;;		line 104 in file "Control.c"
  6935 ;; Parameters:    Size  Location     Type
  6936 ;;		None
  6937 ;; Auto vars:     Size  Location     Type
  6938 ;;  i               2   56[COMRAM] int 
  6939 ;; Return value:  Size  Location     Type
  6940 ;;                  1    wreg      void 
  6941 ;; Registers used:
  6942 ;;		wreg, fsr0l, fsr0h, fsr2l, fsr2h, status,2, status,0, tblptrl, tblptrh, tblptru, prodl, prodh, cstack
  6943 ;; Tracked objects:
  6944 ;;		On entry : 0/0
  6945 ;;		On exit  : 0/0
  6946 ;;		Unchanged: 0/0
  6947 ;; Data sizes:     COMRAM   BANK0   BANK1   BANK2   BANK3   BANK4   BANK5   BANK6   BANK7
  6948 ;;      Params:         0       0       0       0       0       0       0       0       0
  6949 ;;      Locals:         2       0       0       0       0       0       0       0       0
  6950 ;;      Temps:          1       0       0       0       0       0       0       0       0
  6951 ;;      Totals:         3       0       0       0       0       0       0       0       0
  6952 ;;Total ram usage:        3 bytes
  6953 ;; Hardware stack levels used: 1
  6954 ;; Hardware stack levels required when called: 5
  6955 ;; This function calls:
  6956 ;;		_Power_Rele
  6957 ;;		_Respuestas_RS485
  6958 ;;		___flmul
  6959 ;;		___fltol
  6960 ;;		___xxtofl
  6961 ;; This function is called by:
  6962 ;;		_Get_Comando
  6963 ;; This function uses a non-reentrant model
  6964 ;;
  6965                           
  6966                           	psect	text31
  6967   001CD0                     __ptext31:
  6968                           	callstack 0
  6969   001CD0                     _Inyecta_Gas:
  6970                           	callstack 24
  6971   001CD0                     
  6972                           ;Control.c: 105:     Power_Rele(7, Tiempo_Iny_Gas);
  6973   001CD0  C052  F035         	movff	_Tiempo_Iny_Gas,Power_Rele@Tiempo
  6974   001CD4  C053  F036         	movff	_Tiempo_Iny_Gas+1,Power_Rele@Tiempo+1
  6975   001CD8  0E07               	movlw	7
  6976   001CDA  EC82  F00B         	call	_Power_Rele
  6977   001CDE                     
  6978                           ;Control.c: 106:     for (int i = 0; i < Tiempo_Iny_Gas; i++) {
  6979   001CDE  0E00               	movlw	0
  6980   001CE0  6E3A               	movwf	(Inyecta_Gas@i+1)^0,c
  6981   001CE2  0E00               	movlw	0
  6982   001CE4  6E39               	movwf	Inyecta_Gas@i^0,c
  6983   001CE6  EF80  F00E         	goto	l777
  6984   001CEA                     l3550:
  6985                           
  6986                           ;Control.c: 107:         _delay((unsigned long)((1)*(16000000UL/4000.0)));
  6987   001CEA  0E06               	movlw	6
  6988   001CEC  6E38               	movwf	??_Inyecta_Gas^0,c
  6989   001CEE  0E30               	movlw	48
  6990   001CF0                     u4407:
  6991   001CF0  2EE8               	decfsz	wreg,f,c
  6992   001CF2  D7FE               	bra	u4407
  6993   001CF4  2E38               	decfsz	??_Inyecta_Gas^0,f,c
  6994   001CF6  D7FC               	bra	u4407
  6995   001CF8  D000               	nop2	
  6996   001CFA  0004               	clrwdt		;# 
  6997   001CFC                     
  6998                           ;Control.c: 109:     }
  6999   001CFC  4A39               	infsnz	Inyecta_Gas@i^0,f,c
  7000   001CFE  2A3A               	incf	(Inyecta_Gas@i+1)^0,f,c
  7001   001D00                     l777:
  7002   001D00  5052               	movf	_Tiempo_Iny_Gas^0,w,c
  7003   001D02  5C39               	subwf	Inyecta_Gas@i^0,w,c
  7004   001D04  5053               	movf	(_Tiempo_Iny_Gas+1)^0,w,c
  7005   001D06  583A               	subwfb	(Inyecta_Gas@i+1)^0,w,c
  7006   001D08  A0D8               	btfss	status,0,c
  7007   001D0A  EF89  F00E         	goto	u3001
  7008   001D0E  EF8B  F00E         	goto	u3000
  7009   001D12                     u3001:
  7010   001D12  EF75  F00E         	goto	l3550
  7011   001D16                     u3000:
  7012   001D16                     
  7013                           ;Control.c: 110:     Power_Rele(7, (uint16_t)(Tiempo_Iny_Gas * 1.5));
  7014   001D16  0E00               	movlw	0
  7015   001D18  6E16               	movwf	___flmul@a^0,c
  7016   001D1A  0E00               	movlw	0
  7017   001D1C  6E17               	movwf	(___flmul@a+1)^0,c
  7018   001D1E  0EC0               	movlw	192
  7019   001D20  6E18               	movwf	(___flmul@a+2)^0,c
  7020   001D22  0E3F               	movlw	63
  7021   001D24  6E19               	movwf	(___flmul@a+3)^0,c
  7022   001D26  C052  F004         	movff	_Tiempo_Iny_Gas,___xxtofl@val
  7023   001D2A  C053  F005         	movff	_Tiempo_Iny_Gas+1,___xxtofl@val+1
  7024   001D2E  6A06               	clrf	(___xxtofl@val+2)^0,c
  7025   001D30  6A07               	clrf	(___xxtofl@val+3)^0,c
  7026   001D32  0E00               	movlw	0
  7027   001D34  EC59  F008         	call	___xxtofl
  7028   001D38  C004  F012         	movff	?___xxtofl,___flmul@b
  7029   001D3C  C005  F013         	movff	?___xxtofl+1,___flmul@b+1
  7030   001D40  C006  F014         	movff	?___xxtofl+2,___flmul@b+2
  7031   001D44  C007  F015         	movff	?___xxtofl+3,___flmul@b+3
  7032   001D48  EC1C  F003         	call	___flmul	;wreg free
  7033   001D4C  C012  F02B         	movff	?___flmul,___fltol@f1
  7034   001D50  C013  F02C         	movff	?___flmul+1,___fltol@f1+1
  7035   001D54  C014  F02D         	movff	?___flmul+2,___fltol@f1+2
  7036   001D58  C015  F02E         	movff	?___flmul+3,___fltol@f1+3
  7037   001D5C  EC06  F00C         	call	___fltol	;wreg free
  7038   001D60  C02B  F035         	movff	?___fltol,Power_Rele@Tiempo
  7039   001D64  C02C  F036         	movff	?___fltol+1,Power_Rele@Tiempo+1
  7040   001D68  0E07               	movlw	7
  7041   001D6A  EC82  F00B         	call	_Power_Rele
  7042   001D6E                     
  7043                           ;Control.c: 111:     Respuestas_RS485("INYECCION_GAS_OK");
  7044   001D6E  0E19               	movlw	low STR_28
  7045   001D70  6E07               	movwf	Respuestas_RS485@Mensaje^0,c
  7046   001D72  0E7F               	movlw	high STR_28
  7047   001D74  6E08               	movwf	(Respuestas_RS485@Mensaje+1)^0,c
  7048   001D76  ECDD  F011         	call	_Respuestas_RS485	;wreg free
  7049   001D7A  0012               	return		;funcret
  7050   001D7C                     __end_of_Inyecta_Gas:
  7051                           	callstack 0
  7052                           
  7053 ;; *************** function _Imprime_Estado *****************
  7054 ;; Defined at:
  7055 ;;		line 186 in file "Uart.c"
  7056 ;; Parameters:    Size  Location     Type
  7057 ;;		None
  7058 ;; Auto vars:     Size  Location     Type
  7059 ;;  i               2   78[COMRAM] int 
  7060 ;;  R10             1   77[COMRAM] unsigned char 
  7061 ;;  R9              1   76[COMRAM] unsigned char 
  7062 ;;  R8              1   75[COMRAM] unsigned char 
  7063 ;;  R7              1   74[COMRAM] unsigned char 
  7064 ;;  R6              1   73[COMRAM] unsigned char 
  7065 ;;  R5              1   72[COMRAM] unsigned char 
  7066 ;;  R4              1   71[COMRAM] unsigned char 
  7067 ;;  R3              1   70[COMRAM] unsigned char 
  7068 ;;  R2              1   69[COMRAM] unsigned char 
  7069 ;;  R1              1   68[COMRAM] unsigned char 
  7070 ;; Return value:  Size  Location     Type
  7071 ;;                  1    wreg      void 
  7072 ;; Registers used:
  7073 ;;		wreg, fsr0l, fsr0h, fsr1l, fsr1h, fsr2l, fsr2h, status,2, status,0, tblptrl, tblptrh, tblptru, cstack
  7074 ;; Tracked objects:
  7075 ;;		On entry : 0/0
  7076 ;;		On exit  : 0/0
  7077 ;;		Unchanged: 0/0
  7078 ;; Data sizes:     COMRAM   BANK0   BANK1   BANK2   BANK3   BANK4   BANK5   BANK6   BANK7
  7079 ;;      Params:         0       0       0       0       0       0       0       0       0
  7080 ;;      Locals:        12       0       0       0       0       0       0       0       0
  7081 ;;      Temps:          1       0       0       0       0       0       0       0       0
  7082 ;;      Totals:        13       0       0       0       0       0       0       0       0
  7083 ;;Total ram usage:       13 bytes
  7084 ;; Hardware stack levels used: 1
  7085 ;; Hardware stack levels required when called: 7
  7086 ;; This function calls:
  7087 ;;		_UART_Print
  7088 ;;		_sprintf
  7089 ;; This function is called by:
  7090 ;;		_Get_Comando
  7091 ;; This function uses a non-reentrant model
  7092 ;;
  7093                           
  7094                           	psect	text32
  7095   000EE0                     __ptext32:
  7096                           	callstack 0
  7097   000EE0                     _Imprime_Estado:
  7098                           	callstack 22
  7099   000EE0                     
  7100                           ;Uart.c: 187:     char R1 = LATBbits.LATB5;
  7101   000EE0  0E00               	movlw	0
  7102   000EE2  BA8A               	btfsc	138,5,c	;volatile
  7103   000EE4  0E01               	movlw	1
  7104   000EE6  6E45               	movwf	Imprime_Estado@R1^0,c
  7105                           
  7106                           ;Uart.c: 188:     char R2 = LATBbits.LATB4;
  7107   000EE8  0E00               	movlw	0
  7108   000EEA  B88A               	btfsc	138,4,c	;volatile
  7109   000EEC  0E01               	movlw	1
  7110   000EEE  6E46               	movwf	Imprime_Estado@R2^0,c
  7111                           
  7112                           ;Uart.c: 189:     char R3 = LATBbits.LATB3;
  7113   000EF0  0E00               	movlw	0
  7114   000EF2  B68A               	btfsc	138,3,c	;volatile
  7115   000EF4  0E01               	movlw	1
  7116   000EF6  6E47               	movwf	Imprime_Estado@R3^0,c
  7117                           
  7118                           ;Uart.c: 190:     char R4 = LATBbits.LATB2;
  7119   000EF8  0E00               	movlw	0
  7120   000EFA  B48A               	btfsc	138,2,c	;volatile
  7121   000EFC  0E01               	movlw	1
  7122   000EFE  6E48               	movwf	Imprime_Estado@R4^0,c
  7123                           
  7124                           ;Uart.c: 191:     char R5 = LATBbits.LATB1;
  7125   000F00  0E00               	movlw	0
  7126   000F02  B28A               	btfsc	138,1,c	;volatile
  7127   000F04  0E01               	movlw	1
  7128   000F06  6E49               	movwf	Imprime_Estado@R5^0,c
  7129                           
  7130                           ;Uart.c: 192:     char R6 = LATBbits.LATB0;
  7131   000F08  0E00               	movlw	0
  7132   000F0A  B08A               	btfsc	138,0,c	;volatile
  7133   000F0C  0E01               	movlw	1
  7134   000F0E  6E4A               	movwf	Imprime_Estado@R6^0,c
  7135                           
  7136                           ;Uart.c: 193:     char R7 = LATDbits.LATD7;
  7137   000F10  0E00               	movlw	0
  7138   000F12  BE8C               	btfsc	140,7,c	;volatile
  7139   000F14  0E01               	movlw	1
  7140   000F16  6E4B               	movwf	Imprime_Estado@R7^0,c
  7141                           
  7142                           ;Uart.c: 194:     char R8 = LATDbits.LATD6;
  7143   000F18  0E00               	movlw	0
  7144   000F1A  BC8C               	btfsc	140,6,c	;volatile
  7145   000F1C  0E01               	movlw	1
  7146   000F1E  6E4C               	movwf	Imprime_Estado@R8^0,c
  7147                           
  7148                           ;Uart.c: 195:     char R9 = LATDbits.LATD5;
  7149   000F20  0E00               	movlw	0
  7150   000F22  BA8C               	btfsc	140,5,c	;volatile
  7151   000F24  0E01               	movlw	1
  7152   000F26  6E4D               	movwf	Imprime_Estado@R9^0,c
  7153                           
  7154                           ;Uart.c: 196:     char R10 = LATDbits.LATD4;
  7155   000F28  0E00               	movlw	0
  7156   000F2A  B88C               	btfsc	140,4,c	;volatile
  7157   000F2C  0E01               	movlw	1
  7158   000F2E  6E4E               	movwf	Imprime_Estado@R10^0,c
  7159   000F30                     
  7160                           ;Uart.c: 197:     LATBbits.LATB6 = 1;
  7161   000F30  8C8A               	bsf	138,6,c	;volatile
  7162                           
  7163                           ;Uart.c: 198:     _delay((unsigned long)((5)*(16000000UL/4000.0)));
  7164   000F32  0E1A               	movlw	26
  7165   000F34  6E44               	movwf	??_Imprime_Estado^0,c
  7166   000F36  0EF8               	movlw	248
  7167   000F38                     u4417:
  7168   000F38  2EE8               	decfsz	wreg,f,c
  7169   000F3A  D7FE               	bra	u4417
  7170   000F3C  2E44               	decfsz	??_Imprime_Estado^0,f,c
  7171   000F3E  D7FC               	bra	u4417
  7172   000F40  D000               	nop2	
  7173   000F42                     
  7174                           ;Uart.c: 199:     UART_Print("{\"i\":\"AGROLATINA_G01\",\"rs\":\"STATUS:");
  7175   000F42  0E85               	movlw	low STR_18
  7176   000F44  6E05               	movwf	UART_Print@cad^0,c
  7177   000F46  0E7E               	movlw	high STR_18
  7178   000F48  6E06               	movwf	(UART_Print@cad+1)^0,c
  7179   000F4A  EC61  F011         	call	_UART_Print	;wreg free
  7180   000F4E                     
  7181                           ;Uart.c: 200:     for (int i = 0; i < 10; i++) {
  7182   000F4E  0E00               	movlw	0
  7183   000F50  6E50               	movwf	(Imprime_Estado@i+1)^0,c
  7184   000F52  0E00               	movlw	0
  7185   000F54  6E4F               	movwf	Imprime_Estado@i^0,c
  7186   000F56                     l3508:
  7187                           
  7188                           ;Uart.c: 201:         sprintf(txt, "%d", Status_In[i]);
  7189   000F56  0ECE               	movlw	low _txt
  7190   000F58  6E21               	movwf	sprintf@s^0,c
  7191   000F5A  0E82               	movlw	low (STR_23+12)
  7192   000F5C  6E22               	movwf	sprintf@fmt^0,c
  7193   000F5E  0E7F               	movlw	high (STR_23+12)
  7194   000F60  6E23               	movwf	(sprintf@fmt+1)^0,c
  7195   000F62  504F               	movf	Imprime_Estado@i^0,w,c
  7196   000F64  0F92               	addlw	low _Status_In
  7197   000F66  6ED9               	movwf	fsr2l,c
  7198   000F68  6ADA               	clrf	fsr2h,c
  7199   000F6A  50DF               	movf	indf2,w,c
  7200   000F6C  6E44               	movwf	??_Imprime_Estado^0,c
  7201   000F6E  5044               	movf	??_Imprime_Estado^0,w,c
  7202   000F70  6E24               	movwf	(?_sprintf+3)^0,c
  7203   000F72  6A25               	clrf	(?_sprintf+4)^0,c
  7204   000F74  EC23  F012         	call	_sprintf	;wreg free
  7205   000F78                     
  7206                           ;Uart.c: 202:         UART_Print(txt);
  7207   000F78  0ECE               	movlw	low _txt
  7208   000F7A  6E05               	movwf	UART_Print@cad^0,c
  7209   000F7C  6A06               	clrf	(UART_Print@cad+1)^0,c
  7210   000F7E  EC61  F011         	call	_UART_Print	;wreg free
  7211   000F82                     
  7212                           ;Uart.c: 203:     }
  7213   000F82  4A4F               	infsnz	Imprime_Estado@i^0,f,c
  7214   000F84  2A50               	incf	(Imprime_Estado@i+1)^0,f,c
  7215   000F86  BE50               	btfsc	(Imprime_Estado@i+1)^0,7,c
  7216   000F88  EFCF  F007         	goto	u2981
  7217   000F8C  5050               	movf	(Imprime_Estado@i+1)^0,w,c
  7218   000F8E  E109               	bnz	u2980
  7219   000F90  0E0A               	movlw	10
  7220   000F92  5C4F               	subwf	Imprime_Estado@i^0,w,c
  7221   000F94  A0D8               	btfss	status,0,c
  7222   000F96  EFCF  F007         	goto	u2981
  7223   000F9A  EFD1  F007         	goto	u2980
  7224   000F9E                     u2981:
  7225   000F9E  EFAB  F007         	goto	l3508
  7226   000FA2                     u2980:
  7227   000FA2                     
  7228                           ;Uart.c: 204:     UART_Print(",");
  7229   000FA2  0EFC               	movlw	low STR_20
  7230   000FA4  6E05               	movwf	UART_Print@cad^0,c
  7231   000FA6  0E7F               	movlw	high STR_20
  7232   000FA8  6E06               	movwf	(UART_Print@cad+1)^0,c
  7233   000FAA  EC61  F011         	call	_UART_Print	;wreg free
  7234   000FAE                     
  7235                           ;Uart.c: 205:     sprintf(txt, "%d%d%d%d%d%d%d%d%d%d", R1, R2, R3, R4, R5, R6, R7, R8, R
      +                          9, R10);
  7236   000FAE  0ECE               	movlw	low _txt
  7237   000FB0  6E21               	movwf	sprintf@s^0,c
  7238   000FB2  0EBE               	movlw	low STR_21
  7239   000FB4  6E22               	movwf	sprintf@fmt^0,c
  7240   000FB6  0E7E               	movlw	high STR_21
  7241   000FB8  6E23               	movwf	(sprintf@fmt+1)^0,c
  7242   000FBA  C045  F024         	movff	Imprime_Estado@R1,?_sprintf+3
  7243   000FBE  6A25               	clrf	(?_sprintf+4)^0,c
  7244   000FC0  C046  F026         	movff	Imprime_Estado@R2,?_sprintf+5
  7245   000FC4  6A27               	clrf	(?_sprintf+6)^0,c
  7246   000FC6  C047  F028         	movff	Imprime_Estado@R3,?_sprintf+7
  7247   000FCA  6A29               	clrf	(?_sprintf+8)^0,c
  7248   000FCC  C048  F02A         	movff	Imprime_Estado@R4,?_sprintf+9
  7249   000FD0  6A2B               	clrf	(?_sprintf+10)^0,c
  7250   000FD2  C049  F02C         	movff	Imprime_Estado@R5,?_sprintf+11
  7251   000FD6  6A2D               	clrf	(?_sprintf+12)^0,c
  7252   000FD8  C04A  F02E         	movff	Imprime_Estado@R6,?_sprintf+13
  7253   000FDC  6A2F               	clrf	(?_sprintf+14)^0,c
  7254   000FDE  C04B  F030         	movff	Imprime_Estado@R7,?_sprintf+15
  7255   000FE2  6A31               	clrf	(?_sprintf+16)^0,c
  7256   000FE4  C04C  F032         	movff	Imprime_Estado@R8,?_sprintf+17
  7257   000FE8  6A33               	clrf	(?_sprintf+18)^0,c
  7258   000FEA  C04D  F034         	movff	Imprime_Estado@R9,?_sprintf+19
  7259   000FEE  6A35               	clrf	(?_sprintf+20)^0,c
  7260   000FF0  C04E  F036         	movff	Imprime_Estado@R10,?_sprintf+21
  7261   000FF4  6A37               	clrf	(?_sprintf+22)^0,c
  7262   000FF6  EC23  F012         	call	_sprintf	;wreg free
  7263   000FFA                     
  7264                           ;Uart.c: 206:     UART_Print(txt);
  7265   000FFA  0ECE               	movlw	low _txt
  7266   000FFC  6E05               	movwf	UART_Print@cad^0,c
  7267   000FFE  6A06               	clrf	(UART_Print@cad+1)^0,c
  7268   001000  EC61  F011         	call	_UART_Print	;wreg free
  7269   001004                     
  7270                           ;Uart.c: 207:     UART_Print(",");
  7271   001004  0EFC               	movlw	low STR_20
  7272   001006  6E05               	movwf	UART_Print@cad^0,c
  7273   001008  0E7F               	movlw	high STR_20
  7274   00100A  6E06               	movwf	(UART_Print@cad+1)^0,c
  7275   00100C  EC61  F011         	call	_UART_Print	;wreg free
  7276   001010                     
  7277                           ;Uart.c: 208:     sprintf(txt, "%d,%d,%d,%d,%d", Current1, Current2, Temp1, Temp2, PPM);
  7278   001010  0ECE               	movlw	low _txt
  7279   001012  6E21               	movwf	sprintf@s^0,c
  7280   001014  0E76               	movlw	low STR_23
  7281   001016  6E22               	movwf	sprintf@fmt^0,c
  7282   001018  0E7F               	movlw	high STR_23
  7283   00101A  6E23               	movwf	(sprintf@fmt+1)^0,c
  7284   00101C  C0BE  F024         	movff	_Current1,?_sprintf+3
  7285   001020  C0BF  F025         	movff	_Current1+1,?_sprintf+4
  7286   001024  0E00               	movlw	0
  7287   001026  6E27               	movwf	(?_sprintf+6)^0,c
  7288   001028  0E00               	movlw	0
  7289   00102A  6E26               	movwf	(?_sprintf+5)^0,c
  7290   00102C  C0BA  F028         	movff	_Temp1,?_sprintf+7
  7291   001030  C0BB  F029         	movff	_Temp1+1,?_sprintf+8
  7292   001034  C0B8  F02A         	movff	_Temp2,?_sprintf+9
  7293   001038  C0B9  F02B         	movff	_Temp2+1,?_sprintf+10
  7294   00103C  0E00               	movlw	0
  7295   00103E  6E2D               	movwf	(?_sprintf+12)^0,c
  7296   001040  0E00               	movlw	0
  7297   001042  6E2C               	movwf	(?_sprintf+11)^0,c
  7298   001044  EC23  F012         	call	_sprintf	;wreg free
  7299                           
  7300                           ;Uart.c: 209:     UART_Print(txt);
  7301   001048  0ECE               	movlw	low _txt
  7302   00104A  6E05               	movwf	UART_Print@cad^0,c
  7303   00104C  6A06               	clrf	(UART_Print@cad+1)^0,c
  7304   00104E  EC61  F011         	call	_UART_Print	;wreg free
  7305                           
  7306                           ;Uart.c: 210:     UART_Print(",");
  7307   001052  0EFC               	movlw	low STR_20
  7308   001054  6E05               	movwf	UART_Print@cad^0,c
  7309   001056  0E7F               	movlw	high STR_20
  7310   001058  6E06               	movwf	(UART_Print@cad+1)^0,c
  7311   00105A  EC61  F011         	call	_UART_Print	;wreg free
  7312   00105E                     
  7313                           ;Uart.c: 211:     sprintf(txt, "%d,%d,%d,%d,%d", Channel_Heater, Tiempo_Damper, Tiempo_I
      +                          ny_Liquido, Tiempo_Iny_Gas, En_Sistem);
  7314   00105E  0ECE               	movlw	low _txt
  7315   001060  6E21               	movwf	sprintf@s^0,c
  7316   001062  0E76               	movlw	low STR_23
  7317   001064  6E22               	movwf	sprintf@fmt^0,c
  7318   001066  0E7F               	movlw	high STR_23
  7319   001068  6E23               	movwf	(sprintf@fmt+1)^0,c
  7320   00106A  C056  F024         	movff	_Channel_Heater,?_sprintf+3
  7321   00106E  6A25               	clrf	(?_sprintf+4)^0,c
  7322   001070  C0AA  F026         	movff	_Tiempo_Damper,?_sprintf+5
  7323   001074  C0AB  F027         	movff	_Tiempo_Damper+1,?_sprintf+6
  7324   001078  C054  F028         	movff	_Tiempo_Iny_Liquido,?_sprintf+7
  7325   00107C  C055  F029         	movff	_Tiempo_Iny_Liquido+1,?_sprintf+8
  7326   001080  C052  F02A         	movff	_Tiempo_Iny_Gas,?_sprintf+9
  7327   001084  C053  F02B         	movff	_Tiempo_Iny_Gas+1,?_sprintf+10
  7328   001088  C0C4  F02C         	movff	_En_Sistem,?_sprintf+11
  7329   00108C  6A2D               	clrf	(?_sprintf+12)^0,c
  7330   00108E  EC23  F012         	call	_sprintf	;wreg free
  7331   001092                     
  7332                           ;Uart.c: 212:     UART_Print("\"}");
  7333   001092  0EF7               	movlw	low STR_26
  7334   001094  6E05               	movwf	UART_Print@cad^0,c
  7335   001096  0E7F               	movlw	high STR_26
  7336   001098  6E06               	movwf	(UART_Print@cad+1)^0,c
  7337   00109A  EC61  F011         	call	_UART_Print	;wreg free
  7338   00109E                     
  7339                           ;Uart.c: 213:     _delay((unsigned long)((5)*(16000000UL/4000.0)));
  7340   00109E  0E1A               	movlw	26
  7341   0010A0  6E44               	movwf	??_Imprime_Estado^0,c
  7342   0010A2  0EF8               	movlw	248
  7343   0010A4                     u4427:
  7344   0010A4  2EE8               	decfsz	wreg,f,c
  7345   0010A6  D7FE               	bra	u4427
  7346   0010A8  2E44               	decfsz	??_Imprime_Estado^0,f,c
  7347   0010AA  D7FC               	bra	u4427
  7348   0010AC  D000               	nop2	
  7349   0010AE                     
  7350                           ;Uart.c: 214:     LATBbits.LATB6 = 0;
  7351   0010AE  9C8A               	bcf	138,6,c	;volatile
  7352   0010B0  0012               	return		;funcret
  7353   0010B2                     __end_of_Imprime_Estado:
  7354                           	callstack 0
  7355                           
  7356 ;; *************** function _sprintf *****************
  7357 ;; Defined at:
  7358 ;;		line 9 in file "C:\Program Files\Microchip\xc8\v3.00\pic\sources\c99\common\nf_sprintf.c"
  7359 ;; Parameters:    Size  Location     Type
  7360 ;;  s               1   32[COMRAM] PTR unsigned char 
  7361 ;;		 -> txt(20), 
  7362 ;;  fmt             2   33[COMRAM] PTR const unsigned char 
  7363 ;;		 -> STR_25(15), STR_23(15), STR_21(21), STR_19(3), 
  7364 ;; Auto vars:     Size  Location     Type
  7365 ;;  f              11   56[COMRAM] struct _IO_FILE
  7366 ;;  ret             2    0        int 
  7367 ;;  ap              1   55[COMRAM] PTR void [1]
  7368 ;;		 -> ?_sprintf(2), 
  7369 ;; Return value:  Size  Location     Type
  7370 ;;                  2   32[COMRAM] int 
  7371 ;; Registers used:
  7372 ;;		wreg, fsr1l, fsr1h, fsr2l, fsr2h, status,2, status,0, tblptrl, tblptrh, tblptru, cstack
  7373 ;; Tracked objects:
  7374 ;;		On entry : 0/0
  7375 ;;		On exit  : 0/0
  7376 ;;		Unchanged: 0/0
  7377 ;; Data sizes:     COMRAM   BANK0   BANK1   BANK2   BANK3   BANK4   BANK5   BANK6   BANK7
  7378 ;;      Params:        23       0       0       0       0       0       0       0       0
  7379 ;;      Locals:        12       0       0       0       0       0       0       0       0
  7380 ;;      Temps:          0       0       0       0       0       0       0       0       0
  7381 ;;      Totals:        35       0       0       0       0       0       0       0       0
  7382 ;;Total ram usage:       35 bytes
  7383 ;; Hardware stack levels used: 1
  7384 ;; Hardware stack levels required when called: 6
  7385 ;; This function calls:
  7386 ;;		_vfprintf
  7387 ;; This function is called by:
  7388 ;;		_Imprime_Estado
  7389 ;; This function uses a non-reentrant model
  7390 ;;
  7391                           
  7392                           	psect	text33
  7393   002446                     __ptext33:
  7394                           	callstack 0
  7395   002446                     _sprintf:
  7396                           	callstack 22
  7397   002446  0E24               	movlw	low (?_sprintf+3)
  7398   002448  6E38               	movwf	sprintf@ap^0,c
  7399   00244A  C021  F039         	movff	sprintf@s,sprintf@f
  7400   00244E  0E00               	movlw	0
  7401   002450  6E3C               	movwf	(sprintf@f+3)^0,c
  7402   002452  0E00               	movlw	0
  7403   002454  6E3B               	movwf	(sprintf@f+2)^0,c
  7404   002456  0E00               	movlw	0
  7405   002458  6E43               	movwf	(sprintf@f+10)^0,c
  7406   00245A  0E00               	movlw	0
  7407   00245C  6E42               	movwf	(sprintf@f+9)^0,c
  7408   00245E  0E39               	movlw	low sprintf@f
  7409   002460  6E1B               	movwf	vfprintf@fp^0,c
  7410   002462  C022  F01C         	movff	sprintf@fmt,vfprintf@fmt
  7411   002466  C023  F01D         	movff	sprintf@fmt+1,vfprintf@fmt+1
  7412   00246A  0E38               	movlw	low sprintf@ap
  7413   00246C  6E1E               	movwf	vfprintf@ap^0,c
  7414   00246E  EC02  F012         	call	_vfprintf	;wreg free
  7415   002472  5021               	movf	sprintf@s^0,w,c
  7416   002474  243B               	addwf	(sprintf@f+2)^0,w,c
  7417   002476  6ED9               	movwf	fsr2l,c
  7418   002478  6ADA               	clrf	fsr2h,c
  7419   00247A  6ADF               	clrf	indf2,c
  7420   00247C  0012               	return		;funcret
  7421   00247E                     __end_of_sprintf:
  7422                           	callstack 0
  7423                           
  7424 ;; *************** function _vfprintf *****************
  7425 ;; Defined at:
  7426 ;;		line 1817 in file "C:\Program Files\Microchip\xc8\v3.00\pic\sources\c99\common\doprnt.c"
  7427 ;; Parameters:    Size  Location     Type
  7428 ;;  fp              1   26[COMRAM] PTR struct _IO_FILE
  7429 ;;		 -> sprintf@f(11), 
  7430 ;;  fmt             2   27[COMRAM] PTR const unsigned char 
  7431 ;;		 -> STR_25(15), STR_23(15), STR_21(21), STR_19(3), 
  7432 ;;  ap              1   29[COMRAM] PTR PTR void 
  7433 ;;		 -> sprintf@ap(1), 
  7434 ;; Auto vars:     Size  Location     Type
  7435 ;;  cfmt            2   30[COMRAM] PTR unsigned char 
  7436 ;;		 -> STR_25(15), STR_23(15), STR_21(21), STR_19(3), 
  7437 ;; Return value:  Size  Location     Type
  7438 ;;                  2   26[COMRAM] int 
  7439 ;; Registers used:
  7440 ;;		wreg, fsr1l, fsr1h, fsr2l, fsr2h, status,2, status,0, tblptrl, tblptrh, tblptru, cstack
  7441 ;; Tracked objects:
  7442 ;;		On entry : 0/0
  7443 ;;		On exit  : 0/0
  7444 ;;		Unchanged: 0/0
  7445 ;; Data sizes:     COMRAM   BANK0   BANK1   BANK2   BANK3   BANK4   BANK5   BANK6   BANK7
  7446 ;;      Params:         4       0       0       0       0       0       0       0       0
  7447 ;;      Locals:         2       0       0       0       0       0       0       0       0
  7448 ;;      Temps:          0       0       0       0       0       0       0       0       0
  7449 ;;      Totals:         6       0       0       0       0       0       0       0       0
  7450 ;;Total ram usage:        6 bytes
  7451 ;; Hardware stack levels used: 1
  7452 ;; Hardware stack levels required when called: 5
  7453 ;; This function calls:
  7454 ;;		_vfpfcnvrt
  7455 ;; This function is called by:
  7456 ;;		_sprintf
  7457 ;; This function uses a non-reentrant model
  7458 ;;
  7459                           
  7460                           	psect	text34
  7461   002404                     __ptext34:
  7462                           	callstack 0
  7463   002404                     _vfprintf:
  7464                           	callstack 22
  7465   002404                     
  7466                           ;C:\Program Files\Microchip\xc8\v3.00\pic\sources\c99\common\doprnt.c: 1817: int vfprint
      +                          f(FILE *fp, const char *fmt, va_list ap);C:\Program Files\Microchip\xc8\v3.00\pic\source
      +                          s\c99\common\doprnt.c: 1818: {;C:\Program Files\Microchip\xc8\v3.00\pic\sources\c99\comm
      +                          on\doprnt.c: 1820:     char *cfmt;;C:\Program Files\Microchip\xc8\v3.00\pic\sources\c99\
      +                          common\doprnt.c: 1822:     cfmt = (char *)fmt;
  7467   002404  C01C  F01F         	movff	vfprintf@fmt,vfprintf@cfmt
  7468   002408  C01D  F020         	movff	vfprintf@fmt+1,vfprintf@cfmt+1
  7469                           
  7470                           ;C:\Program Files\Microchip\xc8\v3.00\pic\sources\c99\common\doprnt.c: 1826:     while (
      +                          *cfmt) {
  7471   00240C  EF10  F012         	goto	l3354
  7472   002410                     l3352:
  7473                           
  7474                           ;C:\Program Files\Microchip\xc8\v3.00\pic\sources\c99\common\doprnt.c: 1830:    vfpfcnvr
      +                          t(fp, &cfmt, ap);
  7475   002410  C01B  F00E         	movff	vfprintf@fp,vfpfcnvrt@fp
  7476   002414  0E1F               	movlw	low vfprintf@cfmt
  7477   002416  6E0F               	movwf	vfpfcnvrt@fmt^0,c
  7478   002418  C01E  F010         	movff	vfprintf@ap,vfpfcnvrt@ap
  7479   00241C  EC7F  F006         	call	_vfpfcnvrt	;wreg free
  7480   002420                     l3354:
  7481                           
  7482                           ;C:\Program Files\Microchip\xc8\v3.00\pic\sources\c99\common\doprnt.c: 1826:     while (
      +                          *cfmt) {
  7483   002420  C01F  FFF6         	movff	vfprintf@cfmt,tblptrl
  7484   002424  C020  FFF7         	movff	vfprintf@cfmt+1,tblptrh
  7485   002428                     	if	0	;tblptru may be non-zero
  7486   002428                     	endif
  7487   002428                     	if	0	;tblptru may be non-zero
  7488   002428                     	endif
  7489   002428  0008               	tblrd		*
  7490   00242A  50F5               	movf	tablat,w,c
  7491   00242C  0900               	iorlw	0
  7492   00242E  A4D8               	btfss	status,2,c
  7493   002430  EF1C  F012         	goto	u2691
  7494   002434  EF1E  F012         	goto	u2690
  7495   002438                     u2691:
  7496   002438  EF08  F012         	goto	l3352
  7497   00243C                     u2690:
  7498   00243C                     
  7499                           ;C:\Program Files\Microchip\xc8\v3.00\pic\sources\c99\common\doprnt.c: 1835:  return 0;
  7500   00243C  0E00               	movlw	0
  7501   00243E  6E1C               	movwf	(?_vfprintf+1)^0,c
  7502   002440  0E00               	movlw	0
  7503   002442  6E1B               	movwf	?_vfprintf^0,c
  7504   002444  0012               	return		;funcret
  7505   002446                     __end_of_vfprintf:
  7506                           	callstack 0
  7507                           
  7508 ;; *************** function _vfpfcnvrt *****************
  7509 ;; Defined at:
  7510 ;;		line 1177 in file "C:\Program Files\Microchip\xc8\v3.00\pic\sources\c99\common\doprnt.c"
  7511 ;; Parameters:    Size  Location     Type
  7512 ;;  fp              1   13[COMRAM] PTR struct _IO_FILE
  7513 ;;		 -> sprintf@f(11), 
  7514 ;;  fmt             1   14[COMRAM] PTR PTR unsigned char 
  7515 ;;		 -> vfprintf@cfmt(2), 
  7516 ;;  ap              1   15[COMRAM] PTR PTR void 
  7517 ;;		 -> sprintf@ap(1), 
  7518 ;; Auto vars:     Size  Location     Type
  7519 ;;  convarg         4   21[COMRAM] struct .
  7520 ;;  cp              2   19[COMRAM] PTR unsigned char 
  7521 ;;		 -> STR_25(15), STR_23(15), STR_21(21), STR_19(3), 
  7522 ;;  c               1   25[COMRAM] unsigned char 
  7523 ;;  done            1   18[COMRAM] _Bool 
  7524 ;; Return value:  Size  Location     Type
  7525 ;;                  1    wreg      void 
  7526 ;; Registers used:
  7527 ;;		wreg, fsr1l, fsr1h, fsr2l, fsr2h, status,2, status,0, tblptrl, tblptrh, tblptru, cstack
  7528 ;; Tracked objects:
  7529 ;;		On entry : 0/0
  7530 ;;		On exit  : 0/0
  7531 ;;		Unchanged: 0/0
  7532 ;; Data sizes:     COMRAM   BANK0   BANK1   BANK2   BANK3   BANK4   BANK5   BANK6   BANK7
  7533 ;;      Params:         3       0       0       0       0       0       0       0       0
  7534 ;;      Locals:         8       0       0       0       0       0       0       0       0
  7535 ;;      Temps:          2       0       0       0       0       0       0       0       0
  7536 ;;      Totals:        13       0       0       0       0       0       0       0       0
  7537 ;;Total ram usage:       13 bytes
  7538 ;; Hardware stack levels used: 1
  7539 ;; Hardware stack levels required when called: 4
  7540 ;; This function calls:
  7541 ;;		___awdiv
  7542 ;;		___awmod
  7543 ;;		_abs
  7544 ;;		_fputc
  7545 ;; This function is called by:
  7546 ;;		_vfprintf
  7547 ;; This function uses a non-reentrant model
  7548 ;;
  7549                           
  7550                           	psect	text35
  7551   000CFE                     __ptext35:
  7552                           	callstack 0
  7553   000CFE                     _vfpfcnvrt:
  7554                           	callstack 22
  7555   000CFE                     
  7556                           ;C:\Program Files\Microchip\xc8\v3.00\pic\sources\c99\common\doprnt.c: 1177: vfpfcnvrt(F
      +                          ILE *fp, char *fmt[], va_list ap);C:\Program Files\Microchip\xc8\v3.00\pic\sources\c99\c
      +                          ommon\doprnt.c: 1178: {;C:\Program Files\Microchip\xc8\v3.00\pic\sources\c99\common\dopr
      +                          nt.c: 1179:     char c, *cp;;C:\Program Files\Microchip\xc8\v3.00\pic\sources\c99\common
      +                          \doprnt.c: 1180:     _Bool done;;C:\Program Files\Microchip\xc8\v3.00\pic\sources\c99\co
      +                          mmon\doprnt.c: 1188:  } convarg;;C:\Program Files\Microchip\xc8\v3.00\pic\sources\c99\co
      +                          mmon\doprnt.c: 1201:     if ((*fmt)[0] == '%') {
  7557   000CFE  500F               	movf	vfpfcnvrt@fmt^0,w,c
  7558   000D00  6ED9               	movwf	fsr2l,c
  7559   000D02  6ADA               	clrf	fsr2h,c
  7560   000D04  CFDE FFF6          	movff	postinc2,tblptrl
  7561   000D08  CFDD FFF7          	movff	postdec2,tblptrh
  7562   000D0C                     	if	0	;tblptru may be non-zero
  7563   000D0C                     	endif
  7564   000D0C                     	if	0	;tblptru may be non-zero
  7565   000D0C                     	endif
  7566   000D0C  0008               	tblrd		*
  7567   000D0E  50F5               	movf	tablat,w,c
  7568   000D10  0A25               	xorlw	37
  7569   000D12  A4D8               	btfss	status,2,c
  7570   000D14  EF8E  F006         	goto	u2091
  7571   000D18  EF90  F006         	goto	u2090
  7572   000D1C                     u2091:
  7573   000D1C  EF5E  F007         	goto	l3032
  7574   000D20                     u2090:
  7575   000D20                     
  7576                           ;C:\Program Files\Microchip\xc8\v3.00\pic\sources\c99\common\doprnt.c: 1202:         ++*
      +                          fmt;
  7577   000D20  500F               	movf	vfpfcnvrt@fmt^0,w,c
  7578   000D22  6ED9               	movwf	fsr2l,c
  7579   000D24  6ADA               	clrf	fsr2h,c
  7580   000D26  2ADE               	incf	postinc2,f,c
  7581   000D28  0E00               	movlw	0
  7582   000D2A  22DD               	addwfc	postdec2,f,c
  7583   000D2C                     
  7584                           ;C:\Program Files\Microchip\xc8\v3.00\pic\sources\c99\common\doprnt.c: 1204:         fla
      +                          gs = width = 0;
  7585   000D2C  0E00               	movlw	0
  7586   000D2E  0100               	movlb	0	; () banked
  7587   000D30  6FA7               	movwf	(_width+1)& (0+255),b
  7588   000D32  0E00               	movlw	0
  7589   000D34  6FA6               	movwf	_width& (0+255),b
  7590   000D36  C0A6  F0C0         	movff	_width,_flags
  7591   000D3A                     
  7592                           ; BSR set to: 0
  7593                           ;C:\Program Files\Microchip\xc8\v3.00\pic\sources\c99\common\doprnt.c: 1205:         pre
      +                          c = -1;
  7594   000D3A  69A8               	setf	_prec& (0+255),b
  7595   000D3C  69A9               	setf	(_prec+1)& (0+255),b
  7596   000D3E                     
  7597                           ; BSR set to: 0
  7598                           ;C:\Program Files\Microchip\xc8\v3.00\pic\sources\c99\common\doprnt.c: 1291:   cp = *fmt
      +                          ;
  7599   000D3E  500F               	movf	vfpfcnvrt@fmt^0,w,c
  7600   000D40  6ED9               	movwf	fsr2l,c
  7601   000D42  6ADA               	clrf	fsr2h,c
  7602   000D44  CFDE F014          	movff	postinc2,vfpfcnvrt@cp
  7603   000D48  CFDD F015          	movff	postdec2,vfpfcnvrt@cp+1
  7604   000D4C                     
  7605                           ; BSR set to: 0
  7606                           ;C:\Program Files\Microchip\xc8\v3.00\pic\sources\c99\common\doprnt.c: 1361:   if (*cp =
      +                          = 'd' || *cp == 'i') {
  7607   000D4C  C014  FFF6         	movff	vfpfcnvrt@cp,tblptrl
  7608   000D50  C015  FFF7         	movff	vfpfcnvrt@cp+1,tblptrh
  7609   000D54                     	if	0	;tblptru may be non-zero
  7610   000D54                     	endif
  7611   000D54                     	if	0	;tblptru may be non-zero
  7612   000D54                     	endif
  7613   000D54  0008               	tblrd		*
  7614   000D56  50F5               	movf	tablat,w,c
  7615   000D58  0A64               	xorlw	100
  7616   000D5A  B4D8               	btfsc	status,2,c
  7617   000D5C  EFB2  F006         	goto	u2101
  7618   000D60  EFB4  F006         	goto	u2100
  7619   000D64                     u2101:
  7620   000D64  EFC2  F006         	goto	l3002
  7621   000D68                     u2100:
  7622   000D68                     
  7623                           ; BSR set to: 0
  7624   000D68  C014  FFF6         	movff	vfpfcnvrt@cp,tblptrl
  7625   000D6C  C015  FFF7         	movff	vfpfcnvrt@cp+1,tblptrh
  7626   000D70                     	if	0	;tblptru may be non-zero
  7627   000D70                     	endif
  7628   000D70                     	if	0	;tblptru may be non-zero
  7629   000D70                     	endif
  7630   000D70  0008               	tblrd		*
  7631   000D72  50F5               	movf	tablat,w,c
  7632   000D74  0A69               	xorlw	105
  7633   000D76  A4D8               	btfss	status,2,c
  7634   000D78  EFC0  F006         	goto	u2111
  7635   000D7C  EFC2  F006         	goto	u2110
  7636   000D80                     u2111:
  7637   000D80  EF56  F007         	goto	l3028
  7638   000D84                     u2110:
  7639   000D84                     l3002:
  7640                           
  7641                           ; BSR set to: 0
  7642                           ;C:\Program Files\Microchip\xc8\v3.00\pic\sources\c99\common\doprnt.c: 1404:    convarg.
      +                          sint = (vfpf_sint_t)(int)(*(int *)__va_arg(*(int **)ap, (int)0));
  7643   000D84  5010               	movf	vfpfcnvrt@ap^0,w,c
  7644   000D86  6ED9               	movwf	fsr2l,c
  7645   000D88  6ADA               	clrf	fsr2h,c
  7646   000D8A  0E02               	movlw	2
  7647   000D8C  26DF               	addwf	indf2,f,c
  7648   000D8E  5CDF               	subwf	indf2,w,c
  7649   000D90  6ED9               	movwf	fsr2l,c
  7650   000D92  6ADA               	clrf	fsr2h,c
  7651   000D94  CFDE F016          	movff	postinc2,vfpfcnvrt@convarg
  7652   000D98  CFDE F017          	movff	postinc2,vfpfcnvrt@convarg+1
  7653   000D9C                     
  7654                           ; BSR set to: 0
  7655                           ;C:\Program Files\Microchip\xc8\v3.00\pic\sources\c99\common\doprnt.c: 1406:    *fmt = c
      +                          p+1;
  7656   000D9C  0E01               	movlw	1
  7657   000D9E  2414               	addwf	vfpfcnvrt@cp^0,w,c
  7658   000DA0  6E11               	movwf	??_vfpfcnvrt^0,c
  7659   000DA2  0E00               	movlw	0
  7660   000DA4  2015               	addwfc	(vfpfcnvrt@cp+1)^0,w,c
  7661   000DA6  6E12               	movwf	(??_vfpfcnvrt+1)^0,c
  7662   000DA8  500F               	movf	vfpfcnvrt@fmt^0,w,c
  7663   000DAA  6ED9               	movwf	fsr2l,c
  7664   000DAC  6ADA               	clrf	fsr2h,c
  7665   000DAE  C011  FFDE         	movff	??_vfpfcnvrt,postinc2
  7666   000DB2  C012  FFDD         	movff	??_vfpfcnvrt+1,postdec2
  7667   000DB6                     
  7668                           ; BSR set to: 0
  7669                           ;C:\Program Files\Microchip\xc8\v3.00\pic\sources\c99\common\doprnt.c: 1408:    c = size
      +                          of(dbuf);
  7670   000DB6  0E20               	movlw	32
  7671   000DB8  6E1A               	movwf	vfpfcnvrt@c^0,c
  7672                           
  7673                           ;C:\Program Files\Microchip\xc8\v3.00\pic\sources\c99\common\doprnt.c: 1409:    done = c
      +                          onvarg.sint < 0;
  7674   000DBA  BE17               	btfsc	(vfpfcnvrt@convarg+1)^0,7,c
  7675   000DBC  EFE2  F006         	goto	u2121
  7676   000DC0  EFE5  F006         	goto	u2120
  7677   000DC4                     u2121:
  7678   000DC4  0E01               	movlw	1
  7679   000DC6  EFE6  F006         	goto	u2130
  7680   000DCA                     u2120:
  7681   000DCA  0E00               	movlw	0
  7682   000DCC                     u2130:
  7683   000DCC  6E13               	movwf	vfpfcnvrt@done^0,c
  7684   000DCE                     l3008:
  7685                           
  7686                           ;C:\Program Files\Microchip\xc8\v3.00\pic\sources\c99\common\doprnt.c: 1411:     dbuf[--
      +                          c] = abs(convarg.sint % 10) + '0';
  7687   000DCE  061A               	decf	vfpfcnvrt@c^0,f,c
  7688   000DD0  0E00               	movlw	low _dbuf
  7689   000DD2  241A               	addwf	vfpfcnvrt@c^0,w,c
  7690   000DD4  6ED9               	movwf	fsr2l,c
  7691   000DD6  6ADA               	clrf	fsr2h,c
  7692   000DD8  0E01               	movlw	high _dbuf
  7693   000DDA  22DA               	addwfc	fsr2h,f,c
  7694   000DDC  C016  F004         	movff	vfpfcnvrt@convarg,___awmod@dividend
  7695   000DE0  C017  F005         	movff	vfpfcnvrt@convarg+1,___awmod@dividend+1
  7696   000DE4  0E00               	movlw	0
  7697   000DE6  6E07               	movwf	(___awmod@divisor+1)^0,c
  7698   000DE8  0E0A               	movlw	10
  7699   000DEA  6E06               	movwf	___awmod@divisor^0,c
  7700   000DEC  ECBB  F00D         	call	___awmod	;wreg free
  7701   000DF0  C004  F00A         	movff	?___awmod,abs@a
  7702   000DF4  C005  F00B         	movff	?___awmod+1,abs@a+1
  7703   000DF8  EC3F  F012         	call	_abs	;wreg free
  7704   000DFC  500A               	movf	?_abs^0,w,c
  7705   000DFE  0F30               	addlw	48
  7706   000E00  6EDF               	movwf	indf2,c
  7707   000E02                     
  7708                           ;C:\Program Files\Microchip\xc8\v3.00\pic\sources\c99\common\doprnt.c: 1412:     convarg
      +                          .sint /= 10;
  7709   000E02  C016  F004         	movff	vfpfcnvrt@convarg,___awdiv@dividend
  7710   000E06  C017  F005         	movff	vfpfcnvrt@convarg+1,___awdiv@dividend+1
  7711   000E0A  0E00               	movlw	0
  7712   000E0C  6E07               	movwf	(___awdiv@divisor+1)^0,c
  7713   000E0E  0E0A               	movlw	10
  7714   000E10  6E06               	movwf	___awdiv@divisor^0,c
  7715   000E12  ECFE  F00C         	call	___awdiv	;wreg free
  7716   000E16  C004  F016         	movff	?___awdiv,vfpfcnvrt@convarg
  7717   000E1A  C005  F017         	movff	?___awdiv+1,vfpfcnvrt@convarg+1
  7718   000E1E                     
  7719                           ;C:\Program Files\Microchip\xc8\v3.00\pic\sources\c99\common\doprnt.c: 1416:    } while 
      +                          (convarg.sint != 0 && c != 0);
  7720   000E1E  5016               	movf	vfpfcnvrt@convarg^0,w,c
  7721   000E20  1017               	iorwf	(vfpfcnvrt@convarg+1)^0,w,c
  7722   000E22  B4D8               	btfsc	status,2,c
  7723   000E24  EF16  F007         	goto	u2141
  7724   000E28  EF18  F007         	goto	u2140
  7725   000E2C                     u2141:
  7726   000E2C  EF20  F007         	goto	l3016
  7727   000E30                     u2140:
  7728   000E30  501A               	movf	vfpfcnvrt@c^0,w,c
  7729   000E32  A4D8               	btfss	status,2,c
  7730   000E34  EF1E  F007         	goto	u2151
  7731   000E38  EF20  F007         	goto	u2150
  7732   000E3C                     u2151:
  7733   000E3C  EFE7  F006         	goto	l3008
  7734   000E40                     u2150:
  7735   000E40                     l3016:
  7736                           
  7737                           ;C:\Program Files\Microchip\xc8\v3.00\pic\sources\c99\common\doprnt.c: 1417:    if (c !=
      +                           0 && done) {
  7738   000E40  501A               	movf	vfpfcnvrt@c^0,w,c
  7739   000E42  B4D8               	btfsc	status,2,c
  7740   000E44  EF26  F007         	goto	u2161
  7741   000E48  EF28  F007         	goto	u2160
  7742   000E4C                     u2161:
  7743   000E4C  EF4B  F007         	goto	l3026
  7744   000E50                     u2160:
  7745   000E50  5013               	movf	vfpfcnvrt@done^0,w,c
  7746   000E52  B4D8               	btfsc	status,2,c
  7747   000E54  EF2E  F007         	goto	u2171
  7748   000E58  EF30  F007         	goto	u2170
  7749   000E5C                     u2171:
  7750   000E5C  EF4B  F007         	goto	l3026
  7751   000E60                     u2170:
  7752   000E60                     
  7753                           ;C:\Program Files\Microchip\xc8\v3.00\pic\sources\c99\common\doprnt.c: 1418:     dbuf[--
      +                          c] = '-';
  7754   000E60  061A               	decf	vfpfcnvrt@c^0,f,c
  7755   000E62  0E00               	movlw	low _dbuf
  7756   000E64  241A               	addwf	vfpfcnvrt@c^0,w,c
  7757   000E66  6ED9               	movwf	fsr2l,c
  7758   000E68  6ADA               	clrf	fsr2h,c
  7759   000E6A  0E01               	movlw	high _dbuf
  7760   000E6C  22DA               	addwfc	fsr2h,f,c
  7761   000E6E  0E2D               	movlw	45
  7762   000E70  6EDF               	movwf	indf2,c
  7763   000E72  EF4B  F007         	goto	l3026
  7764   000E76                     l3022:
  7765                           
  7766                           ;C:\Program Files\Microchip\xc8\v3.00\pic\sources\c99\common\doprnt.c: 1424:     fputc(d
      +                          buf[c++], fp);
  7767   000E76  0E00               	movlw	low _dbuf
  7768   000E78  241A               	addwf	vfpfcnvrt@c^0,w,c
  7769   000E7A  6ED9               	movwf	fsr2l,c
  7770   000E7C  6ADA               	clrf	fsr2h,c
  7771   000E7E  0E01               	movlw	high _dbuf
  7772   000E80  22DA               	addwfc	fsr2h,f,c
  7773   000E82  50DF               	movf	indf2,w,c
  7774   000E84  6E11               	movwf	??_vfpfcnvrt^0,c
  7775   000E86  5011               	movf	??_vfpfcnvrt^0,w,c
  7776   000E88  6E04               	movwf	fputc@c^0,c
  7777   000E8A  6A05               	clrf	(fputc@c+1)^0,c
  7778   000E8C  C00E  F006         	movff	vfpfcnvrt@fp,fputc@fp
  7779   000E90  EC13  F00F         	call	_fputc	;wreg free
  7780   000E94  2A1A               	incf	vfpfcnvrt@c^0,f,c
  7781   000E96                     l3026:
  7782                           
  7783                           ;C:\Program Files\Microchip\xc8\v3.00\pic\sources\c99\common\doprnt.c: 1423:    while (c
      +                           != sizeof(dbuf)) {
  7784   000E96  0E20               	movlw	32
  7785   000E98  181A               	xorwf	vfpfcnvrt@c^0,w,c
  7786   000E9A  A4D8               	btfss	status,2,c
  7787   000E9C  EF52  F007         	goto	u2181
  7788   000EA0  EF54  F007         	goto	u2180
  7789   000EA4                     u2181:
  7790   000EA4  EF3B  F007         	goto	l3022
  7791   000EA8                     u2180:
  7792   000EA8  EF6F  F007         	goto	l1558
  7793   000EAC                     l3028:
  7794                           
  7795                           ;C:\Program Files\Microchip\xc8\v3.00\pic\sources\c99\common\doprnt.c: 1806:         ++*
      +                          fmt;
  7796   000EAC  500F               	movf	vfpfcnvrt@fmt^0,w,c
  7797   000EAE  6ED9               	movwf	fsr2l,c
  7798   000EB0  6ADA               	clrf	fsr2h,c
  7799   000EB2  2ADE               	incf	postinc2,f,c
  7800   000EB4  0E00               	movlw	0
  7801   000EB6  22DD               	addwfc	postdec2,f,c
  7802   000EB8  EF6F  F007         	goto	l1558
  7803   000EBC                     l3032:
  7804                           
  7805                           ;C:\Program Files\Microchip\xc8\v3.00\pic\sources\c99\common\doprnt.c: 1811:     fputc((
      +                          int)(*fmt)[0], fp);
  7806   000EBC  500F               	movf	vfpfcnvrt@fmt^0,w,c
  7807   000EBE  6ED9               	movwf	fsr2l,c
  7808   000EC0  6ADA               	clrf	fsr2h,c
  7809   000EC2  CFDE FFF6          	movff	postinc2,tblptrl
  7810   000EC6  CFDD FFF7          	movff	postdec2,tblptrh
  7811   000ECA                     	if	0	;tblptru may be non-zero
  7812   000ECA                     	endif
  7813   000ECA                     	if	0	;tblptru may be non-zero
  7814   000ECA                     	endif
  7815   000ECA  0008               	tblrd		*
  7816   000ECC  50F5               	movf	tablat,w,c
  7817   000ECE  6E04               	movwf	fputc@c^0,c
  7818   000ED0  6A05               	clrf	(fputc@c+1)^0,c
  7819   000ED2  C00E  F006         	movff	vfpfcnvrt@fp,fputc@fp
  7820   000ED6  EC13  F00F         	call	_fputc	;wreg free
  7821   000EDA  EF56  F007         	goto	l3028
  7822   000EDE                     l1558:
  7823   000EDE  0012               	return		;funcret
  7824   000EE0                     __end_of_vfpfcnvrt:
  7825                           	callstack 0
  7826                           
  7827 ;; *************** function _fputc *****************
  7828 ;; Defined at:
  7829 ;;		line 8 in file "C:\Program Files\Microchip\xc8\v3.00\pic\sources\c99\common\nf_fputc.c"
  7830 ;; Parameters:    Size  Location     Type
  7831 ;;  c               2    3[COMRAM] int 
  7832 ;;  fp              1    5[COMRAM] PTR struct _IO_FILE
  7833 ;;		 -> sprintf@f(11), 
  7834 ;; Auto vars:     Size  Location     Type
  7835 ;;		None
  7836 ;; Return value:  Size  Location     Type
  7837 ;;                  2    3[COMRAM] int 
  7838 ;; Registers used:
  7839 ;;		wreg, fsr1l, fsr1h, fsr2l, fsr2h, status,2, status,0, cstack
  7840 ;; Tracked objects:
  7841 ;;		On entry : 0/0
  7842 ;;		On exit  : 0/0
  7843 ;;		Unchanged: 0/0
  7844 ;; Data sizes:     COMRAM   BANK0   BANK1   BANK2   BANK3   BANK4   BANK5   BANK6   BANK7
  7845 ;;      Params:         3       0       0       0       0       0       0       0       0
  7846 ;;      Locals:         0       0       0       0       0       0       0       0       0
  7847 ;;      Temps:          5       0       0       0       0       0       0       0       0
  7848 ;;      Totals:         8       0       0       0       0       0       0       0       0
  7849 ;;Total ram usage:        8 bytes
  7850 ;; Hardware stack levels used: 1
  7851 ;; Hardware stack levels required when called: 3
  7852 ;; This function calls:
  7853 ;;		_putch
  7854 ;; This function is called by:
  7855 ;;		_vfpfcnvrt
  7856 ;; This function uses a non-reentrant model
  7857 ;;
  7858                           
  7859                           	psect	text36
  7860   001E26                     __ptext36:
  7861                           	callstack 0
  7862   001E26                     _fputc:
  7863                           	callstack 22
  7864   001E26  5006               	movf	fputc@fp^0,w,c
  7865   001E28  B4D8               	btfsc	status,2,c
  7866   001E2A  EF19  F00F         	goto	u2001
  7867   001E2E  EF1B  F00F         	goto	u2000
  7868   001E32                     u2001:
  7869   001E32  EF23  F00F         	goto	l2948
  7870   001E36                     u2000:
  7871   001E36  5006               	movf	fputc@fp^0,w,c
  7872   001E38  A4D8               	btfss	status,2,c
  7873   001E3A  EF21  F00F         	goto	u2011
  7874   001E3E  EF23  F00F         	goto	u2010
  7875   001E42                     u2011:
  7876   001E42  EF28  F00F         	goto	l2950
  7877   001E46                     u2010:
  7878   001E46                     l2948:
  7879   001E46  5004               	movf	fputc@c^0,w,c
  7880   001E48  ECBD  F013         	call	_putch
  7881   001E4C  EF67  F00F         	goto	l1583
  7882   001E50                     l2950:
  7883   001E50  5006               	movf	fputc@fp^0,w,c
  7884   001E52  6ED9               	movwf	fsr2l,c
  7885   001E54  6ADA               	clrf	fsr2h,c
  7886   001E56  0E09               	movlw	9
  7887   001E58  26D9               	addwf	fsr2l,f,c
  7888   001E5A  50DE               	movf	postinc2,w,c
  7889   001E5C  10DE               	iorwf	postinc2,w,c
  7890   001E5E  B4D8               	btfsc	status,2,c
  7891   001E60  EF34  F00F         	goto	u2021
  7892   001E64  EF36  F00F         	goto	u2020
  7893   001E68                     u2021:
  7894   001E68  EF4F  F00F         	goto	l2954
  7895   001E6C                     u2020:
  7896   001E6C  5006               	movf	fputc@fp^0,w,c
  7897   001E6E  6ED9               	movwf	fsr2l,c
  7898   001E70  6ADA               	clrf	fsr2h,c
  7899   001E72  0E09               	movlw	9
  7900   001E74  26D9               	addwf	fsr2l,f,c
  7901   001E76  5006               	movf	fputc@fp^0,w,c
  7902   001E78  6EE1               	movwf	fsr1l,c
  7903   001E7A  6AE2               	clrf	fsr1h,c
  7904   001E7C  0E02               	movlw	2
  7905   001E7E  26E1               	addwf	fsr1l,f,c
  7906   001E80  50DE               	movf	postinc2,w,c
  7907   001E82  5CE6               	subwf	postinc1,w,c
  7908   001E84  50E6               	movf	postinc1,w,c
  7909   001E86  0A80               	xorlw	128
  7910   001E88  6E0B               	movwf	(??_fputc+4)^0,c
  7911   001E8A  50DE               	movf	postinc2,w,c
  7912   001E8C  0A80               	xorlw	128
  7913   001E8E  580B               	subwfb	(??_fputc+4)^0,w,c
  7914   001E90  B0D8               	btfsc	status,0,c
  7915   001E92  EF4D  F00F         	goto	u2031
  7916   001E96  EF4F  F00F         	goto	u2030
  7917   001E9A                     u2031:
  7918   001E9A  EF67  F00F         	goto	l1583
  7919   001E9E                     u2030:
  7920   001E9E                     l2954:
  7921   001E9E  5006               	movf	fputc@fp^0,w,c
  7922   001EA0  6ED9               	movwf	fsr2l,c
  7923   001EA2  6ADA               	clrf	fsr2h,c
  7924   001EA4  0E02               	movlw	2
  7925   001EA6  26D9               	addwf	fsr2l,f,c
  7926   001EA8  50DF               	movf	indf2,w,c
  7927   001EAA  6E07               	movwf	??_fputc^0,c
  7928   001EAC  5006               	movf	fputc@fp^0,w,c
  7929   001EAE  6ED9               	movwf	fsr2l,c
  7930   001EB0  6ADA               	clrf	fsr2h,c
  7931   001EB2  50DF               	movf	indf2,w,c
  7932   001EB4  2407               	addwf	??_fputc^0,w,c
  7933   001EB6  6ED9               	movwf	fsr2l,c
  7934   001EB8  6ADA               	clrf	fsr2h,c
  7935   001EBA  C004  FFDF         	movff	fputc@c,indf2
  7936   001EBE  5006               	movf	fputc@fp^0,w,c
  7937   001EC0  6ED9               	movwf	fsr2l,c
  7938   001EC2  6ADA               	clrf	fsr2h,c
  7939   001EC4  0E02               	movlw	2
  7940   001EC6  26D9               	addwf	fsr2l,f,c
  7941   001EC8  2ADE               	incf	postinc2,f,c
  7942   001ECA  0E00               	movlw	0
  7943   001ECC  22DD               	addwfc	postdec2,f,c
  7944   001ECE                     l1583:
  7945   001ECE  0012               	return		;funcret
  7946   001ED0                     __end_of_fputc:
  7947                           	callstack 0
  7948                           
  7949 ;; *************** function _putch *****************
  7950 ;; Defined at:
  7951 ;;		line 7 in file "C:\Program Files\Microchip\xc8\v3.00\pic\sources\c99\common\putch.c"
  7952 ;; Parameters:    Size  Location     Type
  7953 ;;  c               1    wreg     unsigned char 
  7954 ;; Auto vars:     Size  Location     Type
  7955 ;;  c               1    0[COMRAM] unsigned char 
  7956 ;; Return value:  Size  Location     Type
  7957 ;;                  1    wreg      void 
  7958 ;; Registers used:
  7959 ;;		wreg
  7960 ;; Tracked objects:
  7961 ;;		On entry : 0/0
  7962 ;;		On exit  : 0/0
  7963 ;;		Unchanged: 0/0
  7964 ;; Data sizes:     COMRAM   BANK0   BANK1   BANK2   BANK3   BANK4   BANK5   BANK6   BANK7
  7965 ;;      Params:         0       0       0       0       0       0       0       0       0
  7966 ;;      Locals:         0       0       0       0       0       0       0       0       0
  7967 ;;      Temps:          0       0       0       0       0       0       0       0       0
  7968 ;;      Totals:         0       0       0       0       0       0       0       0       0
  7969 ;;Total ram usage:        0 bytes
  7970 ;; Hardware stack levels used: 1
  7971 ;; Hardware stack levels required when called: 2
  7972 ;; This function calls:
  7973 ;;		Nothing
  7974 ;; This function is called by:
  7975 ;;		_fputc
  7976 ;; This function uses a non-reentrant model
  7977 ;;
  7978                           
  7979                           	psect	text37
  7980   00277A                     __ptext37:
  7981                           	callstack 0
  7982   00277A                     _putch:
  7983                           	callstack 22
  7984   00277A  0012               	return		;funcret
  7985   00277C                     __end_of_putch:
  7986                           	callstack 0
  7987                           
  7988 ;; *************** function _abs *****************
  7989 ;; Defined at:
  7990 ;;		line 1 in file "C:\Program Files\Microchip\xc8\v3.00\pic\sources\c99\common\abs.c"
  7991 ;; Parameters:    Size  Location     Type
  7992 ;;  a               2    9[COMRAM] int 
  7993 ;; Auto vars:     Size  Location     Type
  7994 ;;		None
  7995 ;; Return value:  Size  Location     Type
  7996 ;;                  2    9[COMRAM] int 
  7997 ;; Registers used:
  7998 ;;		wreg, status,2, status,0
  7999 ;; Tracked objects:
  8000 ;;		On entry : 0/0
  8001 ;;		On exit  : 0/0
  8002 ;;		Unchanged: 0/0
  8003 ;; Data sizes:     COMRAM   BANK0   BANK1   BANK2   BANK3   BANK4   BANK5   BANK6   BANK7
  8004 ;;      Params:         2       0       0       0       0       0       0       0       0
  8005 ;;      Locals:         0       0       0       0       0       0       0       0       0
  8006 ;;      Temps:          2       0       0       0       0       0       0       0       0
  8007 ;;      Totals:         4       0       0       0       0       0       0       0       0
  8008 ;;Total ram usage:        4 bytes
  8009 ;; Hardware stack levels used: 1
  8010 ;; Hardware stack levels required when called: 2
  8011 ;; This function calls:
  8012 ;;		Nothing
  8013 ;; This function is called by:
  8014 ;;		_vfpfcnvrt
  8015 ;; This function uses a non-reentrant model
  8016 ;;
  8017                           
  8018                           	psect	text38
  8019   00247E                     __ptext38:
  8020                           	callstack 0
  8021   00247E                     _abs:
  8022                           	callstack 23
  8023   00247E  BE0B               	btfsc	(abs@a+1)^0,7,c
  8024   002480  EF44  F012         	goto	u2041
  8025   002484  EF46  F012         	goto	u2040
  8026   002488                     u2041:
  8027   002488  EF4C  F012         	goto	l1568
  8028   00248C                     u2040:
  8029   00248C  C00A  F00A         	movff	abs@a,?_abs
  8030   002490  C00B  F00B         	movff	abs@a+1,?_abs+1
  8031   002494  EF58  F012         	goto	l1571
  8032   002498                     l1568:
  8033   002498  C00A  F00C         	movff	abs@a,??_abs
  8034   00249C  C00B  F00D         	movff	abs@a+1,??_abs+1
  8035   0024A0  1E0C               	comf	??_abs^0,f,c
  8036   0024A2  1E0D               	comf	(??_abs+1)^0,f,c
  8037   0024A4  4A0C               	infsnz	??_abs^0,f,c
  8038   0024A6  2A0D               	incf	(??_abs+1)^0,f,c
  8039   0024A8  C00C  F00A         	movff	??_abs,?_abs
  8040   0024AC  C00D  F00B         	movff	??_abs+1,?_abs+1
  8041   0024B0                     l1571:
  8042   0024B0  0012               	return		;funcret
  8043   0024B2                     __end_of_abs:
  8044                           	callstack 0
  8045                           
  8046 ;; *************** function ___awmod *****************
  8047 ;; Defined at:
  8048 ;;		line 7 in file "C:\Program Files\Microchip\xc8\v3.00\pic\sources\c99\common\awmod.c"
  8049 ;; Parameters:    Size  Location     Type
  8050 ;;  dividend        2    3[COMRAM] int 
  8051 ;;  divisor         2    5[COMRAM] int 
  8052 ;; Auto vars:     Size  Location     Type
  8053 ;;  sign            1    8[COMRAM] unsigned char 
  8054 ;;  counter         1    7[COMRAM] unsigned char 
  8055 ;; Return value:  Size  Location     Type
  8056 ;;                  2    3[COMRAM] int 
  8057 ;; Registers used:
  8058 ;;		wreg, status,2, status,0
  8059 ;; Tracked objects:
  8060 ;;		On entry : 0/0
  8061 ;;		On exit  : 0/0
  8062 ;;		Unchanged: 0/0
  8063 ;; Data sizes:     COMRAM   BANK0   BANK1   BANK2   BANK3   BANK4   BANK5   BANK6   BANK7
  8064 ;;      Params:         4       0       0       0       0       0       0       0       0
  8065 ;;      Locals:         2       0       0       0       0       0       0       0       0
  8066 ;;      Temps:          0       0       0       0       0       0       0       0       0
  8067 ;;      Totals:         6       0       0       0       0       0       0       0       0
  8068 ;;Total ram usage:        6 bytes
  8069 ;; Hardware stack levels used: 1
  8070 ;; Hardware stack levels required when called: 2
  8071 ;; This function calls:
  8072 ;;		Nothing
  8073 ;; This function is called by:
  8074 ;;		_vfpfcnvrt
  8075 ;; This function uses a non-reentrant model
  8076 ;;
  8077                           
  8078                           	psect	text39
  8079   001B76                     __ptext39:
  8080                           	callstack 0
  8081   001B76                     ___awmod:
  8082                           	callstack 23
  8083   001B76  6A09               	clrf	___awmod@sign^0,c
  8084   001B78  BE05               	btfsc	(___awmod@dividend+1)^0,7,c
  8085   001B7A  EFC3  F00D         	goto	u1940
  8086   001B7E  EFC1  F00D         	goto	u1941
  8087   001B82                     u1941:
  8088   001B82  EFC9  F00D         	goto	l2916
  8089   001B86                     u1940:
  8090   001B86  6C04               	negf	___awmod@dividend^0,c
  8091   001B88  1E05               	comf	(___awmod@dividend+1)^0,f,c
  8092   001B8A  B0D8               	btfsc	status,0,c
  8093   001B8C  2A05               	incf	(___awmod@dividend+1)^0,f,c
  8094   001B8E  0E01               	movlw	1
  8095   001B90  6E09               	movwf	___awmod@sign^0,c
  8096   001B92                     l2916:
  8097   001B92  BE07               	btfsc	(___awmod@divisor+1)^0,7,c
  8098   001B94  EFD0  F00D         	goto	u1950
  8099   001B98  EFCE  F00D         	goto	u1951
  8100   001B9C                     u1951:
  8101   001B9C  EFD4  F00D         	goto	l2920
  8102   001BA0                     u1950:
  8103   001BA0  6C06               	negf	___awmod@divisor^0,c
  8104   001BA2  1E07               	comf	(___awmod@divisor+1)^0,f,c
  8105   001BA4  B0D8               	btfsc	status,0,c
  8106   001BA6  2A07               	incf	(___awmod@divisor+1)^0,f,c
  8107   001BA8                     l2920:
  8108   001BA8  5006               	movf	___awmod@divisor^0,w,c
  8109   001BAA  1007               	iorwf	(___awmod@divisor+1)^0,w,c
  8110   001BAC  B4D8               	btfsc	status,2,c
  8111   001BAE  EFDB  F00D         	goto	u1961
  8112   001BB2  EFDD  F00D         	goto	u1960
  8113   001BB6                     u1961:
  8114   001BB6  EF01  F00E         	goto	l2936
  8115   001BBA                     u1960:
  8116   001BBA  0E01               	movlw	1
  8117   001BBC  6E08               	movwf	___awmod@counter^0,c
  8118   001BBE  EFE5  F00D         	goto	l2926
  8119   001BC2                     l2924:
  8120   001BC2  90D8               	bcf	status,0,c
  8121   001BC4  3606               	rlcf	___awmod@divisor^0,f,c
  8122   001BC6  3607               	rlcf	(___awmod@divisor+1)^0,f,c
  8123   001BC8  2A08               	incf	___awmod@counter^0,f,c
  8124   001BCA                     l2926:
  8125   001BCA  AE07               	btfss	(___awmod@divisor+1)^0,7,c
  8126   001BCC  EFEA  F00D         	goto	u1971
  8127   001BD0  EFEC  F00D         	goto	u1970
  8128   001BD4                     u1971:
  8129   001BD4  EFE1  F00D         	goto	l2924
  8130   001BD8                     u1970:
  8131   001BD8                     l2928:
  8132   001BD8  5006               	movf	___awmod@divisor^0,w,c
  8133   001BDA  5C04               	subwf	___awmod@dividend^0,w,c
  8134   001BDC  5007               	movf	(___awmod@divisor+1)^0,w,c
  8135   001BDE  5805               	subwfb	(___awmod@dividend+1)^0,w,c
  8136   001BE0  A0D8               	btfss	status,0,c
  8137   001BE2  EFF5  F00D         	goto	u1981
  8138   001BE6  EFF7  F00D         	goto	u1980
  8139   001BEA                     u1981:
  8140   001BEA  EFFB  F00D         	goto	l2932
  8141   001BEE                     u1980:
  8142   001BEE  5006               	movf	___awmod@divisor^0,w,c
  8143   001BF0  5E04               	subwf	___awmod@dividend^0,f,c
  8144   001BF2  5007               	movf	(___awmod@divisor+1)^0,w,c
  8145   001BF4  5A05               	subwfb	(___awmod@dividend+1)^0,f,c
  8146   001BF6                     l2932:
  8147   001BF6  90D8               	bcf	status,0,c
  8148   001BF8  3207               	rrcf	(___awmod@divisor+1)^0,f,c
  8149   001BFA  3206               	rrcf	___awmod@divisor^0,f,c
  8150   001BFC  2E08               	decfsz	___awmod@counter^0,f,c
  8151   001BFE  EFEC  F00D         	goto	l2928
  8152   001C02                     l2936:
  8153   001C02  5009               	movf	___awmod@sign^0,w,c
  8154   001C04  B4D8               	btfsc	status,2,c
  8155   001C06  EF07  F00E         	goto	u1991
  8156   001C0A  EF09  F00E         	goto	u1990
  8157   001C0E                     u1991:
  8158   001C0E  EF0D  F00E         	goto	l2940
  8159   001C12                     u1990:
  8160   001C12  6C04               	negf	___awmod@dividend^0,c
  8161   001C14  1E05               	comf	(___awmod@dividend+1)^0,f,c
  8162   001C16  B0D8               	btfsc	status,0,c
  8163   001C18  2A05               	incf	(___awmod@dividend+1)^0,f,c
  8164   001C1A                     l2940:
  8165   001C1A  C004  F004         	movff	___awmod@dividend,?___awmod
  8166   001C1E  C005  F005         	movff	___awmod@dividend+1,?___awmod+1
  8167   001C22  0012               	return		;funcret
  8168   001C24                     __end_of___awmod:
  8169                           	callstack 0
  8170                           
  8171 ;; *************** function ___awdiv *****************
  8172 ;; Defined at:
  8173 ;;		line 7 in file "C:\Program Files\Microchip\xc8\v3.00\pic\sources\c99\common\awdiv.c"
  8174 ;; Parameters:    Size  Location     Type
  8175 ;;  dividend        2    3[COMRAM] int 
  8176 ;;  divisor         2    5[COMRAM] int 
  8177 ;; Auto vars:     Size  Location     Type
  8178 ;;  quotient        2    9[COMRAM] int 
  8179 ;;  sign            1    8[COMRAM] unsigned char 
  8180 ;;  counter         1    7[COMRAM] unsigned char 
  8181 ;; Return value:  Size  Location     Type
  8182 ;;                  2    3[COMRAM] int 
  8183 ;; Registers used:
  8184 ;;		wreg, status,2, status,0
  8185 ;; Tracked objects:
  8186 ;;		On entry : 0/0
  8187 ;;		On exit  : 0/0
  8188 ;;		Unchanged: 0/0
  8189 ;; Data sizes:     COMRAM   BANK0   BANK1   BANK2   BANK3   BANK4   BANK5   BANK6   BANK7
  8190 ;;      Params:         4       0       0       0       0       0       0       0       0
  8191 ;;      Locals:         4       0       0       0       0       0       0       0       0
  8192 ;;      Temps:          0       0       0       0       0       0       0       0       0
  8193 ;;      Totals:         8       0       0       0       0       0       0       0       0
  8194 ;;Total ram usage:        8 bytes
  8195 ;; Hardware stack levels used: 1
  8196 ;; Hardware stack levels required when called: 2
  8197 ;; This function calls:
  8198 ;;		Nothing
  8199 ;; This function is called by:
  8200 ;;		_vfpfcnvrt
  8201 ;; This function uses a non-reentrant model
  8202 ;;
  8203                           
  8204                           	psect	text40
  8205   0019FC                     __ptext40:
  8206                           	callstack 0
  8207   0019FC                     ___awdiv:
  8208                           	callstack 23
  8209   0019FC  6A09               	clrf	___awdiv@sign^0,c
  8210   0019FE  BE07               	btfsc	(___awdiv@divisor+1)^0,7,c
  8211   001A00  EF06  F00D         	goto	u1880
  8212   001A04  EF04  F00D         	goto	u1881
  8213   001A08                     u1881:
  8214   001A08  EF0C  F00D         	goto	l2872
  8215   001A0C                     u1880:
  8216   001A0C  6C06               	negf	___awdiv@divisor^0,c
  8217   001A0E  1E07               	comf	(___awdiv@divisor+1)^0,f,c
  8218   001A10  B0D8               	btfsc	status,0,c
  8219   001A12  2A07               	incf	(___awdiv@divisor+1)^0,f,c
  8220   001A14  0E01               	movlw	1
  8221   001A16  6E09               	movwf	___awdiv@sign^0,c
  8222   001A18                     l2872:
  8223   001A18  BE05               	btfsc	(___awdiv@dividend+1)^0,7,c
  8224   001A1A  EF13  F00D         	goto	u1890
  8225   001A1E  EF11  F00D         	goto	u1891
  8226   001A22                     u1891:
  8227   001A22  EF19  F00D         	goto	l2878
  8228   001A26                     u1890:
  8229   001A26  6C04               	negf	___awdiv@dividend^0,c
  8230   001A28  1E05               	comf	(___awdiv@dividend+1)^0,f,c
  8231   001A2A  B0D8               	btfsc	status,0,c
  8232   001A2C  2A05               	incf	(___awdiv@dividend+1)^0,f,c
  8233   001A2E  0E01               	movlw	1
  8234   001A30  1A09               	xorwf	___awdiv@sign^0,f,c
  8235   001A32                     l2878:
  8236   001A32  0E00               	movlw	0
  8237   001A34  6E0B               	movwf	(___awdiv@quotient+1)^0,c
  8238   001A36  0E00               	movlw	0
  8239   001A38  6E0A               	movwf	___awdiv@quotient^0,c
  8240   001A3A  5006               	movf	___awdiv@divisor^0,w,c
  8241   001A3C  1007               	iorwf	(___awdiv@divisor+1)^0,w,c
  8242   001A3E  B4D8               	btfsc	status,2,c
  8243   001A40  EF24  F00D         	goto	u1901
  8244   001A44  EF26  F00D         	goto	u1900
  8245   001A48                     u1901:
  8246   001A48  EF4E  F00D         	goto	l2900
  8247   001A4C                     u1900:
  8248   001A4C  0E01               	movlw	1
  8249   001A4E  6E08               	movwf	___awdiv@counter^0,c
  8250   001A50  EF2E  F00D         	goto	l2886
  8251   001A54                     l2884:
  8252   001A54  90D8               	bcf	status,0,c
  8253   001A56  3606               	rlcf	___awdiv@divisor^0,f,c
  8254   001A58  3607               	rlcf	(___awdiv@divisor+1)^0,f,c
  8255   001A5A  2A08               	incf	___awdiv@counter^0,f,c
  8256   001A5C                     l2886:
  8257   001A5C  AE07               	btfss	(___awdiv@divisor+1)^0,7,c
  8258   001A5E  EF33  F00D         	goto	u1911
  8259   001A62  EF35  F00D         	goto	u1910
  8260   001A66                     u1911:
  8261   001A66  EF2A  F00D         	goto	l2884
  8262   001A6A                     u1910:
  8263   001A6A                     l2888:
  8264   001A6A  90D8               	bcf	status,0,c
  8265   001A6C  360A               	rlcf	___awdiv@quotient^0,f,c
  8266   001A6E  360B               	rlcf	(___awdiv@quotient+1)^0,f,c
  8267   001A70  5006               	movf	___awdiv@divisor^0,w,c
  8268   001A72  5C04               	subwf	___awdiv@dividend^0,w,c
  8269   001A74  5007               	movf	(___awdiv@divisor+1)^0,w,c
  8270   001A76  5805               	subwfb	(___awdiv@dividend+1)^0,w,c
  8271   001A78  A0D8               	btfss	status,0,c
  8272   001A7A  EF41  F00D         	goto	u1921
  8273   001A7E  EF43  F00D         	goto	u1920
  8274   001A82                     u1921:
  8275   001A82  EF48  F00D         	goto	l2896
  8276   001A86                     u1920:
  8277   001A86  5006               	movf	___awdiv@divisor^0,w,c
  8278   001A88  5E04               	subwf	___awdiv@dividend^0,f,c
  8279   001A8A  5007               	movf	(___awdiv@divisor+1)^0,w,c
  8280   001A8C  5A05               	subwfb	(___awdiv@dividend+1)^0,f,c
  8281   001A8E  800A               	bsf	___awdiv@quotient^0,0,c
  8282   001A90                     l2896:
  8283   001A90  90D8               	bcf	status,0,c
  8284   001A92  3207               	rrcf	(___awdiv@divisor+1)^0,f,c
  8285   001A94  3206               	rrcf	___awdiv@divisor^0,f,c
  8286   001A96  2E08               	decfsz	___awdiv@counter^0,f,c
  8287   001A98  EF35  F00D         	goto	l2888
  8288   001A9C                     l2900:
  8289   001A9C  5009               	movf	___awdiv@sign^0,w,c
  8290   001A9E  B4D8               	btfsc	status,2,c
  8291   001AA0  EF54  F00D         	goto	u1931
  8292   001AA4  EF56  F00D         	goto	u1930
  8293   001AA8                     u1931:
  8294   001AA8  EF5A  F00D         	goto	l2904
  8295   001AAC                     u1930:
  8296   001AAC  6C0A               	negf	___awdiv@quotient^0,c
  8297   001AAE  1E0B               	comf	(___awdiv@quotient+1)^0,f,c
  8298   001AB0  B0D8               	btfsc	status,0,c
  8299   001AB2  2A0B               	incf	(___awdiv@quotient+1)^0,f,c
  8300   001AB4                     l2904:
  8301   001AB4  C00A  F004         	movff	___awdiv@quotient,?___awdiv
  8302   001AB8  C00B  F005         	movff	___awdiv@quotient+1,?___awdiv+1
  8303   001ABC  0012               	return		;funcret
  8304   001ABE                     __end_of___awdiv:
  8305                           	callstack 0
  8306                           
  8307 ;; *************** function _Evaporador_On *****************
  8308 ;; Defined at:
  8309 ;;		line 124 in file "Control.c"
  8310 ;; Parameters:    Size  Location     Type
  8311 ;;		None
  8312 ;; Auto vars:     Size  Location     Type
  8313 ;;		None
  8314 ;; Return value:  Size  Location     Type
  8315 ;;                  1    wreg      void 
  8316 ;; Registers used:
  8317 ;;		wreg, fsr0l, fsr0h, status,2, status,0, tblptrl, tblptrh, tblptru, cstack
  8318 ;; Tracked objects:
  8319 ;;		On entry : 0/0
  8320 ;;		On exit  : 0/0
  8321 ;;		Unchanged: 0/0
  8322 ;; Data sizes:     COMRAM   BANK0   BANK1   BANK2   BANK3   BANK4   BANK5   BANK6   BANK7
  8323 ;;      Params:         0       0       0       0       0       0       0       0       0
  8324 ;;      Locals:         0       0       0       0       0       0       0       0       0
  8325 ;;      Temps:          0       0       0       0       0       0       0       0       0
  8326 ;;      Totals:         0       0       0       0       0       0       0       0       0
  8327 ;;Total ram usage:        0 bytes
  8328 ;; Hardware stack levels used: 1
  8329 ;; Hardware stack levels required when called: 5
  8330 ;; This function calls:
  8331 ;;		_Respuestas_RS485
  8332 ;;		_Set_Rele
  8333 ;; This function is called by:
  8334 ;;		_Get_Comando
  8335 ;; This function uses a non-reentrant model
  8336 ;;
  8337                           
  8338                           	psect	text41
  8339   0026DE                     __ptext41:
  8340                           	callstack 0
  8341   0026DE                     _Evaporador_On:
  8342                           	callstack 24
  8343   0026DE                     
  8344                           ;Control.c: 125:     Set_Rele(0,0);
  8345   0026DE  0E00               	movlw	0
  8346   0026E0  6E04               	movwf	Set_Rele@Valor^0,c
  8347   0026E2  0E00               	movlw	0
  8348   0026E4  EC89  F00C         	call	_Set_Rele
  8349   0026E8                     
  8350                           ;Control.c: 126:     Respuestas_RS485("EVAPORADOR_ON_OK");
  8351   0026E8  0E08               	movlw	low STR_31
  8352   0026EA  6E07               	movwf	Respuestas_RS485@Mensaje^0,c
  8353   0026EC  0E7F               	movlw	high STR_31
  8354   0026EE  6E08               	movwf	(Respuestas_RS485@Mensaje+1)^0,c
  8355   0026F0  ECDD  F011         	call	_Respuestas_RS485	;wreg free
  8356   0026F4  0012               	return		;funcret
  8357   0026F6                     __end_of_Evaporador_On:
  8358                           	callstack 0
  8359                           
  8360 ;; *************** function _Evaporador_Off *****************
  8361 ;; Defined at:
  8362 ;;		line 129 in file "Control.c"
  8363 ;; Parameters:    Size  Location     Type
  8364 ;;		None
  8365 ;; Auto vars:     Size  Location     Type
  8366 ;;		None
  8367 ;; Return value:  Size  Location     Type
  8368 ;;                  1    wreg      void 
  8369 ;; Registers used:
  8370 ;;		wreg, fsr0l, fsr0h, status,2, status,0, tblptrl, tblptrh, tblptru, cstack
  8371 ;; Tracked objects:
  8372 ;;		On entry : 0/0
  8373 ;;		On exit  : 0/0
  8374 ;;		Unchanged: 0/0
  8375 ;; Data sizes:     COMRAM   BANK0   BANK1   BANK2   BANK3   BANK4   BANK5   BANK6   BANK7
  8376 ;;      Params:         0       0       0       0       0       0       0       0       0
  8377 ;;      Locals:         0       0       0       0       0       0       0       0       0
  8378 ;;      Temps:          0       0       0       0       0       0       0       0       0
  8379 ;;      Totals:         0       0       0       0       0       0       0       0       0
  8380 ;;Total ram usage:        0 bytes
  8381 ;; Hardware stack levels used: 1
  8382 ;; Hardware stack levels required when called: 5
  8383 ;; This function calls:
  8384 ;;		_Respuestas_RS485
  8385 ;;		_Set_Rele
  8386 ;; This function is called by:
  8387 ;;		_Get_Comando
  8388 ;; This function uses a non-reentrant model
  8389 ;;
  8390                           
  8391                           	psect	text42
  8392   0026F6                     __ptext42:
  8393                           	callstack 0
  8394   0026F6                     _Evaporador_Off:
  8395                           	callstack 24
  8396   0026F6                     
  8397                           ;Control.c: 130:     Set_Rele(0,1);
  8398   0026F6  0E01               	movlw	1
  8399   0026F8  6E04               	movwf	Set_Rele@Valor^0,c
  8400   0026FA  0E00               	movlw	0
  8401   0026FC  EC89  F00C         	call	_Set_Rele
  8402   002700                     
  8403                           ;Control.c: 131:     Respuestas_RS485("EVAPORADOR_OFF_OK");
  8404   002700  0EE5               	movlw	low STR_32
  8405   002702  6E07               	movwf	Respuestas_RS485@Mensaje^0,c
  8406   002704  0E7E               	movlw	high STR_32
  8407   002706  6E08               	movwf	(Respuestas_RS485@Mensaje+1)^0,c
  8408   002708  ECDD  F011         	call	_Respuestas_RS485	;wreg free
  8409   00270C  0012               	return		;funcret
  8410   00270E                     __end_of_Evaporador_Off:
  8411                           	callstack 0
  8412                           
  8413 ;; *************** function _Damper_Cerrar *****************
  8414 ;; Defined at:
  8415 ;;		line 119 in file "Control.c"
  8416 ;; Parameters:    Size  Location     Type
  8417 ;;		None
  8418 ;; Auto vars:     Size  Location     Type
  8419 ;;		None
  8420 ;; Return value:  Size  Location     Type
  8421 ;;                  1    wreg      void 
  8422 ;; Registers used:
  8423 ;;		wreg, fsr0l, fsr0h, fsr2l, fsr2h, status,2, status,0, tblptrl, tblptrh, tblptru, prodl, prodh, cstack
  8424 ;; Tracked objects:
  8425 ;;		On entry : 0/0
  8426 ;;		On exit  : 0/0
  8427 ;;		Unchanged: 0/0
  8428 ;; Data sizes:     COMRAM   BANK0   BANK1   BANK2   BANK3   BANK4   BANK5   BANK6   BANK7
  8429 ;;      Params:         0       0       0       0       0       0       0       0       0
  8430 ;;      Locals:         0       0       0       0       0       0       0       0       0
  8431 ;;      Temps:          0       0       0       0       0       0       0       0       0
  8432 ;;      Totals:         0       0       0       0       0       0       0       0       0
  8433 ;;Total ram usage:        0 bytes
  8434 ;; Hardware stack levels used: 1
  8435 ;; Hardware stack levels required when called: 5
  8436 ;; This function calls:
  8437 ;;		_Power_Rele
  8438 ;;		_Respuestas_RS485
  8439 ;;		___flmul
  8440 ;;		___fltol
  8441 ;;		___xxtofl
  8442 ;; This function is called by:
  8443 ;;		_Get_Comando
  8444 ;; This function uses a non-reentrant model
  8445 ;;
  8446                           
  8447                           	psect	text43
  8448   00225C                     __ptext43:
  8449                           	callstack 0
  8450   00225C                     _Damper_Cerrar:
  8451                           	callstack 24
  8452   00225C                     
  8453                           ;Control.c: 120:     Power_Rele(5, (uint16_t)(Tiempo_Damper * 1.5));
  8454   00225C  0E00               	movlw	0
  8455   00225E  6E16               	movwf	___flmul@a^0,c
  8456   002260  0E00               	movlw	0
  8457   002262  6E17               	movwf	(___flmul@a+1)^0,c
  8458   002264  0EC0               	movlw	192
  8459   002266  6E18               	movwf	(___flmul@a+2)^0,c
  8460   002268  0E3F               	movlw	63
  8461   00226A  6E19               	movwf	(___flmul@a+3)^0,c
  8462   00226C  C0AA  F004         	movff	_Tiempo_Damper,___xxtofl@val
  8463   002270  C0AB  F005         	movff	_Tiempo_Damper+1,___xxtofl@val+1
  8464   002274  6A06               	clrf	(___xxtofl@val+2)^0,c
  8465   002276  6A07               	clrf	(___xxtofl@val+3)^0,c
  8466   002278  0E00               	movlw	0
  8467   00227A  EC59  F008         	call	___xxtofl
  8468   00227E  C004  F012         	movff	?___xxtofl,___flmul@b
  8469   002282  C005  F013         	movff	?___xxtofl+1,___flmul@b+1
  8470   002286  C006  F014         	movff	?___xxtofl+2,___flmul@b+2
  8471   00228A  C007  F015         	movff	?___xxtofl+3,___flmul@b+3
  8472   00228E  EC1C  F003         	call	___flmul	;wreg free
  8473   002292  C012  F02B         	movff	?___flmul,___fltol@f1
  8474   002296  C013  F02C         	movff	?___flmul+1,___fltol@f1+1
  8475   00229A  C014  F02D         	movff	?___flmul+2,___fltol@f1+2
  8476   00229E  C015  F02E         	movff	?___flmul+3,___fltol@f1+3
  8477   0022A2  EC06  F00C         	call	___fltol	;wreg free
  8478   0022A6  C02B  F035         	movff	?___fltol,Power_Rele@Tiempo
  8479   0022AA  C02C  F036         	movff	?___fltol+1,Power_Rele@Tiempo+1
  8480   0022AE  0E05               	movlw	5
  8481   0022B0  EC82  F00B         	call	_Power_Rele
  8482   0022B4                     
  8483                           ;Control.c: 121:     Respuestas_RS485("DAMPER_CLOSE_OK");
  8484   0022B4  0E2A               	movlw	low STR_30
  8485   0022B6  6E07               	movwf	Respuestas_RS485@Mensaje^0,c
  8486   0022B8  0E7F               	movlw	high STR_30
  8487   0022BA  6E08               	movwf	(Respuestas_RS485@Mensaje+1)^0,c
  8488   0022BC  ECDD  F011         	call	_Respuestas_RS485	;wreg free
  8489   0022C0  0012               	return		;funcret
  8490   0022C2                     __end_of_Damper_Cerrar:
  8491                           	callstack 0
  8492                           
  8493 ;; *************** function _Damper_Abrir *****************
  8494 ;; Defined at:
  8495 ;;		line 114 in file "Control.c"
  8496 ;; Parameters:    Size  Location     Type
  8497 ;;		None
  8498 ;; Auto vars:     Size  Location     Type
  8499 ;;		None
  8500 ;; Return value:  Size  Location     Type
  8501 ;;                  1    wreg      void 
  8502 ;; Registers used:
  8503 ;;		wreg, fsr0l, fsr0h, fsr2l, fsr2h, status,2, status,0, tblptrl, tblptrh, tblptru, prodl, prodh, cstack
  8504 ;; Tracked objects:
  8505 ;;		On entry : 0/0
  8506 ;;		On exit  : 0/0
  8507 ;;		Unchanged: 0/0
  8508 ;; Data sizes:     COMRAM   BANK0   BANK1   BANK2   BANK3   BANK4   BANK5   BANK6   BANK7
  8509 ;;      Params:         0       0       0       0       0       0       0       0       0
  8510 ;;      Locals:         0       0       0       0       0       0       0       0       0
  8511 ;;      Temps:          0       0       0       0       0       0       0       0       0
  8512 ;;      Totals:         0       0       0       0       0       0       0       0       0
  8513 ;;Total ram usage:        0 bytes
  8514 ;; Hardware stack levels used: 1
  8515 ;; Hardware stack levels required when called: 5
  8516 ;; This function calls:
  8517 ;;		_Power_Rele
  8518 ;;		_Respuestas_RS485
  8519 ;; This function is called by:
  8520 ;;		_Get_Comando
  8521 ;; This function uses a non-reentrant model
  8522 ;;
  8523                           
  8524                           	psect	text44
  8525   00267A                     __ptext44:
  8526                           	callstack 0
  8527   00267A                     _Damper_Abrir:
  8528                           	callstack 24
  8529   00267A                     
  8530                           ;Control.c: 115:     Power_Rele(4, Tiempo_Damper);
  8531   00267A  C0AA  F035         	movff	_Tiempo_Damper,Power_Rele@Tiempo
  8532   00267E  C0AB  F036         	movff	_Tiempo_Damper+1,Power_Rele@Tiempo+1
  8533   002682  0E04               	movlw	4
  8534   002684  EC82  F00B         	call	_Power_Rele
  8535   002688                     
  8536                           ;Control.c: 116:     Respuestas_RS485("DAMPER_OPEN_OK");
  8537   002688  0E3A               	movlw	low STR_29
  8538   00268A  6E07               	movwf	Respuestas_RS485@Mensaje^0,c
  8539   00268C  0E7F               	movlw	high STR_29
  8540   00268E  6E08               	movwf	(Respuestas_RS485@Mensaje+1)^0,c
  8541   002690  ECDD  F011         	call	_Respuestas_RS485	;wreg free
  8542   002694  0012               	return		;funcret
  8543   002696                     __end_of_Damper_Abrir:
  8544                           	callstack 0
  8545                           
  8546 ;; *************** function _Respuestas_RS485 *****************
  8547 ;; Defined at:
  8548 ;;		line 175 in file "Control.c"
  8549 ;; Parameters:    Size  Location     Type
  8550 ;;  Mensaje         2    6[COMRAM] PTR unsigned char 
  8551 ;;		 -> STR_34(18), STR_33(17), STR_32(18), STR_31(17), 
  8552 ;;		 -> STR_30(16), STR_29(15), STR_28(17), STR_27(21), 
  8553 ;; Auto vars:     Size  Location     Type
  8554 ;;		None
  8555 ;; Return value:  Size  Location     Type
  8556 ;;                  1    wreg      void 
  8557 ;; Registers used:
  8558 ;;		wreg, fsr0l, fsr0h, status,2, status,0, tblptrl, tblptrh, tblptru, cstack
  8559 ;; Tracked objects:
  8560 ;;		On entry : 0/0
  8561 ;;		On exit  : 0/0
  8562 ;;		Unchanged: 0/0
  8563 ;; Data sizes:     COMRAM   BANK0   BANK1   BANK2   BANK3   BANK4   BANK5   BANK6   BANK7
  8564 ;;      Params:         2       0       0       0       0       0       0       0       0
  8565 ;;      Locals:         0       0       0       0       0       0       0       0       0
  8566 ;;      Temps:          1       0       0       0       0       0       0       0       0
  8567 ;;      Totals:         3       0       0       0       0       0       0       0       0
  8568 ;;Total ram usage:        3 bytes
  8569 ;; Hardware stack levels used: 1
  8570 ;; Hardware stack levels required when called: 4
  8571 ;; This function calls:
  8572 ;;		_UART_Print
  8573 ;; This function is called by:
  8574 ;;		_Inyecta_Liquido
  8575 ;;		_Inyecta_Gas
  8576 ;;		_Damper_Abrir
  8577 ;;		_Damper_Cerrar
  8578 ;;		_Evaporador_On
  8579 ;;		_Evaporador_Off
  8580 ;;		_Ventilador_On
  8581 ;;		_Ventilador_Off
  8582 ;; This function uses a non-reentrant model
  8583 ;;
  8584                           
  8585                           	psect	text45
  8586   0023BA                     __ptext45:
  8587                           	callstack 0
  8588   0023BA                     _Respuestas_RS485:
  8589                           	callstack 24
  8590   0023BA                     
  8591                           ;Control.c: 176:     LATBbits.LATB6 = 1;
  8592   0023BA  8C8A               	bsf	138,6,c	;volatile
  8593   0023BC                     
  8594                           ;Control.c: 177:     _delay((unsigned long)((5)*(16000000UL/4000.0)));
  8595   0023BC  0E1A               	movlw	26
  8596   0023BE  6E09               	movwf	??_Respuestas_RS485^0,c
  8597   0023C0  0EF8               	movlw	248
  8598   0023C2                     u4437:
  8599   0023C2  2EE8               	decfsz	wreg,f,c
  8600   0023C4  D7FE               	bra	u4437
  8601   0023C6  2E09               	decfsz	??_Respuestas_RS485^0,f,c
  8602   0023C8  D7FC               	bra	u4437
  8603   0023CA  D000               	nop2	
  8604   0023CC                     
  8605                           ;Control.c: 178:     UART_Print("{\"i\":\"AGROLATINA_G01\",\"rs\":\"Respuesta:");
  8606   0023CC  0E5E               	movlw	low STR_35
  8607   0023CE  6E05               	movwf	UART_Print@cad^0,c
  8608   0023D0  0E7E               	movlw	high STR_35
  8609   0023D2  6E06               	movwf	(UART_Print@cad+1)^0,c
  8610   0023D4  EC61  F011         	call	_UART_Print	;wreg free
  8611   0023D8                     
  8612                           ;Control.c: 179:     UART_Print(Mensaje);
  8613   0023D8  C007  F005         	movff	Respuestas_RS485@Mensaje,UART_Print@cad
  8614   0023DC  C008  F006         	movff	Respuestas_RS485@Mensaje+1,UART_Print@cad+1
  8615   0023E0  EC61  F011         	call	_UART_Print	;wreg free
  8616   0023E4                     
  8617                           ;Control.c: 180:     UART_Print("\"}");
  8618   0023E4  0EF7               	movlw	low STR_26
  8619   0023E6  6E05               	movwf	UART_Print@cad^0,c
  8620   0023E8  0E7F               	movlw	high STR_26
  8621   0023EA  6E06               	movwf	(UART_Print@cad+1)^0,c
  8622   0023EC  EC61  F011         	call	_UART_Print	;wreg free
  8623   0023F0                     
  8624                           ;Control.c: 181:     _delay((unsigned long)((5)*(16000000UL/4000.0)));
  8625   0023F0  0E1A               	movlw	26
  8626   0023F2  6E09               	movwf	??_Respuestas_RS485^0,c
  8627   0023F4  0EF8               	movlw	248
  8628   0023F6                     u4447:
  8629   0023F6  2EE8               	decfsz	wreg,f,c
  8630   0023F8  D7FE               	bra	u4447
  8631   0023FA  2E09               	decfsz	??_Respuestas_RS485^0,f,c
  8632   0023FC  D7FC               	bra	u4447
  8633   0023FE  D000               	nop2	
  8634   002400                     
  8635                           ;Control.c: 182:     LATBbits.LATB6 = 0;
  8636   002400  9C8A               	bcf	138,6,c	;volatile
  8637   002402  0012               	return		;funcret
  8638   002404                     __end_of_Respuestas_RS485:
  8639                           	callstack 0
  8640                           
  8641 ;; *************** function _UART_Print *****************
  8642 ;; Defined at:
  8643 ;;		line 31 in file "Uart.c"
  8644 ;; Parameters:    Size  Location     Type
  8645 ;;  cad             2    4[COMRAM] PTR const unsigned char 
  8646 ;;		 -> STR_36(3), STR_35(39), STR_34(18), STR_33(17), 
  8647 ;;		 -> STR_32(18), STR_31(17), STR_30(16), STR_29(15), 
  8648 ;;		 -> STR_28(17), STR_27(21), STR_26(3), STR_24(2), 
  8649 ;;		 -> STR_22(2), STR_20(2), txt(20), STR_18(36), 
  8650 ;; Auto vars:     Size  Location     Type
  8651 ;;		None
  8652 ;; Return value:  Size  Location     Type
  8653 ;;                  1    wreg      void 
  8654 ;; Registers used:
  8655 ;;		wreg, fsr0l, fsr0h, status,2, status,0, tblptrl, tblptrh, tblptru, cstack
  8656 ;; Tracked objects:
  8657 ;;		On entry : 0/0
  8658 ;;		On exit  : 0/0
  8659 ;;		Unchanged: 0/0
  8660 ;; Data sizes:     COMRAM   BANK0   BANK1   BANK2   BANK3   BANK4   BANK5   BANK6   BANK7
  8661 ;;      Params:         2       0       0       0       0       0       0       0       0
  8662 ;;      Locals:         0       0       0       0       0       0       0       0       0
  8663 ;;      Temps:          0       0       0       0       0       0       0       0       0
  8664 ;;      Totals:         2       0       0       0       0       0       0       0       0
  8665 ;;Total ram usage:        2 bytes
  8666 ;; Hardware stack levels used: 1
  8667 ;; Hardware stack levels required when called: 3
  8668 ;; This function calls:
  8669 ;;		_UART_Write
  8670 ;; This function is called by:
  8671 ;;		_Imprime_Estado
  8672 ;;		_Respuestas_RS485
  8673 ;; This function uses a non-reentrant model
  8674 ;;
  8675                           
  8676                           	psect	text46
  8677   0022C2                     __ptext46:
  8678                           	callstack 0
  8679   0022C2                     _UART_Print:
  8680                           	callstack 24
  8681   0022C2                     
  8682                           ;Uart.c: 32:     while (*cad) UART_Write((uint8_t) * cad++);
  8683   0022C2  EF77  F011         	goto	l3062
  8684   0022C6                     l3058:
  8685   0022C6  C005  FFF6         	movff	UART_Print@cad,tblptrl
  8686   0022CA  C006  FFF7         	movff	UART_Print@cad+1,tblptrh
  8687   0022CE  6AF8               	clrf	tblptru,c
  8688   0022D0  0E07               	movlw	(high __ramtop+-1)
  8689   0022D2  64F7               	cpfsgt	tblptrh,c
  8690   0022D4  D003               	bra	u2217
  8691   0022D6  0008               	tblrd		*
  8692   0022D8  50F5               	movf	tablat,w,c
  8693   0022DA  D005               	bra	u2210
  8694   0022DC                     u2217:
  8695   0022DC  CFF6 FFE9          	movff	tblptrl,fsr0l
  8696   0022E0  CFF7 FFEA          	movff	tblptrh,fsr0h
  8697   0022E4  50EF               	movf	indf0,w,c
  8698   0022E6                     u2210:
  8699   0022E6  EC92  F013         	call	_UART_Write
  8700   0022EA  4A05               	infsnz	UART_Print@cad^0,f,c
  8701   0022EC  2A06               	incf	(UART_Print@cad+1)^0,f,c
  8702   0022EE                     l3062:
  8703   0022EE  C005  FFF6         	movff	UART_Print@cad,tblptrl
  8704   0022F2  C006  FFF7         	movff	UART_Print@cad+1,tblptrh
  8705   0022F6  6AF8               	clrf	tblptru,c
  8706   0022F8  0E07               	movlw	(high __ramtop+-1)
  8707   0022FA  64F7               	cpfsgt	tblptrh,c
  8708   0022FC  D003               	bra	u2227
  8709   0022FE  0008               	tblrd		*
  8710   002300  50F5               	movf	tablat,w,c
  8711   002302  D005               	bra	u2220
  8712   002304                     u2227:
  8713   002304  CFF6 FFE9          	movff	tblptrl,fsr0l
  8714   002308  CFF7 FFEA          	movff	tblptrh,fsr0h
  8715   00230C  50EF               	movf	indf0,w,c
  8716   00230E                     u2220:
  8717   00230E  0900               	iorlw	0
  8718   002310  A4D8               	btfss	status,2,c
  8719   002312  EF8D  F011         	goto	u2231
  8720   002316  EF8F  F011         	goto	u2230
  8721   00231A                     u2231:
  8722   00231A  EF63  F011         	goto	l3058
  8723   00231E                     u2230:
  8724   00231E  0012               	return		;funcret
  8725   002320                     __end_of_UART_Print:
  8726                           	callstack 0
  8727                           
  8728 ;; *************** function _UART_Write *****************
  8729 ;; Defined at:
  8730 ;;		line 26 in file "Uart.c"
  8731 ;; Parameters:    Size  Location     Type
  8732 ;;  dato            1    wreg     unsigned char 
  8733 ;; Auto vars:     Size  Location     Type
  8734 ;;  dato            1    3[COMRAM] unsigned char 
  8735 ;; Return value:  Size  Location     Type
  8736 ;;                  1    wreg      void 
  8737 ;; Registers used:
  8738 ;;		wreg
  8739 ;; Tracked objects:
  8740 ;;		On entry : 0/0
  8741 ;;		On exit  : 0/0
  8742 ;;		Unchanged: 0/0
  8743 ;; Data sizes:     COMRAM   BANK0   BANK1   BANK2   BANK3   BANK4   BANK5   BANK6   BANK7
  8744 ;;      Params:         0       0       0       0       0       0       0       0       0
  8745 ;;      Locals:         1       0       0       0       0       0       0       0       0
  8746 ;;      Temps:          0       0       0       0       0       0       0       0       0
  8747 ;;      Totals:         1       0       0       0       0       0       0       0       0
  8748 ;;Total ram usage:        1 bytes
  8749 ;; Hardware stack levels used: 1
  8750 ;; Hardware stack levels required when called: 2
  8751 ;; This function calls:
  8752 ;;		Nothing
  8753 ;; This function is called by:
  8754 ;;		_UART_Print
  8755 ;;		_Pedir_PPM
  8756 ;; This function uses a non-reentrant model
  8757 ;;
  8758                           
  8759                           	psect	text47
  8760   002724                     __ptext47:
  8761                           	callstack 0
  8762   002724                     _UART_Write:
  8763                           	callstack 24
  8764                           
  8765                           ;incstack = 0
  8766                           ;UART_Write@dato stored from wreg
  8767   002724  6E04               	movwf	UART_Write@dato^0,c
  8768   002726                     l400:
  8769   002726  A2AC               	btfss	172,1,c	;volatile
  8770   002728  EF98  F013         	goto	u2051
  8771   00272C  EF9A  F013         	goto	u2050
  8772   002730                     u2051:
  8773   002730  EF93  F013         	goto	l400
  8774   002734                     u2050:
  8775   002734                     
  8776                           ;Uart.c: 28:     TXREG1 = dato;
  8777   002734  C004  FFAD         	movff	UART_Write@dato,4013	;volatile
  8778   002738  0012               	return		;funcret
  8779   00273A                     __end_of_UART_Write:
  8780                           	callstack 0
  8781                           
  8782 ;; *************** function _Armado_Stop *****************
  8783 ;; Defined at:
  8784 ;;		line 70 in file "Control.c"
  8785 ;; Parameters:    Size  Location     Type
  8786 ;;		None
  8787 ;; Auto vars:     Size  Location     Type
  8788 ;;		None
  8789 ;; Return value:  Size  Location     Type
  8790 ;;                  1    wreg      void 
  8791 ;; Registers used:
  8792 ;;		wreg, fsr2l, fsr2h, status,2, status,0, prodl, prodh, cstack
  8793 ;; Tracked objects:
  8794 ;;		On entry : 0/0
  8795 ;;		On exit  : 0/0
  8796 ;;		Unchanged: 0/0
  8797 ;; Data sizes:     COMRAM   BANK0   BANK1   BANK2   BANK3   BANK4   BANK5   BANK6   BANK7
  8798 ;;      Params:         0       0       0       0       0       0       0       0       0
  8799 ;;      Locals:         0       0       0       0       0       0       0       0       0
  8800 ;;      Temps:          0       0       0       0       0       0       0       0       0
  8801 ;;      Totals:         0       0       0       0       0       0       0       0       0
  8802 ;;Total ram usage:        0 bytes
  8803 ;; Hardware stack levels used: 1
  8804 ;; Hardware stack levels required when called: 5
  8805 ;; This function calls:
  8806 ;;		_Armado_Cerrado
  8807 ;;		_Set_Rele
  8808 ;; This function is called by:
  8809 ;;		_Get_Comando
  8810 ;; This function uses a non-reentrant model
  8811 ;;
  8812                           
  8813                           	psect	text48
  8814   00265C                     __ptext48:
  8815                           	callstack 0
  8816   00265C                     _Armado_Stop:
  8817                           	callstack 24
  8818   00265C                     
  8819                           ;Control.c: 71:     Armado_Cerrado();
  8820   00265C  ECFD  F00A         	call	_Armado_Cerrado	;wreg free
  8821   002660                     
  8822                           ;Control.c: 72:     Set_Rele(0,1);
  8823   002660  0E01               	movlw	1
  8824   002662  6E04               	movwf	Set_Rele@Valor^0,c
  8825   002664  0E00               	movlw	0
  8826   002666  EC89  F00C         	call	_Set_Rele
  8827   00266A                     
  8828                           ;Control.c: 73:     Set_Rele(1,1);
  8829   00266A  0E01               	movlw	1
  8830   00266C  6E04               	movwf	Set_Rele@Valor^0,c
  8831   00266E  0E01               	movlw	1
  8832   002670  EC89  F00C         	call	_Set_Rele
  8833   002674                     
  8834                           ;Control.c: 74:     En_Sistem = 0;
  8835   002674  0100               	movlb	0	; () banked
  8836   002676  6BC4               	clrf	_En_Sistem& (0+255),b
  8837   002678                     
  8838                           ; BSR set to: 0
  8839   002678  0012               	return		;funcret
  8840   00267A                     __end_of_Armado_Stop:
  8841                           	callstack 0
  8842                           
  8843 ;; *************** function _Set_Rele *****************
  8844 ;; Defined at:
  8845 ;;		line 36 in file "Timers.c"
  8846 ;; Parameters:    Size  Location     Type
  8847 ;;  Rele            1    wreg     unsigned char 
  8848 ;;  Valor           1    3[COMRAM] unsigned char 
  8849 ;; Auto vars:     Size  Location     Type
  8850 ;;  Rele            1    4[COMRAM] unsigned char 
  8851 ;; Return value:  Size  Location     Type
  8852 ;;                  1    wreg      void 
  8853 ;; Registers used:
  8854 ;;		wreg, status,2, status,0
  8855 ;; Tracked objects:
  8856 ;;		On entry : 0/0
  8857 ;;		On exit  : 0/0
  8858 ;;		Unchanged: 0/0
  8859 ;; Data sizes:     COMRAM   BANK0   BANK1   BANK2   BANK3   BANK4   BANK5   BANK6   BANK7
  8860 ;;      Params:         1       0       0       0       0       0       0       0       0
  8861 ;;      Locals:         1       0       0       0       0       0       0       0       0
  8862 ;;      Temps:          0       0       0       0       0       0       0       0       0
  8863 ;;      Totals:         2       0       0       0       0       0       0       0       0
  8864 ;;Total ram usage:        2 bytes
  8865 ;; Hardware stack levels used: 1
  8866 ;; Hardware stack levels required when called: 2
  8867 ;; This function calls:
  8868 ;;		Nothing
  8869 ;; This function is called by:
  8870 ;;		_Armado_Stop
  8871 ;;		_Proceso_Heater
  8872 ;;		_Evaporador_On
  8873 ;;		_Evaporador_Off
  8874 ;;		_Ventilador_On
  8875 ;;		_Ventilador_Off
  8876 ;; This function uses a non-reentrant model
  8877 ;;
  8878                           
  8879                           	psect	text49
  8880   001912                     __ptext49:
  8881                           	callstack 0
  8882   001912                     _Set_Rele:
  8883                           	callstack 27
  8884                           
  8885                           ; BSR set to: 0
  8886                           ;incstack = 0
  8887                           ;Set_Rele@Rele stored from wreg
  8888   001912  6E05               	movwf	Set_Rele@Rele^0,c
  8889   001914                     
  8890                           ;Timers.c: 37:     switch (Rele) {
  8891   001914  EFD2  F00C         	goto	l3364
  8892   001918                     l212:
  8893   001918  B004               	btfsc	Set_Rele@Valor^0,0,c
  8894   00191A  D002               	bra	u2705
  8895   00191C  9A8A               	bcf	138,5,c	;volatile
  8896   00191E  D001               	bra	u2706
  8897   001920                     u2705:
  8898   001920  8A8A               	bsf	138,5,c	;volatile
  8899   001922                     u2706:
  8900                           
  8901                           ;Timers.c: 39:                 break;
  8902   001922  EFFD  F00C         	goto	l223
  8903   001926                     l214:
  8904   001926  B004               	btfsc	Set_Rele@Valor^0,0,c
  8905   001928  D002               	bra	u2715
  8906   00192A  988A               	bcf	138,4,c	;volatile
  8907   00192C  D001               	bra	u2716
  8908   00192E                     u2715:
  8909   00192E  888A               	bsf	138,4,c	;volatile
  8910   001930                     u2716:
  8911                           
  8912                           ;Timers.c: 41:                 break;
  8913   001930  EFFD  F00C         	goto	l223
  8914   001934                     l215:
  8915   001934  B004               	btfsc	Set_Rele@Valor^0,0,c
  8916   001936  D002               	bra	u2725
  8917   001938  968A               	bcf	138,3,c	;volatile
  8918   00193A  D001               	bra	u2726
  8919   00193C                     u2725:
  8920   00193C  868A               	bsf	138,3,c	;volatile
  8921   00193E                     u2726:
  8922                           
  8923                           ;Timers.c: 43:                 break;
  8924   00193E  EFFD  F00C         	goto	l223
  8925   001942                     l216:
  8926   001942  B004               	btfsc	Set_Rele@Valor^0,0,c
  8927   001944  D002               	bra	u2735
  8928   001946  948A               	bcf	138,2,c	;volatile
  8929   001948  D001               	bra	u2736
  8930   00194A                     u2735:
  8931   00194A  848A               	bsf	138,2,c	;volatile
  8932   00194C                     u2736:
  8933                           
  8934                           ;Timers.c: 45:                 break;
  8935   00194C  EFFD  F00C         	goto	l223
  8936   001950                     l217:
  8937   001950  B004               	btfsc	Set_Rele@Valor^0,0,c
  8938   001952  D002               	bra	u2745
  8939   001954  928A               	bcf	138,1,c	;volatile
  8940   001956  D001               	bra	u2746
  8941   001958                     u2745:
  8942   001958  828A               	bsf	138,1,c	;volatile
  8943   00195A                     u2746:
  8944                           
  8945                           ;Timers.c: 47:                 break;
  8946   00195A  EFFD  F00C         	goto	l223
  8947   00195E                     l218:
  8948   00195E  B004               	btfsc	Set_Rele@Valor^0,0,c
  8949   001960  D002               	bra	u2755
  8950   001962  908A               	bcf	138,0,c	;volatile
  8951   001964  D001               	bra	u2756
  8952   001966                     u2755:
  8953   001966  808A               	bsf	138,0,c	;volatile
  8954   001968                     u2756:
  8955                           
  8956                           ;Timers.c: 49:                 break;
  8957   001968  EFFD  F00C         	goto	l223
  8958   00196C                     l219:
  8959   00196C  B004               	btfsc	Set_Rele@Valor^0,0,c
  8960   00196E  D002               	bra	u2765
  8961   001970  9E8C               	bcf	140,7,c	;volatile
  8962   001972  D001               	bra	u2766
  8963   001974                     u2765:
  8964   001974  8E8C               	bsf	140,7,c	;volatile
  8965   001976                     u2766:
  8966                           
  8967                           ;Timers.c: 51:                 break;
  8968   001976  EFFD  F00C         	goto	l223
  8969   00197A                     l220:
  8970   00197A  B004               	btfsc	Set_Rele@Valor^0,0,c
  8971   00197C  D002               	bra	u2775
  8972   00197E  9C8C               	bcf	140,6,c	;volatile
  8973   001980  D001               	bra	u2776
  8974   001982                     u2775:
  8975   001982  8C8C               	bsf	140,6,c	;volatile
  8976   001984                     u2776:
  8977                           
  8978                           ;Timers.c: 53:                 break;
  8979   001984  EFFD  F00C         	goto	l223
  8980   001988                     l221:
  8981   001988  B004               	btfsc	Set_Rele@Valor^0,0,c
  8982   00198A  D002               	bra	u2785
  8983   00198C  9A8C               	bcf	140,5,c	;volatile
  8984   00198E  D001               	bra	u2786
  8985   001990                     u2785:
  8986   001990  8A8C               	bsf	140,5,c	;volatile
  8987   001992                     u2786:
  8988                           
  8989                           ;Timers.c: 55:                 break;
  8990   001992  EFFD  F00C         	goto	l223
  8991   001996                     l222:
  8992   001996  B004               	btfsc	Set_Rele@Valor^0,0,c
  8993   001998  D002               	bra	u2795
  8994   00199A  988C               	bcf	140,4,c	;volatile
  8995   00199C  D001               	bra	u2796
  8996   00199E                     u2795:
  8997   00199E  888C               	bsf	140,4,c	;volatile
  8998   0019A0                     u2796:
  8999                           
  9000                           ;Timers.c: 57:                 break;
  9001   0019A0  EFFD  F00C         	goto	l223
  9002   0019A4                     l3364:
  9003   0019A4  5005               	movf	Set_Rele@Rele^0,w,c
  9004                           
  9005                           ; Switch size 1, requested type "simple"
  9006                           ; Number of cases is 10, Range of values is 0 to 9
  9007                           ; switch strategies available:
  9008                           ; Name         Instructions Cycles
  9009                           ; simple_byte           31    16 (average)
  9010                           ;	Chosen strategy is simple_byte
  9011   0019A6  0A00               	xorlw	0	; case 0
  9012   0019A8  B4D8               	btfsc	status,2,c
  9013   0019AA  EF8C  F00C         	goto	l212
  9014   0019AE  0A01               	xorlw	1	; case 1
  9015   0019B0  B4D8               	btfsc	status,2,c
  9016   0019B2  EF93  F00C         	goto	l214
  9017   0019B6  0A03               	xorlw	3	; case 2
  9018   0019B8  B4D8               	btfsc	status,2,c
  9019   0019BA  EF9A  F00C         	goto	l215
  9020   0019BE  0A01               	xorlw	1	; case 3
  9021   0019C0  B4D8               	btfsc	status,2,c
  9022   0019C2  EFA1  F00C         	goto	l216
  9023   0019C6  0A07               	xorlw	7	; case 4
  9024   0019C8  B4D8               	btfsc	status,2,c
  9025   0019CA  EFA8  F00C         	goto	l217
  9026   0019CE  0A01               	xorlw	1	; case 5
  9027   0019D0  B4D8               	btfsc	status,2,c
  9028   0019D2  EFAF  F00C         	goto	l218
  9029   0019D6  0A03               	xorlw	3	; case 6
  9030   0019D8  B4D8               	btfsc	status,2,c
  9031   0019DA  EFB6  F00C         	goto	l219
  9032   0019DE  0A01               	xorlw	1	; case 7
  9033   0019E0  B4D8               	btfsc	status,2,c
  9034   0019E2  EFBD  F00C         	goto	l220
  9035   0019E6  0A0F               	xorlw	15	; case 8
  9036   0019E8  B4D8               	btfsc	status,2,c
  9037   0019EA  EFC4  F00C         	goto	l221
  9038   0019EE  0A01               	xorlw	1	; case 9
  9039   0019F0  B4D8               	btfsc	status,2,c
  9040   0019F2  EFCB  F00C         	goto	l222
  9041   0019F6  EFFD  F00C         	goto	l223
  9042   0019FA                     l223:
  9043   0019FA  0012               	return		;funcret
  9044   0019FC                     __end_of_Set_Rele:
  9045                           	callstack 0
  9046                           
  9047 ;; *************** function _Armado_Cerrado *****************
  9048 ;; Defined at:
  9049 ;;		line 64 in file "Control.c"
  9050 ;; Parameters:    Size  Location     Type
  9051 ;;		None
  9052 ;; Auto vars:     Size  Location     Type
  9053 ;;		None
  9054 ;; Return value:  Size  Location     Type
  9055 ;;                  1    wreg      void 
  9056 ;; Registers used:
  9057 ;;		wreg, fsr2l, fsr2h, status,2, status,0, prodl, prodh, cstack
  9058 ;; Tracked objects:
  9059 ;;		On entry : 0/0
  9060 ;;		On exit  : 0/0
  9061 ;;		Unchanged: 0/0
  9062 ;; Data sizes:     COMRAM   BANK0   BANK1   BANK2   BANK3   BANK4   BANK5   BANK6   BANK7
  9063 ;;      Params:         0       0       0       0       0       0       0       0       0
  9064 ;;      Locals:         0       0       0       0       0       0       0       0       0
  9065 ;;      Temps:          0       0       0       0       0       0       0       0       0
  9066 ;;      Totals:         0       0       0       0       0       0       0       0       0
  9067 ;;Total ram usage:        0 bytes
  9068 ;; Hardware stack levels used: 1
  9069 ;; Hardware stack levels required when called: 4
  9070 ;; This function calls:
  9071 ;;		_Power_Rele
  9072 ;;		___flmul
  9073 ;;		___fltol
  9074 ;;		___xxtofl
  9075 ;; This function is called by:
  9076 ;;		_Proceso_Arranque
  9077 ;;		_Armado_Stop
  9078 ;; This function uses a non-reentrant model
  9079 ;;
  9080                           
  9081                           	psect	text50
  9082   0015FA                     __ptext50:
  9083                           	callstack 0
  9084   0015FA                     _Armado_Cerrado:
  9085                           	callstack 25
  9086   0015FA                     
  9087                           ;Control.c: 65:     Power_Rele(5, (uint16_t)(Tiempo_Damper * 1.5));
  9088   0015FA  0E00               	movlw	0
  9089   0015FC  6E16               	movwf	___flmul@a^0,c
  9090   0015FE  0E00               	movlw	0
  9091   001600  6E17               	movwf	(___flmul@a+1)^0,c
  9092   001602  0EC0               	movlw	192
  9093   001604  6E18               	movwf	(___flmul@a+2)^0,c
  9094   001606  0E3F               	movlw	63
  9095   001608  6E19               	movwf	(___flmul@a+3)^0,c
  9096   00160A  C0AA  F004         	movff	_Tiempo_Damper,___xxtofl@val
  9097   00160E  C0AB  F005         	movff	_Tiempo_Damper+1,___xxtofl@val+1
  9098   001612  6A06               	clrf	(___xxtofl@val+2)^0,c
  9099   001614  6A07               	clrf	(___xxtofl@val+3)^0,c
  9100   001616  0E00               	movlw	0
  9101   001618  EC59  F008         	call	___xxtofl
  9102   00161C  C004  F012         	movff	?___xxtofl,___flmul@b
  9103   001620  C005  F013         	movff	?___xxtofl+1,___flmul@b+1
  9104   001624  C006  F014         	movff	?___xxtofl+2,___flmul@b+2
  9105   001628  C007  F015         	movff	?___xxtofl+3,___flmul@b+3
  9106   00162C  EC1C  F003         	call	___flmul	;wreg free
  9107   001630  C012  F02B         	movff	?___flmul,___fltol@f1
  9108   001634  C013  F02C         	movff	?___flmul+1,___fltol@f1+1
  9109   001638  C014  F02D         	movff	?___flmul+2,___fltol@f1+2
  9110   00163C  C015  F02E         	movff	?___flmul+3,___fltol@f1+3
  9111   001640  EC06  F00C         	call	___fltol	;wreg free
  9112   001644  C02B  F035         	movff	?___fltol,Power_Rele@Tiempo
  9113   001648  C02C  F036         	movff	?___fltol+1,Power_Rele@Tiempo+1
  9114   00164C  0E05               	movlw	5
  9115   00164E  EC82  F00B         	call	_Power_Rele
  9116                           
  9117                           ;Control.c: 66:     Power_Rele(6, (uint16_t)(Tiempo_Iny_Gas * 1.5));
  9118   001652  0E00               	movlw	0
  9119   001654  6E16               	movwf	___flmul@a^0,c
  9120   001656  0E00               	movlw	0
  9121   001658  6E17               	movwf	(___flmul@a+1)^0,c
  9122   00165A  0EC0               	movlw	192
  9123   00165C  6E18               	movwf	(___flmul@a+2)^0,c
  9124   00165E  0E3F               	movlw	63
  9125   001660  6E19               	movwf	(___flmul@a+3)^0,c
  9126   001662  C052  F004         	movff	_Tiempo_Iny_Gas,___xxtofl@val
  9127   001666  C053  F005         	movff	_Tiempo_Iny_Gas+1,___xxtofl@val+1
  9128   00166A  6A06               	clrf	(___xxtofl@val+2)^0,c
  9129   00166C  6A07               	clrf	(___xxtofl@val+3)^0,c
  9130   00166E  0E00               	movlw	0
  9131   001670  EC59  F008         	call	___xxtofl
  9132   001674  C004  F012         	movff	?___xxtofl,___flmul@b
  9133   001678  C005  F013         	movff	?___xxtofl+1,___flmul@b+1
  9134   00167C  C006  F014         	movff	?___xxtofl+2,___flmul@b+2
  9135   001680  C007  F015         	movff	?___xxtofl+3,___flmul@b+3
  9136   001684  EC1C  F003         	call	___flmul	;wreg free
  9137   001688  C012  F02B         	movff	?___flmul,___fltol@f1
  9138   00168C  C013  F02C         	movff	?___flmul+1,___fltol@f1+1
  9139   001690  C014  F02D         	movff	?___flmul+2,___fltol@f1+2
  9140   001694  C015  F02E         	movff	?___flmul+3,___fltol@f1+3
  9141   001698  EC06  F00C         	call	___fltol	;wreg free
  9142   00169C  C02B  F035         	movff	?___fltol,Power_Rele@Tiempo
  9143   0016A0  C02C  F036         	movff	?___fltol+1,Power_Rele@Tiempo+1
  9144   0016A4  0E06               	movlw	6
  9145   0016A6  EC82  F00B         	call	_Power_Rele
  9146                           
  9147                           ;Control.c: 67:     Power_Rele(8, (uint16_t)(Tiempo_Iny_Liquido * 1.5));
  9148   0016AA  0E00               	movlw	0
  9149   0016AC  6E16               	movwf	___flmul@a^0,c
  9150   0016AE  0E00               	movlw	0
  9151   0016B0  6E17               	movwf	(___flmul@a+1)^0,c
  9152   0016B2  0EC0               	movlw	192
  9153   0016B4  6E18               	movwf	(___flmul@a+2)^0,c
  9154   0016B6  0E3F               	movlw	63
  9155   0016B8  6E19               	movwf	(___flmul@a+3)^0,c
  9156   0016BA  C054  F004         	movff	_Tiempo_Iny_Liquido,___xxtofl@val
  9157   0016BE  C055  F005         	movff	_Tiempo_Iny_Liquido+1,___xxtofl@val+1
  9158   0016C2  6A06               	clrf	(___xxtofl@val+2)^0,c
  9159   0016C4  6A07               	clrf	(___xxtofl@val+3)^0,c
  9160   0016C6  0E00               	movlw	0
  9161   0016C8  EC59  F008         	call	___xxtofl
  9162   0016CC  C004  F012         	movff	?___xxtofl,___flmul@b
  9163   0016D0  C005  F013         	movff	?___xxtofl+1,___flmul@b+1
  9164   0016D4  C006  F014         	movff	?___xxtofl+2,___flmul@b+2
  9165   0016D8  C007  F015         	movff	?___xxtofl+3,___flmul@b+3
  9166   0016DC  EC1C  F003         	call	___flmul	;wreg free
  9167   0016E0  C012  F02B         	movff	?___flmul,___fltol@f1
  9168   0016E4  C013  F02C         	movff	?___flmul+1,___fltol@f1+1
  9169   0016E8  C014  F02D         	movff	?___flmul+2,___fltol@f1+2
  9170   0016EC  C015  F02E         	movff	?___flmul+3,___fltol@f1+3
  9171   0016F0  EC06  F00C         	call	___fltol	;wreg free
  9172   0016F4  C02B  F035         	movff	?___fltol,Power_Rele@Tiempo
  9173   0016F8  C02C  F036         	movff	?___fltol+1,Power_Rele@Tiempo+1
  9174   0016FC  0E08               	movlw	8
  9175   0016FE  EC82  F00B         	call	_Power_Rele
  9176   001702  0012               	return		;funcret
  9177   001704                     __end_of_Armado_Cerrado:
  9178                           	callstack 0
  9179                           
  9180 ;; *************** function ___xxtofl *****************
  9181 ;; Defined at:
  9182 ;;		line 10 in file "C:\Program Files\Microchip\xc8\v3.00\pic\sources\c99\common\xxtofl.c"
  9183 ;; Parameters:    Size  Location     Type
  9184 ;;  sign            1    wreg     unsigned char 
  9185 ;;  val             4    3[COMRAM] long 
  9186 ;; Auto vars:     Size  Location     Type
  9187 ;;  sign            1   11[COMRAM] unsigned char 
  9188 ;;  arg             4   13[COMRAM] unsigned long 
  9189 ;;  exp             1   12[COMRAM] unsigned char 
  9190 ;; Return value:  Size  Location     Type
  9191 ;;                  4    3[COMRAM] unsigned char 
  9192 ;; Registers used:
  9193 ;;		wreg, status,2, status,0
  9194 ;; Tracked objects:
  9195 ;;		On entry : 0/0
  9196 ;;		On exit  : 0/0
  9197 ;;		Unchanged: 0/0
  9198 ;; Data sizes:     COMRAM   BANK0   BANK1   BANK2   BANK3   BANK4   BANK5   BANK6   BANK7
  9199 ;;      Params:         4       0       0       0       0       0       0       0       0
  9200 ;;      Locals:         6       0       0       0       0       0       0       0       0
  9201 ;;      Temps:          4       0       0       0       0       0       0       0       0
  9202 ;;      Totals:        14       0       0       0       0       0       0       0       0
  9203 ;;Total ram usage:       14 bytes
  9204 ;; Hardware stack levels used: 1
  9205 ;; Hardware stack levels required when called: 2
  9206 ;; This function calls:
  9207 ;;		Nothing
  9208 ;; This function is called by:
  9209 ;;		_Armado_Cerrado
  9210 ;;		_Inyecta_Liquido
  9211 ;;		_Inyecta_Gas
  9212 ;;		_Damper_Cerrar
  9213 ;;		_Cargar_PPM
  9214 ;; This function uses a non-reentrant model
  9215 ;;
  9216                           
  9217                           	psect	text51
  9218   0010B2                     __ptext51:
  9219                           	callstack 0
  9220   0010B2                     ___xxtofl:
  9221                           	callstack 26
  9222                           
  9223                           ;incstack = 0
  9224                           ;___xxtofl@sign stored from wreg
  9225   0010B2  6E0C               	movwf	___xxtofl@sign^0,c
  9226   0010B4  500C               	movf	___xxtofl@sign^0,w,c
  9227   0010B6  B4D8               	btfsc	status,2,c
  9228   0010B8  EF60  F008         	goto	u2591
  9229   0010BC  EF62  F008         	goto	u2590
  9230   0010C0                     u2591:
  9231   0010C0  EF84  F008         	goto	l1497
  9232   0010C4                     u2590:
  9233   0010C4  BE07               	btfsc	(___xxtofl@val+3)^0,7,c
  9234   0010C6  EF69  F008         	goto	u2600
  9235   0010CA  EF67  F008         	goto	u2601
  9236   0010CE                     u2601:
  9237   0010CE  EF84  F008         	goto	l1497
  9238   0010D2                     u2600:
  9239   0010D2  C004  F008         	movff	___xxtofl@val,??___xxtofl
  9240   0010D6  C005  F009         	movff	___xxtofl@val+1,??___xxtofl+1
  9241   0010DA  C006  F00A         	movff	___xxtofl@val+2,??___xxtofl+2
  9242   0010DE  C007  F00B         	movff	___xxtofl@val+3,??___xxtofl+3
  9243   0010E2  1E08               	comf	??___xxtofl^0,f,c
  9244   0010E4  1E09               	comf	(??___xxtofl+1)^0,f,c
  9245   0010E6  1E0A               	comf	(??___xxtofl+2)^0,f,c
  9246   0010E8  1E0B               	comf	(??___xxtofl+3)^0,f,c
  9247   0010EA  2A08               	incf	??___xxtofl^0,f,c
  9248   0010EC  0E00               	movlw	0
  9249   0010EE  2209               	addwfc	(??___xxtofl+1)^0,f,c
  9250   0010F0  220A               	addwfc	(??___xxtofl+2)^0,f,c
  9251   0010F2  220B               	addwfc	(??___xxtofl+3)^0,f,c
  9252   0010F4  C008  F00E         	movff	??___xxtofl,___xxtofl@arg
  9253   0010F8  C009  F00F         	movff	??___xxtofl+1,___xxtofl@arg+1
  9254   0010FC  C00A  F010         	movff	??___xxtofl+2,___xxtofl@arg+2
  9255   001100  C00B  F011         	movff	??___xxtofl+3,___xxtofl@arg+3
  9256   001104  EF8C  F008         	goto	l3310
  9257   001108                     l1497:
  9258   001108  C004  F00E         	movff	___xxtofl@val,___xxtofl@arg
  9259   00110C  C005  F00F         	movff	___xxtofl@val+1,___xxtofl@arg+1
  9260   001110  C006  F010         	movff	___xxtofl@val+2,___xxtofl@arg+2
  9261   001114  C007  F011         	movff	___xxtofl@val+3,___xxtofl@arg+3
  9262   001118                     l3310:
  9263   001118  5004               	movf	___xxtofl@val^0,w,c
  9264   00111A  1005               	iorwf	(___xxtofl@val+1)^0,w,c
  9265   00111C  1006               	iorwf	(___xxtofl@val+2)^0,w,c
  9266   00111E  1007               	iorwf	(___xxtofl@val+3)^0,w,c
  9267   001120  A4D8               	btfss	status,2,c
  9268   001122  EF95  F008         	goto	u2611
  9269   001126  EF97  F008         	goto	u2610
  9270   00112A                     u2611:
  9271   00112A  EFA1  F008         	goto	l3316
  9272   00112E                     u2610:
  9273   00112E  0E00               	movlw	0
  9274   001130  6E04               	movwf	?___xxtofl^0,c
  9275   001132  0E00               	movlw	0
  9276   001134  6E05               	movwf	(?___xxtofl+1)^0,c
  9277   001136  0E00               	movlw	0
  9278   001138  6E06               	movwf	(?___xxtofl+2)^0,c
  9279   00113A  0E00               	movlw	0
  9280   00113C  6E07               	movwf	(?___xxtofl+3)^0,c
  9281   00113E  EF32  F009         	goto	l1500
  9282   001142                     l3316:
  9283   001142  0E96               	movlw	150
  9284   001144  6E0D               	movwf	___xxtofl@exp^0,c
  9285   001146  EFAB  F008         	goto	l3320
  9286   00114A                     l3318:
  9287   00114A  2A0D               	incf	___xxtofl@exp^0,f,c
  9288   00114C  90D8               	bcf	status,0,c
  9289   00114E  3211               	rrcf	(___xxtofl@arg+3)^0,f,c
  9290   001150  3210               	rrcf	(___xxtofl@arg+2)^0,f,c
  9291   001152  320F               	rrcf	(___xxtofl@arg+1)^0,f,c
  9292   001154  320E               	rrcf	___xxtofl@arg^0,f,c
  9293   001156                     l3320:
  9294   001156  0E00               	movlw	0
  9295   001158  140E               	andwf	___xxtofl@arg^0,w,c
  9296   00115A  6E08               	movwf	??___xxtofl^0,c
  9297   00115C  0E00               	movlw	0
  9298   00115E  140F               	andwf	(___xxtofl@arg+1)^0,w,c
  9299   001160  6E09               	movwf	(??___xxtofl+1)^0,c
  9300   001162  0E00               	movlw	0
  9301   001164  1410               	andwf	(___xxtofl@arg+2)^0,w,c
  9302   001166  6E0A               	movwf	(??___xxtofl+2)^0,c
  9303   001168  0EFE               	movlw	254
  9304   00116A  1411               	andwf	(___xxtofl@arg+3)^0,w,c
  9305   00116C  6E0B               	movwf	(??___xxtofl+3)^0,c
  9306   00116E  5008               	movf	??___xxtofl^0,w,c
  9307   001170  1009               	iorwf	(??___xxtofl+1)^0,w,c
  9308   001172  100A               	iorwf	(??___xxtofl+2)^0,w,c
  9309   001174  100B               	iorwf	(??___xxtofl+3)^0,w,c
  9310   001176  A4D8               	btfss	status,2,c
  9311   001178  EFC0  F008         	goto	u2621
  9312   00117C  EFC2  F008         	goto	u2620
  9313   001180                     u2621:
  9314   001180  EFA5  F008         	goto	l3318
  9315   001184                     u2620:
  9316   001184  EFD0  F008         	goto	l1504
  9317   001188                     l3322:
  9318   001188  2A0D               	incf	___xxtofl@exp^0,f,c
  9319   00118A  0E01               	movlw	1
  9320   00118C  260E               	addwf	___xxtofl@arg^0,f,c
  9321   00118E  0E00               	movlw	0
  9322   001190  220F               	addwfc	(___xxtofl@arg+1)^0,f,c
  9323   001192  2210               	addwfc	(___xxtofl@arg+2)^0,f,c
  9324   001194  2211               	addwfc	(___xxtofl@arg+3)^0,f,c
  9325   001196  90D8               	bcf	status,0,c
  9326   001198  3211               	rrcf	(___xxtofl@arg+3)^0,f,c
  9327   00119A  3210               	rrcf	(___xxtofl@arg+2)^0,f,c
  9328   00119C  320F               	rrcf	(___xxtofl@arg+1)^0,f,c
  9329   00119E  320E               	rrcf	___xxtofl@arg^0,f,c
  9330   0011A0                     l1504:
  9331   0011A0  0E00               	movlw	0
  9332   0011A2  140E               	andwf	___xxtofl@arg^0,w,c
  9333   0011A4  6E08               	movwf	??___xxtofl^0,c
  9334   0011A6  0E00               	movlw	0
  9335   0011A8  140F               	andwf	(___xxtofl@arg+1)^0,w,c
  9336   0011AA  6E09               	movwf	(??___xxtofl+1)^0,c
  9337   0011AC  0E00               	movlw	0
  9338   0011AE  1410               	andwf	(___xxtofl@arg+2)^0,w,c
  9339   0011B0  6E0A               	movwf	(??___xxtofl+2)^0,c
  9340   0011B2  0EFF               	movlw	255
  9341   0011B4  1411               	andwf	(___xxtofl@arg+3)^0,w,c
  9342   0011B6  6E0B               	movwf	(??___xxtofl+3)^0,c
  9343   0011B8  5008               	movf	??___xxtofl^0,w,c
  9344   0011BA  1009               	iorwf	(??___xxtofl+1)^0,w,c
  9345   0011BC  100A               	iorwf	(??___xxtofl+2)^0,w,c
  9346   0011BE  100B               	iorwf	(??___xxtofl+3)^0,w,c
  9347   0011C0  A4D8               	btfss	status,2,c
  9348   0011C2  EFE5  F008         	goto	u2631
  9349   0011C6  EFE7  F008         	goto	u2630
  9350   0011CA                     u2631:
  9351   0011CA  EFC4  F008         	goto	l3322
  9352   0011CE                     u2630:
  9353   0011CE  EFEF  F008         	goto	l3330
  9354   0011D2                     l3328:
  9355   0011D2  060D               	decf	___xxtofl@exp^0,f,c
  9356   0011D4  90D8               	bcf	status,0,c
  9357   0011D6  360E               	rlcf	___xxtofl@arg^0,f,c
  9358   0011D8  360F               	rlcf	(___xxtofl@arg+1)^0,f,c
  9359   0011DA  3610               	rlcf	(___xxtofl@arg+2)^0,f,c
  9360   0011DC  3611               	rlcf	(___xxtofl@arg+3)^0,f,c
  9361   0011DE                     l3330:
  9362   0011DE  BE10               	btfsc	(___xxtofl@arg+2)^0,7,c
  9363   0011E0  EFF4  F008         	goto	u2641
  9364   0011E4  EFF6  F008         	goto	u2640
  9365   0011E8                     u2641:
  9366   0011E8  EFFE  F008         	goto	l1511
  9367   0011EC                     u2640:
  9368   0011EC  0E02               	movlw	2
  9369   0011EE  600D               	cpfslt	___xxtofl@exp^0,c
  9370   0011F0  EFFC  F008         	goto	u2651
  9371   0011F4  EFFE  F008         	goto	u2650
  9372   0011F8                     u2651:
  9373   0011F8  EFE9  F008         	goto	l3328
  9374   0011FC                     u2650:
  9375   0011FC                     l1511:
  9376   0011FC  B00D               	btfsc	___xxtofl@exp^0,0,c
  9377   0011FE  EF03  F009         	goto	u2661
  9378   001202  EF05  F009         	goto	u2660
  9379   001206                     u2661:
  9380   001206  EF06  F009         	goto	l3336
  9381   00120A                     u2660:
  9382   00120A  9E10               	bcf	(___xxtofl@arg+2)^0,7,c
  9383   00120C                     l3336:
  9384   00120C  90D8               	bcf	status,0,c
  9385   00120E  320D               	rrcf	___xxtofl@exp^0,f,c
  9386   001210  C00D  F008         	movff	___xxtofl@exp,??___xxtofl
  9387   001214  6A09               	clrf	(??___xxtofl+1)^0,c
  9388   001216  6A0A               	clrf	(??___xxtofl+2)^0,c
  9389   001218  6A0B               	clrf	(??___xxtofl+3)^0,c
  9390   00121A  C008  F00B         	movff	??___xxtofl,??___xxtofl+3
  9391   00121E  6A0A               	clrf	(??___xxtofl+2)^0,c
  9392   001220  6A09               	clrf	(??___xxtofl+1)^0,c
  9393   001222  6A08               	clrf	??___xxtofl^0,c
  9394   001224  5008               	movf	??___xxtofl^0,w,c
  9395   001226  120E               	iorwf	___xxtofl@arg^0,f,c
  9396   001228  5009               	movf	(??___xxtofl+1)^0,w,c
  9397   00122A  120F               	iorwf	(___xxtofl@arg+1)^0,f,c
  9398   00122C  500A               	movf	(??___xxtofl+2)^0,w,c
  9399   00122E  1210               	iorwf	(___xxtofl@arg+2)^0,f,c
  9400   001230  500B               	movf	(??___xxtofl+3)^0,w,c
  9401   001232  1211               	iorwf	(___xxtofl@arg+3)^0,f,c
  9402   001234  500C               	movf	___xxtofl@sign^0,w,c
  9403   001236  B4D8               	btfsc	status,2,c
  9404   001238  EF20  F009         	goto	u2671
  9405   00123C  EF22  F009         	goto	u2670
  9406   001240                     u2671:
  9407   001240  EF2A  F009         	goto	l3346
  9408   001244                     u2670:
  9409   001244  BE07               	btfsc	(___xxtofl@val+3)^0,7,c
  9410   001246  EF29  F009         	goto	u2680
  9411   00124A  EF27  F009         	goto	u2681
  9412   00124E                     u2681:
  9413   00124E  EF2A  F009         	goto	l3346
  9414   001252                     u2680:
  9415   001252  8E11               	bsf	(___xxtofl@arg+3)^0,7,c
  9416   001254                     l3346:
  9417   001254  C00E  F004         	movff	___xxtofl@arg,?___xxtofl
  9418   001258  C00F  F005         	movff	___xxtofl@arg+1,?___xxtofl+1
  9419   00125C  C010  F006         	movff	___xxtofl@arg+2,?___xxtofl+2
  9420   001260  C011  F007         	movff	___xxtofl@arg+3,?___xxtofl+3
  9421   001264                     l1500:
  9422   001264  0012               	return		;funcret
  9423   001266                     __end_of___xxtofl:
  9424                           	callstack 0
  9425                           
  9426 ;; *************** function ___fltol *****************
  9427 ;; Defined at:
  9428 ;;		line 43 in file "C:\Program Files\Microchip\xc8\v3.00\pic\sources\c99\common\fltol.c"
  9429 ;; Parameters:    Size  Location     Type
  9430 ;;  f1              4   42[COMRAM] unsigned char 
  9431 ;; Auto vars:     Size  Location     Type
  9432 ;;  exp1            1   51[COMRAM] unsigned char 
  9433 ;;  sign1           1   50[COMRAM] unsigned char 
  9434 ;; Return value:  Size  Location     Type
  9435 ;;                  4   42[COMRAM] long 
  9436 ;; Registers used:
  9437 ;;		wreg, status,2, status,0
  9438 ;; Tracked objects:
  9439 ;;		On entry : 0/0
  9440 ;;		On exit  : 0/0
  9441 ;;		Unchanged: 0/0
  9442 ;; Data sizes:     COMRAM   BANK0   BANK1   BANK2   BANK3   BANK4   BANK5   BANK6   BANK7
  9443 ;;      Params:         4       0       0       0       0       0       0       0       0
  9444 ;;      Locals:         2       0       0       0       0       0       0       0       0
  9445 ;;      Temps:          4       0       0       0       0       0       0       0       0
  9446 ;;      Totals:        10       0       0       0       0       0       0       0       0
  9447 ;;Total ram usage:       10 bytes
  9448 ;; Hardware stack levels used: 1
  9449 ;; Hardware stack levels required when called: 2
  9450 ;; This function calls:
  9451 ;;		Nothing
  9452 ;; This function is called by:
  9453 ;;		_Armado_Cerrado
  9454 ;;		_Inyecta_Liquido
  9455 ;;		_Inyecta_Gas
  9456 ;;		_Damper_Cerrar
  9457 ;; This function uses a non-reentrant model
  9458 ;;
  9459                           
  9460                           	psect	text52
  9461   00180C                     __ptext52:
  9462                           	callstack 0
  9463   00180C                     ___fltol:
  9464                           	callstack 26
  9465   00180C  342D               	rlcf	(___fltol@f1+2)^0,w,c
  9466   00180E  342E               	rlcf	(___fltol@f1+3)^0,w,c
  9467   001810  6E34               	movwf	___fltol@exp1^0,c
  9468   001812  5034               	movf	___fltol@exp1^0,w,c
  9469   001814  A4D8               	btfss	status,2,c
  9470   001816  EF0F  F00C         	goto	u2521
  9471   00181A  EF11  F00C         	goto	u2520
  9472   00181E                     u2521:
  9473   00181E  EF1B  F00C         	goto	l3266
  9474   001822                     u2520:
  9475   001822                     l3262:
  9476   001822  0E00               	movlw	0
  9477   001824  6E2B               	movwf	?___fltol^0,c
  9478   001826  0E00               	movlw	0
  9479   001828  6E2C               	movwf	(?___fltol+1)^0,c
  9480   00182A  0E00               	movlw	0
  9481   00182C  6E2D               	movwf	(?___fltol+2)^0,c
  9482   00182E  0E00               	movlw	0
  9483   001830  6E2E               	movwf	(?___fltol+3)^0,c
  9484   001832  EF88  F00C         	goto	l1139
  9485   001836                     l3266:
  9486   001836  C02B  F02F         	movff	___fltol@f1,??___fltol
  9487   00183A  C02C  F030         	movff	___fltol@f1+1,??___fltol+1
  9488   00183E  C02D  F031         	movff	___fltol@f1+2,??___fltol+2
  9489   001842  C02E  F032         	movff	___fltol@f1+3,??___fltol+3
  9490   001846  0E20               	movlw	32
  9491   001848  EF2B  F00C         	goto	u2530
  9492   00184C                     u2535:
  9493   00184C  90D8               	bcf	status,0,c
  9494   00184E  3232               	rrcf	(??___fltol+3)^0,f,c
  9495   001850  3231               	rrcf	(??___fltol+2)^0,f,c
  9496   001852  3230               	rrcf	(??___fltol+1)^0,f,c
  9497   001854  322F               	rrcf	??___fltol^0,f,c
  9498   001856                     u2530:
  9499   001856  2EE8               	decfsz	wreg,f,c
  9500   001858  EF26  F00C         	goto	u2535
  9501   00185C  502F               	movf	??___fltol^0,w,c
  9502   00185E  6E33               	movwf	___fltol@sign1^0,c
  9503   001860  8E2D               	bsf	(___fltol@f1+2)^0,7,c
  9504   001862  0EFF               	movlw	255
  9505   001864  162B               	andwf	___fltol@f1^0,f,c
  9506   001866  0EFF               	movlw	255
  9507   001868  162C               	andwf	(___fltol@f1+1)^0,f,c
  9508   00186A  0EFF               	movlw	255
  9509   00186C  162D               	andwf	(___fltol@f1+2)^0,f,c
  9510   00186E  0E00               	movlw	0
  9511   001870  162E               	andwf	(___fltol@f1+3)^0,f,c
  9512   001872  0E96               	movlw	150
  9513   001874  5E34               	subwf	___fltol@exp1^0,f,c
  9514   001876  BE34               	btfsc	___fltol@exp1^0,7,c
  9515   001878  EF42  F00C         	goto	u2540
  9516   00187C  EF40  F00C         	goto	u2541
  9517   001880                     u2541:
  9518   001880  EF58  F00C         	goto	l3286
  9519   001884                     u2540:
  9520   001884  5034               	movf	___fltol@exp1^0,w,c
  9521   001886  0A80               	xorlw	128
  9522   001888  0F97               	addlw	151
  9523   00188A  B0D8               	btfsc	status,0,c
  9524   00188C  EF4A  F00C         	goto	u2551
  9525   001890  EF4C  F00C         	goto	u2550
  9526   001894                     u2551:
  9527   001894  EF4E  F00C         	goto	l3282
  9528   001898                     u2550:
  9529   001898  EF11  F00C         	goto	l3262
  9530   00189C                     l3282:
  9531   00189C  90D8               	bcf	status,0,c
  9532   00189E  322E               	rrcf	(___fltol@f1+3)^0,f,c
  9533   0018A0  322D               	rrcf	(___fltol@f1+2)^0,f,c
  9534   0018A2  322C               	rrcf	(___fltol@f1+1)^0,f,c
  9535   0018A4  322B               	rrcf	___fltol@f1^0,f,c
  9536   0018A6  3E34               	incfsz	___fltol@exp1^0,f,c
  9537   0018A8  EF4E  F00C         	goto	l3282
  9538   0018AC  EF70  F00C         	goto	l3296
  9539   0018B0                     l3286:
  9540   0018B0  0E1F               	movlw	31
  9541   0018B2  6434               	cpfsgt	___fltol@exp1^0,c
  9542   0018B4  EF5E  F00C         	goto	u2561
  9543   0018B8  EF60  F00C         	goto	u2560
  9544   0018BC                     u2561:
  9545   0018BC  EF68  F00C         	goto	l3294
  9546   0018C0                     u2560:
  9547   0018C0  EF11  F00C         	goto	l3262
  9548   0018C4                     l3292:
  9549   0018C4  90D8               	bcf	status,0,c
  9550   0018C6  362B               	rlcf	___fltol@f1^0,f,c
  9551   0018C8  362C               	rlcf	(___fltol@f1+1)^0,f,c
  9552   0018CA  362D               	rlcf	(___fltol@f1+2)^0,f,c
  9553   0018CC  362E               	rlcf	(___fltol@f1+3)^0,f,c
  9554   0018CE  0634               	decf	___fltol@exp1^0,f,c
  9555   0018D0                     l3294:
  9556   0018D0  5034               	movf	___fltol@exp1^0,w,c
  9557   0018D2  A4D8               	btfss	status,2,c
  9558   0018D4  EF6E  F00C         	goto	u2571
  9559   0018D8  EF70  F00C         	goto	u2570
  9560   0018DC                     u2571:
  9561   0018DC  EF62  F00C         	goto	l3292
  9562   0018E0                     u2570:
  9563   0018E0                     l3296:
  9564   0018E0  5033               	movf	___fltol@sign1^0,w,c
  9565   0018E2  B4D8               	btfsc	status,2,c
  9566   0018E4  EF76  F00C         	goto	u2581
  9567   0018E8  EF78  F00C         	goto	u2580
  9568   0018EC                     u2581:
  9569   0018EC  EF80  F00C         	goto	l3300
  9570   0018F0                     u2580:
  9571   0018F0  1E2E               	comf	(___fltol@f1+3)^0,f,c
  9572   0018F2  1E2D               	comf	(___fltol@f1+2)^0,f,c
  9573   0018F4  1E2C               	comf	(___fltol@f1+1)^0,f,c
  9574   0018F6  6C2B               	negf	___fltol@f1^0,c
  9575   0018F8  0E00               	movlw	0
  9576   0018FA  222C               	addwfc	(___fltol@f1+1)^0,f,c
  9577   0018FC  222D               	addwfc	(___fltol@f1+2)^0,f,c
  9578   0018FE  222E               	addwfc	(___fltol@f1+3)^0,f,c
  9579   001900                     l3300:
  9580   001900  C02B  F02B         	movff	___fltol@f1,?___fltol
  9581   001904  C02C  F02C         	movff	___fltol@f1+1,?___fltol+1
  9582   001908  C02D  F02D         	movff	___fltol@f1+2,?___fltol+2
  9583   00190C  C02E  F02E         	movff	___fltol@f1+3,?___fltol+3
  9584   001910                     l1139:
  9585   001910  0012               	return		;funcret
  9586   001912                     __end_of___fltol:
  9587                           	callstack 0
  9588                           
  9589 ;; *************** function ___flmul *****************
  9590 ;; Defined at:
  9591 ;;		line 8 in file "C:\Program Files\Microchip\xc8\v3.00\pic\sources\c99\common\sprcmul.c"
  9592 ;; Parameters:    Size  Location     Type
  9593 ;;  b               4   17[COMRAM] long 
  9594 ;;  a               4   21[COMRAM] long 
  9595 ;; Auto vars:     Size  Location     Type
  9596 ;;  prod            4   36[COMRAM] struct .
  9597 ;;  grs             4   30[COMRAM] unsigned long 
  9598 ;;  temp            2   40[COMRAM] struct .
  9599 ;;  bexp            1   35[COMRAM] unsigned char 
  9600 ;;  aexp            1   34[COMRAM] unsigned char 
  9601 ;;  sign            1   29[COMRAM] unsigned char 
  9602 ;; Return value:  Size  Location     Type
  9603 ;;                  4   17[COMRAM] unsigned char 
  9604 ;; Registers used:
  9605 ;;		wreg, status,2, status,0, prodl, prodh
  9606 ;; Tracked objects:
  9607 ;;		On entry : 0/0
  9608 ;;		On exit  : 0/0
  9609 ;;		Unchanged: 0/0
  9610 ;; Data sizes:     COMRAM   BANK0   BANK1   BANK2   BANK3   BANK4   BANK5   BANK6   BANK7
  9611 ;;      Params:         8       0       0       0       0       0       0       0       0
  9612 ;;      Locals:        13       0       0       0       0       0       0       0       0
  9613 ;;      Temps:          4       0       0       0       0       0       0       0       0
  9614 ;;      Totals:        25       0       0       0       0       0       0       0       0
  9615 ;;Total ram usage:       25 bytes
  9616 ;; Hardware stack levels used: 1
  9617 ;; Hardware stack levels required when called: 2
  9618 ;; This function calls:
  9619 ;;		Nothing
  9620 ;; This function is called by:
  9621 ;;		_Armado_Cerrado
  9622 ;;		_Inyecta_Liquido
  9623 ;;		_Inyecta_Gas
  9624 ;;		_Damper_Cerrar
  9625 ;; This function uses a non-reentrant model
  9626 ;;
  9627                           
  9628                           	psect	text53
  9629   000638                     __ptext53:
  9630                           	callstack 0
  9631   000638                     ___flmul:
  9632                           	callstack 26
  9633   000638  5015               	movf	(___flmul@b+3)^0,w,c
  9634   00063A  0B80               	andlw	128
  9635   00063C  6E1E               	movwf	___flmul@sign^0,c
  9636   00063E  5015               	movf	(___flmul@b+3)^0,w,c
  9637   000640  2415               	addwf	(___flmul@b+3)^0,w,c
  9638   000642  6E24               	movwf	___flmul@bexp^0,c
  9639   000644  AE14               	btfss	(___flmul@b+2)^0,7,c
  9640   000646  EF27  F003         	goto	u2331
  9641   00064A  EF29  F003         	goto	u2330
  9642   00064E                     u2331:
  9643   00064E  EF2A  F003         	goto	l3138
  9644   000652                     u2330:
  9645   000652  8024               	bsf	___flmul@bexp^0,0,c
  9646   000654                     l3138:
  9647   000654  5024               	movf	___flmul@bexp^0,w,c
  9648   000656  B4D8               	btfsc	status,2,c
  9649   000658  EF30  F003         	goto	u2341
  9650   00065C  EF32  F003         	goto	u2340
  9651   000660                     u2341:
  9652   000660  EF45  F003         	goto	l3146
  9653   000664                     u2340:
  9654   000664  2824               	incf	___flmul@bexp^0,w,c
  9655   000666  A4D8               	btfss	status,2,c
  9656   000668  EF38  F003         	goto	u2351
  9657   00066C  EF3A  F003         	goto	u2350
  9658   000670                     u2351:
  9659   000670  EF42  F003         	goto	l3144
  9660   000674                     u2350:
  9661   000674  0E00               	movlw	0
  9662   000676  6E12               	movwf	___flmul@b^0,c
  9663   000678  0E00               	movlw	0
  9664   00067A  6E13               	movwf	(___flmul@b+1)^0,c
  9665   00067C  0E00               	movlw	0
  9666   00067E  6E14               	movwf	(___flmul@b+2)^0,c
  9667   000680  0E00               	movlw	0
  9668   000682  6E15               	movwf	(___flmul@b+3)^0,c
  9669   000684                     l3144:
  9670   000684  8E14               	bsf	(___flmul@b+2)^0,7,c
  9671   000686  EF4D  F003         	goto	l3148
  9672   00068A                     l3146:
  9673   00068A  0E00               	movlw	0
  9674   00068C  6E12               	movwf	___flmul@b^0,c
  9675   00068E  0E00               	movlw	0
  9676   000690  6E13               	movwf	(___flmul@b+1)^0,c
  9677   000692  0E00               	movlw	0
  9678   000694  6E14               	movwf	(___flmul@b+2)^0,c
  9679   000696  0E00               	movlw	0
  9680   000698  6E15               	movwf	(___flmul@b+3)^0,c
  9681   00069A                     l3148:
  9682   00069A  5019               	movf	(___flmul@a+3)^0,w,c
  9683   00069C  0B80               	andlw	128
  9684   00069E  1A1E               	xorwf	___flmul@sign^0,f,c
  9685   0006A0  5019               	movf	(___flmul@a+3)^0,w,c
  9686   0006A2  2419               	addwf	(___flmul@a+3)^0,w,c
  9687   0006A4  6E23               	movwf	___flmul@aexp^0,c
  9688   0006A6  AE18               	btfss	(___flmul@a+2)^0,7,c
  9689   0006A8  EF58  F003         	goto	u2361
  9690   0006AC  EF5A  F003         	goto	u2360
  9691   0006B0                     u2361:
  9692   0006B0  EF5B  F003         	goto	l3156
  9693   0006B4                     u2360:
  9694   0006B4  8023               	bsf	___flmul@aexp^0,0,c
  9695   0006B6                     l3156:
  9696   0006B6  5023               	movf	___flmul@aexp^0,w,c
  9697   0006B8  B4D8               	btfsc	status,2,c
  9698   0006BA  EF61  F003         	goto	u2371
  9699   0006BE  EF63  F003         	goto	u2370
  9700   0006C2                     u2371:
  9701   0006C2  EF76  F003         	goto	l3164
  9702   0006C6                     u2370:
  9703   0006C6  2823               	incf	___flmul@aexp^0,w,c
  9704   0006C8  A4D8               	btfss	status,2,c
  9705   0006CA  EF69  F003         	goto	u2381
  9706   0006CE  EF6B  F003         	goto	u2380
  9707   0006D2                     u2381:
  9708   0006D2  EF73  F003         	goto	l3162
  9709   0006D6                     u2380:
  9710   0006D6  0E00               	movlw	0
  9711   0006D8  6E16               	movwf	___flmul@a^0,c
  9712   0006DA  0E00               	movlw	0
  9713   0006DC  6E17               	movwf	(___flmul@a+1)^0,c
  9714   0006DE  0E00               	movlw	0
  9715   0006E0  6E18               	movwf	(___flmul@a+2)^0,c
  9716   0006E2  0E00               	movlw	0
  9717   0006E4  6E19               	movwf	(___flmul@a+3)^0,c
  9718   0006E6                     l3162:
  9719   0006E6  8E18               	bsf	(___flmul@a+2)^0,7,c
  9720   0006E8  EF7E  F003         	goto	l1456
  9721   0006EC                     l3164:
  9722   0006EC  0E00               	movlw	0
  9723   0006EE  6E16               	movwf	___flmul@a^0,c
  9724   0006F0  0E00               	movlw	0
  9725   0006F2  6E17               	movwf	(___flmul@a+1)^0,c
  9726   0006F4  0E00               	movlw	0
  9727   0006F6  6E18               	movwf	(___flmul@a+2)^0,c
  9728   0006F8  0E00               	movlw	0
  9729   0006FA  6E19               	movwf	(___flmul@a+3)^0,c
  9730   0006FC                     l1456:
  9731   0006FC  5023               	movf	___flmul@aexp^0,w,c
  9732   0006FE  B4D8               	btfsc	status,2,c
  9733   000700  EF84  F003         	goto	u2391
  9734   000704  EF86  F003         	goto	u2390
  9735   000708                     u2391:
  9736   000708  EF8E  F003         	goto	l3168
  9737   00070C                     u2390:
  9738   00070C  5024               	movf	___flmul@bexp^0,w,c
  9739   00070E  A4D8               	btfss	status,2,c
  9740   000710  EF8C  F003         	goto	u2401
  9741   000714  EF8E  F003         	goto	u2400
  9742   000718                     u2401:
  9743   000718  EF98  F003         	goto	l3172
  9744   00071C                     u2400:
  9745   00071C                     l3168:
  9746   00071C  0E00               	movlw	0
  9747   00071E  6E12               	movwf	?___flmul^0,c
  9748   000720  0E00               	movlw	0
  9749   000722  6E13               	movwf	(?___flmul+1)^0,c
  9750   000724  0E00               	movlw	0
  9751   000726  6E14               	movwf	(?___flmul+2)^0,c
  9752   000728  0E00               	movlw	0
  9753   00072A  6E15               	movwf	(?___flmul+3)^0,c
  9754   00072C  EF2E  F005         	goto	l1460
  9755   000730                     l3172:
  9756   000730  5018               	movf	(___flmul@a+2)^0,w,c
  9757   000732  0212               	mulwf	___flmul@b^0,c
  9758   000734  CFF3 F029          	movff	prodl,___flmul@temp
  9759   000738  CFF4 F02A          	movff	prodh,___flmul@temp+1
  9760   00073C  5029               	movf	___flmul@temp^0,w,c
  9761   00073E  6E1F               	movwf	___flmul@grs^0,c
  9762   000740  6A20               	clrf	(___flmul@grs+1)^0,c
  9763   000742  6A21               	clrf	(___flmul@grs+2)^0,c
  9764   000744  6A22               	clrf	(___flmul@grs+3)^0,c
  9765   000746  502A               	movf	(___flmul@temp+1)^0,w,c
  9766   000748  6E25               	movwf	___flmul@prod^0,c
  9767   00074A  6A26               	clrf	(___flmul@prod+1)^0,c
  9768   00074C  6A27               	clrf	(___flmul@prod+2)^0,c
  9769   00074E  6A28               	clrf	(___flmul@prod+3)^0,c
  9770   000750  5017               	movf	(___flmul@a+1)^0,w,c
  9771   000752  0213               	mulwf	(___flmul@b+1)^0,c
  9772   000754  CFF3 F029          	movff	prodl,___flmul@temp
  9773   000758  CFF4 F02A          	movff	prodh,___flmul@temp+1
  9774   00075C  5029               	movf	___flmul@temp^0,w,c
  9775   00075E  261F               	addwf	___flmul@grs^0,f,c
  9776   000760  0E00               	movlw	0
  9777   000762  2220               	addwfc	(___flmul@grs+1)^0,f,c
  9778   000764  2221               	addwfc	(___flmul@grs+2)^0,f,c
  9779   000766  2222               	addwfc	(___flmul@grs+3)^0,f,c
  9780   000768  502A               	movf	(___flmul@temp+1)^0,w,c
  9781   00076A  2625               	addwf	___flmul@prod^0,f,c
  9782   00076C  0E00               	movlw	0
  9783   00076E  2226               	addwfc	(___flmul@prod+1)^0,f,c
  9784   000770  2227               	addwfc	(___flmul@prod+2)^0,f,c
  9785   000772  2228               	addwfc	(___flmul@prod+3)^0,f,c
  9786   000774  5016               	movf	___flmul@a^0,w,c
  9787   000776  0214               	mulwf	(___flmul@b+2)^0,c
  9788   000778  CFF3 F029          	movff	prodl,___flmul@temp
  9789   00077C  CFF4 F02A          	movff	prodh,___flmul@temp+1
  9790   000780  5029               	movf	___flmul@temp^0,w,c
  9791   000782  261F               	addwf	___flmul@grs^0,f,c
  9792   000784  0E00               	movlw	0
  9793   000786  2220               	addwfc	(___flmul@grs+1)^0,f,c
  9794   000788  2221               	addwfc	(___flmul@grs+2)^0,f,c
  9795   00078A  2222               	addwfc	(___flmul@grs+3)^0,f,c
  9796   00078C  502A               	movf	(___flmul@temp+1)^0,w,c
  9797   00078E  2625               	addwf	___flmul@prod^0,f,c
  9798   000790  0E00               	movlw	0
  9799   000792  2226               	addwfc	(___flmul@prod+1)^0,f,c
  9800   000794  2227               	addwfc	(___flmul@prod+2)^0,f,c
  9801   000796  2228               	addwfc	(___flmul@prod+3)^0,f,c
  9802   000798  C021  F022         	movff	___flmul@grs+2,___flmul@grs+3
  9803   00079C  C020  F021         	movff	___flmul@grs+1,___flmul@grs+2
  9804   0007A0  C01F  F020         	movff	___flmul@grs,___flmul@grs+1
  9805   0007A4  6A1F               	clrf	___flmul@grs^0,c
  9806   0007A6  5016               	movf	___flmul@a^0,w,c
  9807   0007A8  0213               	mulwf	(___flmul@b+1)^0,c
  9808   0007AA  CFF3 F029          	movff	prodl,___flmul@temp
  9809   0007AE  CFF4 F02A          	movff	prodh,___flmul@temp+1
  9810   0007B2  5029               	movf	___flmul@temp^0,w,c
  9811   0007B4  261F               	addwf	___flmul@grs^0,f,c
  9812   0007B6  502A               	movf	(___flmul@temp+1)^0,w,c
  9813   0007B8  2220               	addwfc	(___flmul@grs+1)^0,f,c
  9814   0007BA  0E00               	movlw	0
  9815   0007BC  2221               	addwfc	(___flmul@grs+2)^0,f,c
  9816   0007BE  0E00               	movlw	0
  9817   0007C0  2222               	addwfc	(___flmul@grs+3)^0,f,c
  9818   0007C2  5017               	movf	(___flmul@a+1)^0,w,c
  9819   0007C4  0212               	mulwf	___flmul@b^0,c
  9820   0007C6  CFF3 F029          	movff	prodl,___flmul@temp
  9821   0007CA  CFF4 F02A          	movff	prodh,___flmul@temp+1
  9822   0007CE  5029               	movf	___flmul@temp^0,w,c
  9823   0007D0  261F               	addwf	___flmul@grs^0,f,c
  9824   0007D2  502A               	movf	(___flmul@temp+1)^0,w,c
  9825   0007D4  2220               	addwfc	(___flmul@grs+1)^0,f,c
  9826   0007D6  0E00               	movlw	0
  9827   0007D8  2221               	addwfc	(___flmul@grs+2)^0,f,c
  9828   0007DA  0E00               	movlw	0
  9829   0007DC  2222               	addwfc	(___flmul@grs+3)^0,f,c
  9830   0007DE  C021  F022         	movff	___flmul@grs+2,___flmul@grs+3
  9831   0007E2  C020  F021         	movff	___flmul@grs+1,___flmul@grs+2
  9832   0007E6  C01F  F020         	movff	___flmul@grs,___flmul@grs+1
  9833   0007EA  6A1F               	clrf	___flmul@grs^0,c
  9834   0007EC  5016               	movf	___flmul@a^0,w,c
  9835   0007EE  0212               	mulwf	___flmul@b^0,c
  9836   0007F0  CFF3 F029          	movff	prodl,___flmul@temp
  9837   0007F4  CFF4 F02A          	movff	prodh,___flmul@temp+1
  9838   0007F8  5029               	movf	___flmul@temp^0,w,c
  9839   0007FA  261F               	addwf	___flmul@grs^0,f,c
  9840   0007FC  502A               	movf	(___flmul@temp+1)^0,w,c
  9841   0007FE  2220               	addwfc	(___flmul@grs+1)^0,f,c
  9842   000800  0E00               	movlw	0
  9843   000802  2221               	addwfc	(___flmul@grs+2)^0,f,c
  9844   000804  0E00               	movlw	0
  9845   000806  2222               	addwfc	(___flmul@grs+3)^0,f,c
  9846   000808  5018               	movf	(___flmul@a+2)^0,w,c
  9847   00080A  0213               	mulwf	(___flmul@b+1)^0,c
  9848   00080C  CFF3 F029          	movff	prodl,___flmul@temp
  9849   000810  CFF4 F02A          	movff	prodh,___flmul@temp+1
  9850   000814  5029               	movf	___flmul@temp^0,w,c
  9851   000816  2625               	addwf	___flmul@prod^0,f,c
  9852   000818  502A               	movf	(___flmul@temp+1)^0,w,c
  9853   00081A  2226               	addwfc	(___flmul@prod+1)^0,f,c
  9854   00081C  0E00               	movlw	0
  9855   00081E  2227               	addwfc	(___flmul@prod+2)^0,f,c
  9856   000820  0E00               	movlw	0
  9857   000822  2228               	addwfc	(___flmul@prod+3)^0,f,c
  9858   000824  5017               	movf	(___flmul@a+1)^0,w,c
  9859   000826  0214               	mulwf	(___flmul@b+2)^0,c
  9860   000828  CFF3 F029          	movff	prodl,___flmul@temp
  9861   00082C  CFF4 F02A          	movff	prodh,___flmul@temp+1
  9862   000830  5029               	movf	___flmul@temp^0,w,c
  9863   000832  2625               	addwf	___flmul@prod^0,f,c
  9864   000834  502A               	movf	(___flmul@temp+1)^0,w,c
  9865   000836  2226               	addwfc	(___flmul@prod+1)^0,f,c
  9866   000838  0E00               	movlw	0
  9867   00083A  2227               	addwfc	(___flmul@prod+2)^0,f,c
  9868   00083C  0E00               	movlw	0
  9869   00083E  2228               	addwfc	(___flmul@prod+3)^0,f,c
  9870   000840  5018               	movf	(___flmul@a+2)^0,w,c
  9871   000842  0214               	mulwf	(___flmul@b+2)^0,c
  9872   000844  CFF3 F029          	movff	prodl,___flmul@temp
  9873   000848  CFF4 F02A          	movff	prodh,___flmul@temp+1
  9874   00084C  5029               	movf	___flmul@temp^0,w,c
  9875   00084E  6E1A               	movwf	??___flmul^0,c
  9876   000850  502A               	movf	(___flmul@temp+1)^0,w,c
  9877   000852  6E1B               	movwf	(??___flmul+1)^0,c
  9878   000854  6A1C               	clrf	(??___flmul+2)^0,c
  9879   000856  6A1D               	clrf	(??___flmul+3)^0,c
  9880   000858  C01C  F01D         	movff	??___flmul+2,??___flmul+3
  9881   00085C  C01B  F01C         	movff	??___flmul+1,??___flmul+2
  9882   000860  C01A  F01B         	movff	??___flmul,??___flmul+1
  9883   000864  6A1A               	clrf	??___flmul^0,c
  9884   000866  501A               	movf	??___flmul^0,w,c
  9885   000868  2625               	addwf	___flmul@prod^0,f,c
  9886   00086A  501B               	movf	(??___flmul+1)^0,w,c
  9887   00086C  2226               	addwfc	(___flmul@prod+1)^0,f,c
  9888   00086E  501C               	movf	(??___flmul+2)^0,w,c
  9889   000870  2227               	addwfc	(___flmul@prod+2)^0,f,c
  9890   000872  501D               	movf	(??___flmul+3)^0,w,c
  9891   000874  2228               	addwfc	(___flmul@prod+3)^0,f,c
  9892   000876  C01F  F01A         	movff	___flmul@grs,??___flmul
  9893   00087A  C020  F01B         	movff	___flmul@grs+1,??___flmul+1
  9894   00087E  C021  F01C         	movff	___flmul@grs+2,??___flmul+2
  9895   000882  C022  F01D         	movff	___flmul@grs+3,??___flmul+3
  9896   000886  0E19               	movlw	25
  9897   000888  EF4B  F004         	goto	u2410
  9898   00088C                     u2415:
  9899   00088C  90D8               	bcf	status,0,c
  9900   00088E  321D               	rrcf	(??___flmul+3)^0,f,c
  9901   000890  321C               	rrcf	(??___flmul+2)^0,f,c
  9902   000892  321B               	rrcf	(??___flmul+1)^0,f,c
  9903   000894  321A               	rrcf	??___flmul^0,f,c
  9904   000896                     u2410:
  9905   000896  2EE8               	decfsz	wreg,f,c
  9906   000898  EF46  F004         	goto	u2415
  9907   00089C  501A               	movf	??___flmul^0,w,c
  9908   00089E  2625               	addwf	___flmul@prod^0,f,c
  9909   0008A0  501B               	movf	(??___flmul+1)^0,w,c
  9910   0008A2  2226               	addwfc	(___flmul@prod+1)^0,f,c
  9911   0008A4  501C               	movf	(??___flmul+2)^0,w,c
  9912   0008A6  2227               	addwfc	(___flmul@prod+2)^0,f,c
  9913   0008A8  501D               	movf	(??___flmul+3)^0,w,c
  9914   0008AA  2228               	addwfc	(___flmul@prod+3)^0,f,c
  9915   0008AC  C021  F022         	movff	___flmul@grs+2,___flmul@grs+3
  9916   0008B0  C020  F021         	movff	___flmul@grs+1,___flmul@grs+2
  9917   0008B4  C01F  F020         	movff	___flmul@grs,___flmul@grs+1
  9918   0008B8  6A1F               	clrf	___flmul@grs^0,c
  9919   0008BA  5023               	movf	___flmul@aexp^0,w,c
  9920   0008BC  C024  F01A         	movff	___flmul@bexp,??___flmul
  9921   0008C0  6A1B               	clrf	(??___flmul+1)^0,c
  9922   0008C2  261A               	addwf	??___flmul^0,f,c
  9923   0008C4  0E00               	movlw	0
  9924   0008C6  221B               	addwfc	(??___flmul+1)^0,f,c
  9925   0008C8  0E82               	movlw	130
  9926   0008CA  241A               	addwf	??___flmul^0,w,c
  9927   0008CC  6E29               	movwf	___flmul@temp^0,c
  9928   0008CE  0EFF               	movlw	255
  9929   0008D0  201B               	addwfc	(??___flmul+1)^0,w,c
  9930   0008D2  6E2A               	movwf	(___flmul@temp+1)^0,c
  9931   0008D4  EF81  F004         	goto	l3220
  9932   0008D8                     l3214:
  9933   0008D8  90D8               	bcf	status,0,c
  9934   0008DA  3625               	rlcf	___flmul@prod^0,f,c
  9935   0008DC  3626               	rlcf	(___flmul@prod+1)^0,f,c
  9936   0008DE  3627               	rlcf	(___flmul@prod+2)^0,f,c
  9937   0008E0  3628               	rlcf	(___flmul@prod+3)^0,f,c
  9938   0008E2  AE22               	btfss	(___flmul@grs+3)^0,7,c
  9939   0008E4  EF76  F004         	goto	u2421
  9940   0008E8  EF78  F004         	goto	u2420
  9941   0008EC                     u2421:
  9942   0008EC  EF79  F004         	goto	l1463
  9943   0008F0                     u2420:
  9944   0008F0  8025               	bsf	___flmul@prod^0,0,c
  9945   0008F2                     l1463:
  9946   0008F2  90D8               	bcf	status,0,c
  9947   0008F4  361F               	rlcf	___flmul@grs^0,f,c
  9948   0008F6  3620               	rlcf	(___flmul@grs+1)^0,f,c
  9949   0008F8  3621               	rlcf	(___flmul@grs+2)^0,f,c
  9950   0008FA  3622               	rlcf	(___flmul@grs+3)^0,f,c
  9951   0008FC  0629               	decf	___flmul@temp^0,f,c
  9952   0008FE  A0D8               	btfss	status,0,c
  9953   000900  062A               	decf	(___flmul@temp+1)^0,f,c
  9954   000902                     l3220:
  9955   000902  AE27               	btfss	(___flmul@prod+2)^0,7,c
  9956   000904  EF86  F004         	goto	u2431
  9957   000908  EF88  F004         	goto	u2430
  9958   00090C                     u2431:
  9959   00090C  EF6C  F004         	goto	l3214
  9960   000910                     u2430:
  9961   000910  6A23               	clrf	___flmul@aexp^0,c
  9962   000912  AE22               	btfss	(___flmul@grs+3)^0,7,c
  9963   000914  EF8E  F004         	goto	u2441
  9964   000918  EF90  F004         	goto	u2440
  9965   00091C                     u2441:
  9966   00091C  EFB4  F004         	goto	l1465
  9967   000920                     u2440:
  9968   000920  0EFF               	movlw	255
  9969   000922  141F               	andwf	___flmul@grs^0,w,c
  9970   000924  6E1A               	movwf	??___flmul^0,c
  9971   000926  0EFF               	movlw	255
  9972   000928  1420               	andwf	(___flmul@grs+1)^0,w,c
  9973   00092A  6E1B               	movwf	(??___flmul+1)^0,c
  9974   00092C  0EFF               	movlw	255
  9975   00092E  1421               	andwf	(___flmul@grs+2)^0,w,c
  9976   000930  6E1C               	movwf	(??___flmul+2)^0,c
  9977   000932  0E7F               	movlw	127
  9978   000934  1422               	andwf	(___flmul@grs+3)^0,w,c
  9979   000936  6E1D               	movwf	(??___flmul+3)^0,c
  9980   000938  501A               	movf	??___flmul^0,w,c
  9981   00093A  101B               	iorwf	(??___flmul+1)^0,w,c
  9982   00093C  101C               	iorwf	(??___flmul+2)^0,w,c
  9983   00093E  101D               	iorwf	(??___flmul+3)^0,w,c
  9984   000940  B4D8               	btfsc	status,2,c
  9985   000942  EFA5  F004         	goto	u2451
  9986   000946  EFA7  F004         	goto	u2450
  9987   00094A                     u2451:
  9988   00094A  EFAB  F004         	goto	l1466
  9989   00094E                     u2450:
  9990   00094E                     l3224:
  9991   00094E  0E01               	movlw	1
  9992   000950  6E23               	movwf	___flmul@aexp^0,c
  9993   000952  EFB4  F004         	goto	l1465
  9994   000956                     l1466:
  9995   000956  A025               	btfss	___flmul@prod^0,0,c
  9996   000958  EFB0  F004         	goto	u2461
  9997   00095C  EFB2  F004         	goto	u2460
  9998   000960                     u2461:
  9999   000960  EFB4  F004         	goto	l1465
 10000   000964                     u2460:
 10001   000964  EFA7  F004         	goto	l3224
 10002   000968                     l1465:
 10003   000968  5023               	movf	___flmul@aexp^0,w,c
 10004   00096A  B4D8               	btfsc	status,2,c
 10005   00096C  EFBA  F004         	goto	u2471
 10006   000970  EFBC  F004         	goto	u2470
 10007   000974                     u2471:
 10008   000974  EFE0  F004         	goto	l3236
 10009   000978                     u2470:
 10010   000978  0E01               	movlw	1
 10011   00097A  2625               	addwf	___flmul@prod^0,f,c
 10012   00097C  0E00               	movlw	0
 10013   00097E  2226               	addwfc	(___flmul@prod+1)^0,f,c
 10014   000980  2227               	addwfc	(___flmul@prod+2)^0,f,c
 10015   000982  2228               	addwfc	(___flmul@prod+3)^0,f,c
 10016   000984  A028               	btfss	(___flmul@prod+3)^0,0,c
 10017   000986  EFC7  F004         	goto	u2481
 10018   00098A  EFC9  F004         	goto	u2480
 10019   00098E                     u2481:
 10020   00098E  EFE0  F004         	goto	l3236
 10021   000992                     u2480:
 10022   000992  C025  F01A         	movff	___flmul@prod,??___flmul
 10023   000996  C026  F01B         	movff	___flmul@prod+1,??___flmul+1
 10024   00099A  C027  F01C         	movff	___flmul@prod+2,??___flmul+2
 10025   00099E  C028  F01D         	movff	___flmul@prod+3,??___flmul+3
 10026   0009A2  341D               	rlcf	(??___flmul+3)^0,w,c
 10027   0009A4  321D               	rrcf	(??___flmul+3)^0,f,c
 10028   0009A6  321C               	rrcf	(??___flmul+2)^0,f,c
 10029   0009A8  321B               	rrcf	(??___flmul+1)^0,f,c
 10030   0009AA  321A               	rrcf	??___flmul^0,f,c
 10031   0009AC  C01A  F025         	movff	??___flmul,___flmul@prod
 10032   0009B0  C01B  F026         	movff	??___flmul+1,___flmul@prod+1
 10033   0009B4  C01C  F027         	movff	??___flmul+2,___flmul@prod+2
 10034   0009B8  C01D  F028         	movff	??___flmul+3,___flmul@prod+3
 10035   0009BC  4A29               	infsnz	___flmul@temp^0,f,c
 10036   0009BE  2A2A               	incf	(___flmul@temp+1)^0,f,c
 10037   0009C0                     l3236:
 10038   0009C0  BE2A               	btfsc	(___flmul@temp+1)^0,7,c
 10039   0009C2  EFEB  F004         	goto	u2491
 10040   0009C6  502A               	movf	(___flmul@temp+1)^0,w,c
 10041   0009C8  E108               	bnz	u2490
 10042   0009CA  2829               	incf	___flmul@temp^0,w,c
 10043   0009CC  A0D8               	btfss	status,0,c
 10044   0009CE  EFEB  F004         	goto	u2491
 10045   0009D2  EFED  F004         	goto	u2490
 10046   0009D6                     u2491:
 10047   0009D6  EFF7  F004         	goto	l3240
 10048   0009DA                     u2490:
 10049   0009DA  0E00               	movlw	0
 10050   0009DC  6E25               	movwf	___flmul@prod^0,c
 10051   0009DE  0E00               	movlw	0
 10052   0009E0  6E26               	movwf	(___flmul@prod+1)^0,c
 10053   0009E2  0E80               	movlw	128
 10054   0009E4  6E27               	movwf	(___flmul@prod+2)^0,c
 10055   0009E6  0E7F               	movlw	127
 10056   0009E8  6E28               	movwf	(___flmul@prod+3)^0,c
 10057   0009EA  EF24  F005         	goto	l3254
 10058   0009EE                     l3240:
 10059   0009EE  BE2A               	btfsc	(___flmul@temp+1)^0,7,c
 10060   0009F0  EF04  F005         	goto	u2500
 10061   0009F4  502A               	movf	(___flmul@temp+1)^0,w,c
 10062   0009F6  E106               	bnz	u2501
 10063   0009F8  0429               	decf	___flmul@temp^0,w,c
 10064   0009FA  B0D8               	btfsc	status,0,c
 10065   0009FC  EF02  F005         	goto	u2501
 10066   000A00  EF04  F005         	goto	u2500
 10067   000A04                     u2501:
 10068   000A04  EF0F  F005         	goto	l1473
 10069   000A08                     u2500:
 10070   000A08  0E00               	movlw	0
 10071   000A0A  6E25               	movwf	___flmul@prod^0,c
 10072   000A0C  0E00               	movlw	0
 10073   000A0E  6E26               	movwf	(___flmul@prod+1)^0,c
 10074   000A10  0E00               	movlw	0
 10075   000A12  6E27               	movwf	(___flmul@prod+2)^0,c
 10076   000A14  0E00               	movlw	0
 10077   000A16  6E28               	movwf	(___flmul@prod+3)^0,c
 10078   000A18  6A1E               	clrf	___flmul@sign^0,c
 10079   000A1A  EF24  F005         	goto	l3254
 10080   000A1E                     l1473:
 10081   000A1E  C029  F024         	movff	___flmul@temp,___flmul@bexp
 10082   000A22  0EFF               	movlw	255
 10083   000A24  1625               	andwf	___flmul@prod^0,f,c
 10084   000A26  0EFF               	movlw	255
 10085   000A28  1626               	andwf	(___flmul@prod+1)^0,f,c
 10086   000A2A  0E7F               	movlw	127
 10087   000A2C  1627               	andwf	(___flmul@prod+2)^0,f,c
 10088   000A2E  0E00               	movlw	0
 10089   000A30  1628               	andwf	(___flmul@prod+3)^0,f,c
 10090   000A32  A024               	btfss	___flmul@bexp^0,0,c
 10091   000A34  EF1E  F005         	goto	u2511
 10092   000A38  EF20  F005         	goto	u2510
 10093   000A3C                     u2511:
 10094   000A3C  EF21  F005         	goto	l3252
 10095   000A40                     u2510:
 10096   000A40  8E27               	bsf	(___flmul@prod+2)^0,7,c
 10097   000A42                     l3252:
 10098   000A42  90D8               	bcf	status,0,c
 10099   000A44  3024               	rrcf	___flmul@bexp^0,w,c
 10100   000A46  6E28               	movwf	(___flmul@prod+3)^0,c
 10101   000A48                     l3254:
 10102   000A48  501E               	movf	___flmul@sign^0,w,c
 10103   000A4A  1228               	iorwf	(___flmul@prod+3)^0,f,c
 10104   000A4C  C025  F012         	movff	___flmul@prod,?___flmul
 10105   000A50  C026  F013         	movff	___flmul@prod+1,?___flmul+1
 10106   000A54  C027  F014         	movff	___flmul@prod+2,?___flmul+2
 10107   000A58  C028  F015         	movff	___flmul@prod+3,?___flmul+3
 10108   000A5C                     l1460:
 10109   000A5C  0012               	return		;funcret
 10110   000A5E                     __end_of___flmul:
 10111                           	callstack 0
 10112                           
 10113 ;; *************** function _Power_Rele *****************
 10114 ;; Defined at:
 10115 ;;		line 61 in file "Timers.c"
 10116 ;; Parameters:    Size  Location     Type
 10117 ;;  Rele            1    wreg     unsigned char 
 10118 ;;  Tiempo          2   52[COMRAM] unsigned int 
 10119 ;; Auto vars:     Size  Location     Type
 10120 ;;  Rele            1   54[COMRAM] unsigned char 
 10121 ;; Return value:  Size  Location     Type
 10122 ;;                  1    wreg      void 
 10123 ;; Registers used:
 10124 ;;		wreg, fsr2l, fsr2h, status,2, status,0, prodl, prodh, cstack
 10125 ;; Tracked objects:
 10126 ;;		On entry : 0/0
 10127 ;;		On exit  : 0/0
 10128 ;;		Unchanged: 0/0
 10129 ;; Data sizes:     COMRAM   BANK0   BANK1   BANK2   BANK3   BANK4   BANK5   BANK6   BANK7
 10130 ;;      Params:         2       0       0       0       0       0       0       0       0
 10131 ;;      Locals:         1       0       0       0       0       0       0       0       0
 10132 ;;      Temps:          0       0       0       0       0       0       0       0       0
 10133 ;;      Totals:         3       0       0       0       0       0       0       0       0
 10134 ;;Total ram usage:        3 bytes
 10135 ;; Hardware stack levels used: 1
 10136 ;; Hardware stack levels required when called: 3
 10137 ;; This function calls:
 10138 ;;		___lwdiv
 10139 ;; This function is called by:
 10140 ;;		_Get_Comando
 10141 ;;		_Armado_Cerrado
 10142 ;;		_Inyecta_Liquido
 10143 ;;		_Inyecta_Gas
 10144 ;;		_Damper_Abrir
 10145 ;;		_Damper_Cerrar
 10146 ;; This function uses a non-reentrant model
 10147 ;;
 10148                           
 10149                           	psect	text54
 10150   001704                     __ptext54:
 10151                           	callstack 0
 10152   001704                     _Power_Rele:
 10153                           	callstack 25
 10154                           
 10155                           ;incstack = 0
 10156                           ;Power_Rele@Rele stored from wreg
 10157   001704  6E37               	movwf	Power_Rele@Rele^0,c
 10158   001706                     
 10159                           ;Timers.c: 62:     Tiempo = Tiempo / 10;
 10160   001706  C035  F004         	movff	Power_Rele@Tiempo,___lwdiv@dividend
 10161   00170A  C036  F005         	movff	Power_Rele@Tiempo+1,___lwdiv@dividend+1
 10162   00170E  0E00               	movlw	0
 10163   001710  6E07               	movwf	(___lwdiv@divisor+1)^0,c
 10164   001712  0E0A               	movlw	10
 10165   001714  6E06               	movwf	___lwdiv@divisor^0,c
 10166   001716  EC54  F010         	call	___lwdiv	;wreg free
 10167   00171A  C004  F035         	movff	?___lwdiv,Power_Rele@Tiempo
 10168   00171E  C005  F036         	movff	?___lwdiv+1,Power_Rele@Tiempo+1
 10169   001722                     
 10170                           ;Timers.c: 63:     if (Rele >= 1 && Rele <= 10) {
 10171   001722  5037               	movf	Power_Rele@Rele^0,w,c
 10172   001724  B4D8               	btfsc	status,2,c
 10173   001726  EF97  F00B         	goto	u2191
 10174   00172A  EF99  F00B         	goto	u2190
 10175   00172E                     u2191:
 10176   00172E  EF05  F00C         	goto	l239
 10177   001732                     u2190:
 10178   001732  0E0B               	movlw	11
 10179   001734  6037               	cpfslt	Power_Rele@Rele^0,c
 10180   001736  EF9F  F00B         	goto	u2201
 10181   00173A  EFA1  F00B         	goto	u2200
 10182   00173E                     u2201:
 10183   00173E  EF05  F00C         	goto	l239
 10184   001742                     u2200:
 10185   001742                     
 10186                           ;Timers.c: 64:         Rele--;
 10187   001742  0637               	decf	Power_Rele@Rele^0,f,c
 10188   001744                     
 10189                           ;Timers.c: 65:         Tiempo_Rele[Rele] = 0;
 10190   001744  5037               	movf	Power_Rele@Rele^0,w,c
 10191   001746  0D02               	mullw	2
 10192   001748  50F3               	movf	243,w,c
 10193   00174A  0F60               	addlw	low _Tiempo_Rele
 10194   00174C  6ED9               	movwf	fsr2l,c
 10195   00174E  6ADA               	clrf	fsr2h,c
 10196   001750  6ADE               	clrf	postinc2,c
 10197   001752  6ADD               	clrf	postdec2,c
 10198   001754                     
 10199                           ;Timers.c: 66:         Wait_Rele[Rele] = Tiempo;
 10200   001754  5037               	movf	Power_Rele@Rele^0,w,c
 10201   001756  0D02               	mullw	2
 10202   001758  50F3               	movf	243,w,c
 10203   00175A  0F74               	addlw	low _Wait_Rele
 10204   00175C  6ED9               	movwf	fsr2l,c
 10205   00175E  6ADA               	clrf	fsr2h,c
 10206   001760  C035  FFDE         	movff	Power_Rele@Tiempo,postinc2
 10207   001764  C036  FFDD         	movff	Power_Rele@Tiempo+1,postdec2
 10208   001768                     
 10209                           ;Timers.c: 67:         Enable_Rele[Rele] = 1;
 10210   001768  5037               	movf	Power_Rele@Rele^0,w,c
 10211   00176A  0F9C               	addlw	low _Enable_Rele
 10212   00176C  6ED9               	movwf	fsr2l,c
 10213   00176E  6ADA               	clrf	fsr2h,c
 10214   001770  0E01               	movlw	1
 10215   001772  6EDF               	movwf	indf2,c
 10216                           
 10217                           ;Timers.c: 68:         switch (Rele) {
 10218   001774  EFDA  F00B         	goto	l3054
 10219   001778                     l228:
 10220   001778  9A8A               	bcf	138,5,c	;volatile
 10221                           
 10222                           ;Timers.c: 70:                 break;
 10223   00177A  EF05  F00C         	goto	l239
 10224   00177E                     l230:
 10225   00177E  988A               	bcf	138,4,c	;volatile
 10226                           
 10227                           ;Timers.c: 72:                 break;
 10228   001780  EF05  F00C         	goto	l239
 10229   001784                     l231:
 10230   001784  968A               	bcf	138,3,c	;volatile
 10231                           
 10232                           ;Timers.c: 74:                 break;
 10233   001786  EF05  F00C         	goto	l239
 10234   00178A                     l232:
 10235   00178A  948A               	bcf	138,2,c	;volatile
 10236                           
 10237                           ;Timers.c: 76:                 break;
 10238   00178C  EF05  F00C         	goto	l239
 10239   001790                     l233:
 10240   001790  928A               	bcf	138,1,c	;volatile
 10241                           
 10242                           ;Timers.c: 78:                 break;
 10243   001792  EF05  F00C         	goto	l239
 10244   001796                     l234:
 10245   001796  908A               	bcf	138,0,c	;volatile
 10246                           
 10247                           ;Timers.c: 80:                 break;
 10248   001798  EF05  F00C         	goto	l239
 10249   00179C                     l235:
 10250   00179C  9E8C               	bcf	140,7,c	;volatile
 10251                           
 10252                           ;Timers.c: 82:                 break;
 10253   00179E  EF05  F00C         	goto	l239
 10254   0017A2                     l236:
 10255   0017A2  9C8C               	bcf	140,6,c	;volatile
 10256                           
 10257                           ;Timers.c: 84:                 break;
 10258   0017A4  EF05  F00C         	goto	l239
 10259   0017A8                     l237:
 10260   0017A8  9A8C               	bcf	140,5,c	;volatile
 10261                           
 10262                           ;Timers.c: 86:                 break;
 10263   0017AA  EF05  F00C         	goto	l239
 10264   0017AE                     l238:
 10265   0017AE  988C               	bcf	140,4,c	;volatile
 10266                           
 10267                           ;Timers.c: 88:                 break;
 10268   0017B0  EF05  F00C         	goto	l239
 10269   0017B4                     l3054:
 10270   0017B4  5037               	movf	Power_Rele@Rele^0,w,c
 10271                           
 10272                           ; Switch size 1, requested type "simple"
 10273                           ; Number of cases is 10, Range of values is 0 to 9
 10274                           ; switch strategies available:
 10275                           ; Name         Instructions Cycles
 10276                           ; simple_byte           31    16 (average)
 10277                           ;	Chosen strategy is simple_byte
 10278   0017B6  0A00               	xorlw	0	; case 0
 10279   0017B8  B4D8               	btfsc	status,2,c
 10280   0017BA  EFBC  F00B         	goto	l228
 10281   0017BE  0A01               	xorlw	1	; case 1
 10282   0017C0  B4D8               	btfsc	status,2,c
 10283   0017C2  EFBF  F00B         	goto	l230
 10284   0017C6  0A03               	xorlw	3	; case 2
 10285   0017C8  B4D8               	btfsc	status,2,c
 10286   0017CA  EFC2  F00B         	goto	l231
 10287   0017CE  0A01               	xorlw	1	; case 3
 10288   0017D0  B4D8               	btfsc	status,2,c
 10289   0017D2  EFC5  F00B         	goto	l232
 10290   0017D6  0A07               	xorlw	7	; case 4
 10291   0017D8  B4D8               	btfsc	status,2,c
 10292   0017DA  EFC8  F00B         	goto	l233
 10293   0017DE  0A01               	xorlw	1	; case 5
 10294   0017E0  B4D8               	btfsc	status,2,c
 10295   0017E2  EFCB  F00B         	goto	l234
 10296   0017E6  0A03               	xorlw	3	; case 6
 10297   0017E8  B4D8               	btfsc	status,2,c
 10298   0017EA  EFCE  F00B         	goto	l235
 10299   0017EE  0A01               	xorlw	1	; case 7
 10300   0017F0  B4D8               	btfsc	status,2,c
 10301   0017F2  EFD1  F00B         	goto	l236
 10302   0017F6  0A0F               	xorlw	15	; case 8
 10303   0017F8  B4D8               	btfsc	status,2,c
 10304   0017FA  EFD4  F00B         	goto	l237
 10305   0017FE  0A01               	xorlw	1	; case 9
 10306   001800  B4D8               	btfsc	status,2,c
 10307   001802  EFD7  F00B         	goto	l238
 10308   001806  EF05  F00C         	goto	l239
 10309   00180A                     l239:
 10310   00180A  0012               	return		;funcret
 10311   00180C                     __end_of_Power_Rele:
 10312                           	callstack 0
 10313                           
 10314 ;; *************** function ___lwdiv *****************
 10315 ;; Defined at:
 10316 ;;		line 7 in file "C:\Program Files\Microchip\xc8\v3.00\pic\sources\c99\common\lwdiv.c"
 10317 ;; Parameters:    Size  Location     Type
 10318 ;;  dividend        2    3[COMRAM] unsigned int 
 10319 ;;  divisor         2    5[COMRAM] unsigned int 
 10320 ;; Auto vars:     Size  Location     Type
 10321 ;;  quotient        2    7[COMRAM] unsigned int 
 10322 ;;  counter         1    9[COMRAM] unsigned char 
 10323 ;; Return value:  Size  Location     Type
 10324 ;;                  2    3[COMRAM] unsigned int 
 10325 ;; Registers used:
 10326 ;;		wreg, status,2, status,0
 10327 ;; Tracked objects:
 10328 ;;		On entry : 0/0
 10329 ;;		On exit  : 0/0
 10330 ;;		Unchanged: 0/0
 10331 ;; Data sizes:     COMRAM   BANK0   BANK1   BANK2   BANK3   BANK4   BANK5   BANK6   BANK7
 10332 ;;      Params:         4       0       0       0       0       0       0       0       0
 10333 ;;      Locals:         3       0       0       0       0       0       0       0       0
 10334 ;;      Temps:          0       0       0       0       0       0       0       0       0
 10335 ;;      Totals:         7       0       0       0       0       0       0       0       0
 10336 ;;Total ram usage:        7 bytes
 10337 ;; Hardware stack levels used: 1
 10338 ;; Hardware stack levels required when called: 2
 10339 ;; This function calls:
 10340 ;;		Nothing
 10341 ;; This function is called by:
 10342 ;;		_Power_Rele
 10343 ;; This function uses a non-reentrant model
 10344 ;;
 10345                           
 10346                           	psect	text55
 10347   0020A8                     __ptext55:
 10348                           	callstack 0
 10349   0020A8                     ___lwdiv:
 10350                           	callstack 25
 10351   0020A8  0E00               	movlw	0
 10352   0020AA  6E09               	movwf	(___lwdiv@quotient+1)^0,c
 10353   0020AC  0E00               	movlw	0
 10354   0020AE  6E08               	movwf	___lwdiv@quotient^0,c
 10355   0020B0  5006               	movf	___lwdiv@divisor^0,w,c
 10356   0020B2  1007               	iorwf	(___lwdiv@divisor+1)^0,w,c
 10357   0020B4  B4D8               	btfsc	status,2,c
 10358   0020B6  EF5F  F010         	goto	u2061
 10359   0020BA  EF61  F010         	goto	u2060
 10360   0020BE                     u2061:
 10361   0020BE  EF89  F010         	goto	l1333
 10362   0020C2                     u2060:
 10363   0020C2  0E01               	movlw	1
 10364   0020C4  6E0A               	movwf	___lwdiv@counter^0,c
 10365   0020C6  EF69  F010         	goto	l2974
 10366   0020CA                     l2972:
 10367   0020CA  90D8               	bcf	status,0,c
 10368   0020CC  3606               	rlcf	___lwdiv@divisor^0,f,c
 10369   0020CE  3607               	rlcf	(___lwdiv@divisor+1)^0,f,c
 10370   0020D0  2A0A               	incf	___lwdiv@counter^0,f,c
 10371   0020D2                     l2974:
 10372   0020D2  AE07               	btfss	(___lwdiv@divisor+1)^0,7,c
 10373   0020D4  EF6E  F010         	goto	u2071
 10374   0020D8  EF70  F010         	goto	u2070
 10375   0020DC                     u2071:
 10376   0020DC  EF65  F010         	goto	l2972
 10377   0020E0                     u2070:
 10378   0020E0                     l2976:
 10379   0020E0  90D8               	bcf	status,0,c
 10380   0020E2  3608               	rlcf	___lwdiv@quotient^0,f,c
 10381   0020E4  3609               	rlcf	(___lwdiv@quotient+1)^0,f,c
 10382   0020E6  5006               	movf	___lwdiv@divisor^0,w,c
 10383   0020E8  5C04               	subwf	___lwdiv@dividend^0,w,c
 10384   0020EA  5007               	movf	(___lwdiv@divisor+1)^0,w,c
 10385   0020EC  5805               	subwfb	(___lwdiv@dividend+1)^0,w,c
 10386   0020EE  A0D8               	btfss	status,0,c
 10387   0020F0  EF7C  F010         	goto	u2081
 10388   0020F4  EF7E  F010         	goto	u2080
 10389   0020F8                     u2081:
 10390   0020F8  EF83  F010         	goto	l2984
 10391   0020FC                     u2080:
 10392   0020FC  5006               	movf	___lwdiv@divisor^0,w,c
 10393   0020FE  5E04               	subwf	___lwdiv@dividend^0,f,c
 10394   002100  5007               	movf	(___lwdiv@divisor+1)^0,w,c
 10395   002102  5A05               	subwfb	(___lwdiv@dividend+1)^0,f,c
 10396   002104  8008               	bsf	___lwdiv@quotient^0,0,c
 10397   002106                     l2984:
 10398   002106  90D8               	bcf	status,0,c
 10399   002108  3207               	rrcf	(___lwdiv@divisor+1)^0,f,c
 10400   00210A  3206               	rrcf	___lwdiv@divisor^0,f,c
 10401   00210C  2E0A               	decfsz	___lwdiv@counter^0,f,c
 10402   00210E  EF70  F010         	goto	l2976
 10403   002112                     l1333:
 10404   002112  C008  F004         	movff	___lwdiv@quotient,?___lwdiv
 10405   002116  C009  F005         	movff	___lwdiv@quotient+1,?___lwdiv+1
 10406   00211A  0012               	return		;funcret
 10407   00211C                     __end_of___lwdiv:
 10408                           	callstack 0
 10409                           
 10410 ;; *************** function _GPIO_Init *****************
 10411 ;; Defined at:
 10412 ;;		line 4 in file "Config.c"
 10413 ;; Parameters:    Size  Location     Type
 10414 ;;		None
 10415 ;; Auto vars:     Size  Location     Type
 10416 ;;		None
 10417 ;; Return value:  Size  Location     Type
 10418 ;;                  1    wreg      void 
 10419 ;; Registers used:
 10420 ;;		wreg, status,2, cstack
 10421 ;; Tracked objects:
 10422 ;;		On entry : 0/0
 10423 ;;		On exit  : 0/0
 10424 ;;		Unchanged: 0/0
 10425 ;; Data sizes:     COMRAM   BANK0   BANK1   BANK2   BANK3   BANK4   BANK5   BANK6   BANK7
 10426 ;;      Params:         0       0       0       0       0       0       0       0       0
 10427 ;;      Locals:         0       0       0       0       0       0       0       0       0
 10428 ;;      Temps:          0       0       0       0       0       0       0       0       0
 10429 ;;      Totals:         0       0       0       0       0       0       0       0       0
 10430 ;;Total ram usage:        0 bytes
 10431 ;; Hardware stack levels used: 1
 10432 ;; Hardware stack levels required when called: 3
 10433 ;; This function calls:
 10434 ;;		_ADC_Init
 10435 ;; This function is called by:
 10436 ;;		_main
 10437 ;; This function uses a non-reentrant model
 10438 ;;
 10439                           
 10440                           	psect	text56
 10441   002596                     __ptext56:
 10442                           	callstack 0
 10443   002596                     _GPIO_Init:
 10444                           	callstack 27
 10445   002596                     
 10446                           ;Config.c: 5:     ANSELA = 0x00;
 10447   002596  010F               	movlb	15	; () banked
 10448   002598  6B5B               	clrf	91,b	;volatile
 10449                           
 10450                           ;Config.c: 6:     ANSELB = 0x00;
 10451   00259A  6B5C               	clrf	92,b	;volatile
 10452                           
 10453                           ;Config.c: 7:     ANSELC = 0x00;
 10454   00259C  6B5D               	clrf	93,b	;volatile
 10455                           
 10456                           ;Config.c: 8:     ANSELD = 0x00;
 10457   00259E  6B5E               	clrf	94,b	;volatile
 10458                           
 10459                           ;Config.c: 9:     ANSELE = 0x00;
 10460   0025A0  6B5F               	clrf	95,b	;volatile
 10461   0025A2                     
 10462                           ; BSR set to: 15
 10463                           ;Config.c: 12:     TRISB = 0b10000000;
 10464   0025A2  0E80               	movlw	128
 10465   0025A4  6E93               	movwf	147,c	;volatile
 10466                           
 10467                           ;Config.c: 13:     TRISE = 0b1111;
 10468   0025A6  0E0F               	movlw	15
 10469   0025A8  6E96               	movwf	150,c	;volatile
 10470                           
 10471                           ;Config.c: 14:     TRISD = 0b00001111;
 10472   0025AA  0E0F               	movlw	15
 10473   0025AC  6E95               	movwf	149,c	;volatile
 10474   0025AE                     
 10475                           ; BSR set to: 15
 10476                           ;Config.c: 15:     TRISC = 0b11111111;
 10477   0025AE  6894               	setf	148,c	;volatile
 10478   0025B0                     
 10479                           ; BSR set to: 15
 10480                           ;Config.c: 17:     LATB = 0xFF;
 10481   0025B0  688A               	setf	138,c	;volatile
 10482   0025B2                     
 10483                           ; BSR set to: 15
 10484                           ;Config.c: 18:     LATE = 0xFF;
 10485   0025B2  688D               	setf	141,c	;volatile
 10486   0025B4                     
 10487                           ; BSR set to: 15
 10488                           ;Config.c: 19:     LATD = 0xFF;
 10489   0025B4  688C               	setf	140,c	;volatile
 10490   0025B6                     
 10491                           ; BSR set to: 15
 10492                           ;Config.c: 21:     TRISBbits.TRISB6 = 0;
 10493   0025B6  9C93               	bcf	147,6,c	;volatile
 10494   0025B8                     
 10495                           ; BSR set to: 15
 10496                           ;Config.c: 22:     LATBbits.LATB6 = 0;
 10497   0025B8  9C8A               	bcf	138,6,c	;volatile
 10498   0025BA                     
 10499                           ; BSR set to: 15
 10500                           ;Config.c: 24:     ADC_Init();
 10501   0025BA  EC72  F012         	call	_ADC_Init	;wreg free
 10502   0025BE  0012               	return		;funcret
 10503   0025C0                     __end_of_GPIO_Init:
 10504                           	callstack 0
 10505                           
 10506 ;; *************** function _ADC_Init *****************
 10507 ;; Defined at:
 10508 ;;		line 3 in file "ADC.c"
 10509 ;; Parameters:    Size  Location     Type
 10510 ;;		None
 10511 ;; Auto vars:     Size  Location     Type
 10512 ;;		None
 10513 ;; Return value:  Size  Location     Type
 10514 ;;                  1    wreg      void 
 10515 ;; Registers used:
 10516 ;;		wreg, status,2
 10517 ;; Tracked objects:
 10518 ;;		On entry : 0/0
 10519 ;;		On exit  : 0/0
 10520 ;;		Unchanged: 0/0
 10521 ;; Data sizes:     COMRAM   BANK0   BANK1   BANK2   BANK3   BANK4   BANK5   BANK6   BANK7
 10522 ;;      Params:         0       0       0       0       0       0       0       0       0
 10523 ;;      Locals:         0       0       0       0       0       0       0       0       0
 10524 ;;      Temps:          0       0       0       0       0       0       0       0       0
 10525 ;;      Totals:         0       0       0       0       0       0       0       0       0
 10526 ;;Total ram usage:        0 bytes
 10527 ;; Hardware stack levels used: 1
 10528 ;; Hardware stack levels required when called: 2
 10529 ;; This function calls:
 10530 ;;		Nothing
 10531 ;; This function is called by:
 10532 ;;		_GPIO_Init
 10533 ;; This function uses a non-reentrant model
 10534 ;;
 10535                           
 10536                           	psect	text57
 10537   0024E4                     __ptext57:
 10538                           	callstack 0
 10539   0024E4                     _ADC_Init:
 10540                           	callstack 27
 10541   0024E4                     
 10542                           ;ADC.c: 6:     TRISAbits.TRISA0 = 1;
 10543   0024E4  8092               	bsf	146,0,c	;volatile
 10544                           
 10545                           ;ADC.c: 7:     TRISAbits.TRISA1 = 1;
 10546   0024E6  8292               	bsf	146,1,c	;volatile
 10547                           
 10548                           ;ADC.c: 8:     TRISAbits.TRISA2 = 1;
 10549   0024E8  8492               	bsf	146,2,c	;volatile
 10550                           
 10551                           ;ADC.c: 9:     TRISAbits.TRISA3 = 1;
 10552   0024EA  8692               	bsf	146,3,c	;volatile
 10553                           
 10554                           ;ADC.c: 10:     TRISAbits.TRISA5 = 1;
 10555   0024EC  8A92               	bsf	146,5,c	;volatile
 10556                           
 10557                           ;ADC.c: 11:     TRISEbits.TRISE0 = 1;
 10558   0024EE  8096               	bsf	150,0,c	;volatile
 10559                           
 10560                           ;ADC.c: 14:     ANSELAbits.ANSA0 = 1;
 10561   0024F0  010F               	movlb	15	; () banked
 10562   0024F2  815B               	bsf	91,0,b	;volatile
 10563                           
 10564                           ;ADC.c: 15:     ANSELAbits.ANSA1 = 1;
 10565   0024F4  835B               	bsf	91,1,b	;volatile
 10566                           
 10567                           ;ADC.c: 16:     ANSELAbits.ANSA2 = 1;
 10568   0024F6  855B               	bsf	91,2,b	;volatile
 10569                           
 10570                           ;ADC.c: 17:     ANSELAbits.ANSA3 = 1;
 10571   0024F8  875B               	bsf	91,3,b	;volatile
 10572                           
 10573                           ;ADC.c: 18:     ANSELAbits.ANSA5 = 1;
 10574   0024FA  8B5B               	bsf	91,5,b	;volatile
 10575                           
 10576                           ;ADC.c: 19:     ANSELEbits.ANSE0 = 1;
 10577   0024FC  815F               	bsf	95,0,b	;volatile
 10578                           
 10579                           ;ADC.c: 22:     ADCON1 = 0x00;
 10580   0024FE  6AC1               	clrf	193,c	;volatile
 10581   002500                     
 10582                           ; BSR set to: 15
 10583                           ;ADC.c: 25:     ADCON2 = 0b10010101;
 10584   002500  0E95               	movlw	149
 10585   002502  6EC0               	movwf	192,c	;volatile
 10586   002504                     
 10587                           ; BSR set to: 15
 10588                           ;ADC.c: 28:     ADCON0 = 0x00;
 10589   002504  6AC2               	clrf	194,c	;volatile
 10590   002506                     
 10591                           ; BSR set to: 15
 10592                           ;ADC.c: 29:     ADCON0bits.ADON = 1;
 10593   002506  80C2               	bsf	194,0,c	;volatile
 10594   002508                     
 10595                           ; BSR set to: 15
 10596                           ;ADC.c: 31:     _delay((unsigned long)((10)*(16000000UL/4000000.0)));
 10597   002508  0E0D               	movlw	13
 10598   00250A                     u4457:
 10599   00250A  2EE8               	decfsz	wreg,f,c
 10600   00250C  D7FE               	bra	u4457
 10601   00250E  0000               	nop	
 10602   002510  0012               	return		;funcret
 10603   002512                     __end_of_ADC_Init:
 10604                           	callstack 0
 10605                           
 10606 ;; *************** function _ISR *****************
 10607 ;; Defined at:
 10608 ;;		line 15 in file "Main.c"
 10609 ;; Parameters:    Size  Location     Type
 10610 ;;		None
 10611 ;; Auto vars:     Size  Location     Type
 10612 ;;  dato            1    2[COMRAM] unsigned char 
 10613 ;; Return value:  Size  Location     Type
 10614 ;;                  1    wreg      void 
 10615 ;; Registers used:
 10616 ;;		wreg, fsr2l, fsr2h, status,2, status,0, cstack
 10617 ;; Tracked objects:
 10618 ;;		On entry : 0/0
 10619 ;;		On exit  : 0/0
 10620 ;;		Unchanged: 0/0
 10621 ;; Data sizes:     COMRAM   BANK0   BANK1   BANK2   BANK3   BANK4   BANK5   BANK6   BANK7
 10622 ;;      Params:         0       0       0       0       0       0       0       0       0
 10623 ;;      Locals:         1       0       0       0       0       0       0       0       0
 10624 ;;      Temps:          2       0       0       0       0       0       0       0       0
 10625 ;;      Totals:         3       0       0       0       0       0       0       0       0
 10626 ;;Total ram usage:        3 bytes
 10627 ;; Hardware stack levels used: 1
 10628 ;; Hardware stack levels required when called: 1
 10629 ;; This function calls:
 10630 ;;		_Tmr0_Reset
 10631 ;; This function is called by:
 10632 ;;		Interrupt level 2
 10633 ;; This function uses a non-reentrant model
 10634 ;;
 10635                           
 10636                           	psect	intcode
 10637   000008                     __pintcode:
 10638                           	callstack 0
 10639   000008                     _ISR:
 10640                           	callstack 22
 10641                           
 10642                           ;incstack = 0
 10643   000008  825C               	bsf	int$flags,1,c	;set compiler interrupt flag (level 2)
 10644   00000A  CFD9 F001          	movff	fsr2l,??_ISR
 10645   00000E  CFDA F002          	movff	fsr2h,??_ISR+1
 10646   000012                     
 10647                           ;Main.c: 16:     if (PIR1bits.RCIF) {
 10648   000012  AA9E               	btfss	158,5,c	;volatile
 10649   000014  EF0E  F000         	goto	i2u361_41
 10650   000018  EF10  F000         	goto	i2u361_40
 10651   00001C                     i2u361_41:
 10652   00001C  EF25  F000         	goto	i2l4008
 10653   000020                     i2u361_40:
 10654   000020                     
 10655                           ;Main.c: 17:         uint8_t dato = RCREG1;
 10656   000020  CFAE F003          	movff	4014,ISR@dato	;volatile
 10657   000024                     
 10658                           ;Main.c: 18:         if (BufferIndex < 150u) Buffer[BufferIndex++] = dato;
 10659   000024  0E96               	movlw	150
 10660   000026  605A               	cpfslt	_BufferIndex^0,c	;volatile
 10661   000028  EF18  F000         	goto	i2u362_41
 10662   00002C  EF1A  F000         	goto	i2u362_40
 10663   000030                     i2u362_41:
 10664   000030  EF23  F000         	goto	i2l4006
 10665   000034                     i2u362_40:
 10666   000034  0E20               	movlw	low _Buffer
 10667   000036  245A               	addwf	_BufferIndex^0,w,c	;volatile
 10668   000038  6ED9               	movwf	fsr2l,c
 10669   00003A  6ADA               	clrf	fsr2h,c
 10670   00003C  0E01               	movlw	high _Buffer
 10671   00003E  22DA               	addwfc	fsr2h,f,c
 10672   000040  C003  FFDF         	movff	ISR@dato,indf2
 10673   000044  2A5A               	incf	_BufferIndex^0,f,c	;volatile
 10674   000046                     i2l4006:
 10675                           
 10676                           ;Main.c: 19:         Tmr0_Reset();
 10677   000046  ECAF  F013         	call	_Tmr0_Reset	;wreg free
 10678   00004A                     i2l4008:
 10679                           
 10680                           ;Main.c: 21:     if (INTCONbits.TMR0IF) {
 10681   00004A  A4F2               	btfss	242,2,c	;volatile
 10682   00004C  EF2A  F000         	goto	i2u363_41
 10683   000050  EF2C  F000         	goto	i2u363_40
 10684   000054                     i2u363_41:
 10685   000054  EF30  F000         	goto	i2l4014
 10686   000058                     i2u363_40:
 10687   000058                     
 10688                           ;Main.c: 22:         T0CONbits.TMR0ON = 0;
 10689   000058  9ED5               	bcf	213,7,c	;volatile
 10690                           
 10691                           ;Main.c: 23:         INTCONbits.TMR0IF = 0;
 10692   00005A  94F2               	bcf	242,2,c	;volatile
 10693   00005C                     
 10694                           ;Main.c: 24:         FlagBuffer = 1;
 10695   00005C  0E01               	movlw	1
 10696   00005E  6E59               	movwf	_FlagBuffer^0,c	;volatile
 10697   000060                     i2l4014:
 10698                           
 10699                           ;Main.c: 27:     if (PIE1bits.TMR1IE && PIR1bits.TMR1IF) {
 10700   000060  A09D               	btfss	157,0,c	;volatile
 10701   000062  EF35  F000         	goto	i2u364_41
 10702   000066  EF37  F000         	goto	i2u364_40
 10703   00006A                     i2u364_41:
 10704   00006A  EF45  F000         	goto	i2l129
 10705   00006E                     i2u364_40:
 10706   00006E  A09E               	btfss	158,0,c	;volatile
 10707   000070  EF3C  F000         	goto	i2u365_41
 10708   000074  EF3E  F000         	goto	i2u365_40
 10709   000078                     i2u365_41:
 10710   000078  EF45  F000         	goto	i2l129
 10711   00007C                     i2u365_40:
 10712   00007C                     
 10713                           ;Main.c: 28:         TMR1H = 0x63;
 10714   00007C  0E63               	movlw	99
 10715   00007E  6ECF               	movwf	207,c	;volatile
 10716                           
 10717                           ;Main.c: 29:         TMR1L = 0xC0;
 10718   000080  0EC0               	movlw	192
 10719   000082  6ECE               	movwf	206,c	;volatile
 10720   000084                     
 10721                           ;Main.c: 30:         PIR1bits.TMR1IF = 0;
 10722   000084  909E               	bcf	158,0,c	;volatile
 10723                           
 10724                           ;Main.c: 31:         Flag10ms = 1;
 10725   000086  0E01               	movlw	1
 10726   000088  6E5B               	movwf	_Flag10ms^0,c
 10727   00008A                     i2l129:
 10728   00008A  C002  FFDA         	movff	??_ISR+1,fsr2h
 10729   00008E  C001  FFD9         	movff	??_ISR,fsr2l
 10730   000092  925C               	bcf	int$flags,1,c	;clear compiler interrupt flag (level 2)
 10731   000094  0011               	retfie		f
 10732   000096                     __end_of_ISR:
 10733                           	callstack 0
 10734                           
 10735 ;; *************** function _Tmr0_Reset *****************
 10736 ;; Defined at:
 10737 ;;		line 17 in file "Timers.c"
 10738 ;; Parameters:    Size  Location     Type
 10739 ;;		None
 10740 ;; Auto vars:     Size  Location     Type
 10741 ;;		None
 10742 ;; Return value:  Size  Location     Type
 10743 ;;                  1    wreg      void 
 10744 ;; Registers used:
 10745 ;;		wreg, status,2
 10746 ;; Tracked objects:
 10747 ;;		On entry : 0/0
 10748 ;;		On exit  : 0/0
 10749 ;;		Unchanged: 0/0
 10750 ;; Data sizes:     COMRAM   BANK0   BANK1   BANK2   BANK3   BANK4   BANK5   BANK6   BANK7
 10751 ;;      Params:         0       0       0       0       0       0       0       0       0
 10752 ;;      Locals:         0       0       0       0       0       0       0       0       0
 10753 ;;      Temps:          0       0       0       0       0       0       0       0       0
 10754 ;;      Totals:         0       0       0       0       0       0       0       0       0
 10755 ;;Total ram usage:        0 bytes
 10756 ;; Hardware stack levels used: 1
 10757 ;; This function calls:
 10758 ;;		Nothing
 10759 ;; This function is called by:
 10760 ;;		_ISR
 10761 ;; This function uses a non-reentrant model
 10762 ;;
 10763                           
 10764                           	psect	text59
 10765   00275E                     __ptext59:
 10766                           	callstack 0
 10767   00275E                     _Tmr0_Reset:
 10768                           	callstack 22
 10769   00275E                     
 10770                           ;Timers.c: 18:     T0CONbits.TMR0ON = 0;
 10771   00275E  9ED5               	bcf	213,7,c	;volatile
 10772   002760                     
 10773                           ;Timers.c: 19:     TMR0H = 0x3C;
 10774   002760  0E3C               	movlw	60
 10775   002762  6ED7               	movwf	215,c	;volatile
 10776                           
 10777                           ;Timers.c: 20:     TMR0L = 0xB0;
 10778   002764  0EB0               	movlw	176
 10779   002766  6ED6               	movwf	214,c	;volatile
 10780   002768                     
 10781                           ;Timers.c: 21:     INTCONbits.TMR0IF = 0;
 10782   002768  94F2               	bcf	242,2,c	;volatile
 10783   00276A                     
 10784                           ;Timers.c: 22:     T0CONbits.TMR0ON = 1;
 10785   00276A  8ED5               	bsf	213,7,c	;volatile
 10786   00276C  0012               	return		;funcret
 10787   00276E                     __end_of_Tmr0_Reset:
 10788                           	callstack 0
 10789                           
 10790                           	psect	rparam
 10791   000001                     ___rparam_used  equ	1
 10792   000000                     ___param_bank   equ	0
 10793   000000                     __Lparam        equ	__Lrparam
 10794   000000                     __Hparam        equ	__Hrparam
 10795                           
 10796                           	psect	temp
 10797   00005C                     btemp:
 10798                           	callstack 0
 10799   00005C                     	ds	1
 10800   00005C                     int$flags       set	btemp
 10801   00005D                     wtemp8          set	btemp+1
 10802   00005D                     ttemp5          set	btemp+1
 10803   000060                     ttemp6          set	btemp+4
 10804   000064                     ttemp7          set	btemp+8
 10805                           
 10806                           	psect	config
 10807                           
 10808                           ;Config register CONFIG1L @ 0x300000
 10809                           ;	PLL Selection
 10810                           ;	PLLSEL = PLL3X, 3x clock multiplier
 10811                           ;	PLL Enable Configuration bit
 10812                           ;	CFGPLLEN = OFF, PLL Disabled (firmware controlled)
 10813                           ;	CPU System Clock Postscaler
 10814                           ;	CPUDIV = NOCLKDIV, CPU uses system clock (no divide)
 10815                           ;	Low Speed USB mode with 48 MHz system clock
 10816                           ;	LS48MHZ = SYS24X4, System clock at 24 MHz, USB clock divider is set to 4
 10817   300000                     	org	3145728
 10818   300000  01                 	db	1
 10819                           
 10820                           ;Config register CONFIG1H @ 0x300001
 10821                           ;	Oscillator Selection
 10822                           ;	FOSC = INTOSCIO, Internal oscillator
 10823                           ;	Primary Oscillator Shutdown
 10824                           ;	PCLKEN = ON, Primary oscillator enabled
 10825                           ;	Fail-Safe Clock Monitor
 10826                           ;	FCMEN = OFF, Fail-Safe Clock Monitor disabled
 10827                           ;	Internal/External Oscillator Switchover
 10828                           ;	IESO = OFF, Oscillator Switchover mode disabled
 10829   300001                     	org	3145729
 10830   300001  28                 	db	40
 10831                           
 10832                           ;Config register CONFIG2L @ 0x300002
 10833                           ;	Power-up Timer Enable
 10834                           ;	nPWRTEN = ON, Power up timer enabled
 10835                           ;	Brown-out Reset Enable
 10836                           ;	BOREN = SBORDIS, BOR enabled in hardware (SBOREN is ignored)
 10837                           ;	Brown-out Reset Voltage
 10838                           ;	BORV = 250, BOR set to 2.5V nominal
 10839                           ;	Low-Power Brown-out Reset
 10840                           ;	nLPBOR = OFF, Low-Power Brown-out Reset disabled
 10841   300002                     	org	3145730
 10842   300002  4E                 	db	78
 10843                           
 10844                           ;Config register CONFIG2H @ 0x300003
 10845                           ;	Watchdog Timer Enable bits
 10846                           ;	WDTEN = ON, WDT enabled in hardware (SWDTEN ignored)
 10847                           ;	Watchdog Timer Postscaler
 10848                           ;	WDTPS = 128, 1:128
 10849   300003                     	org	3145731
 10850   300003  1F                 	db	31
 10851                           
 10852                           ; Padding undefined space
 10853   300004                     	org	3145732
 10854   300004  FF                 	db	255
 10855                           
 10856                           ;Config register CONFIG3H @ 0x300005
 10857                           ;	CCP2 MUX bit
 10858                           ;	CCP2MX = RC1, CCP2 input/output is multiplexed with RC1
 10859                           ;	PORTB A/D Enable bit
 10860                           ;	PBADEN = OFF, PORTB<5:0> pins are configured as digital I/O on Reset
 10861                           ;	Timer3 Clock Input MUX bit
 10862                           ;	T3CMX = RC0, T3CKI function is on RC0
 10863                           ;	SDO Output MUX bit
 10864                           ;	SDOMX = RB3, SDO function is on RB3
 10865                           ;	Master Clear Reset Pin Enable
 10866                           ;	MCLRE = ON, MCLR pin enabled; RE3 input disabled
 10867   300005                     	org	3145733
 10868   300005  D1                 	db	209
 10869                           
 10870                           ;Config register CONFIG4L @ 0x300006
 10871                           ;	Stack Full/Underflow Reset
 10872                           ;	STVREN = ON, Stack full/underflow will cause Reset
 10873                           ;	Single-Supply ICSP Enable bit
 10874                           ;	LVP = ON, Single-Supply ICSP enabled if MCLRE is also 1
 10875                           ;	Dedicated In-Circuit Debug/Programming Port Enable
 10876                           ;	ICPRT = OFF, ICPORT disabled
 10877                           ;	Extended Instruction Set Enable bit
 10878                           ;	XINST = OFF, Instruction set extension and Indexed Addressing mode disabled
 10879                           ;	Background Debugger Enable bit
 10880                           ;	DEBUG = 0x1, unprogrammed default
 10881   300006                     	org	3145734
 10882   300006  85                 	db	133
 10883                           
 10884                           ; Padding undefined space
 10885   300007                     	org	3145735
 10886   300007  FF                 	db	255
 10887                           
 10888                           ;Config register CONFIG5L @ 0x300008
 10889                           ;	Block 0 Code Protect
 10890                           ;	CP0 = OFF, Block 0 is not code-protected
 10891                           ;	Block 1 Code Protect
 10892                           ;	CP1 = OFF, Block 1 is not code-protected
 10893                           ;	Block 2 Code Protect
 10894                           ;	CP2 = OFF, Block 2 is not code-protected
 10895                           ;	Block 3 Code Protect
 10896                           ;	CP3 = OFF, Block 3 is not code-protected
 10897   300008                     	org	3145736
 10898   300008  0F                 	db	15
 10899                           
 10900                           ;Config register CONFIG5H @ 0x300009
 10901                           ;	Boot Block Code Protect
 10902                           ;	CPB = OFF, Boot block is not code-protected
 10903                           ;	Data EEPROM Code Protect
 10904                           ;	CPD = OFF, Data EEPROM is not code-protected
 10905   300009                     	org	3145737
 10906   300009  C0                 	db	192
 10907                           
 10908                           ;Config register CONFIG6L @ 0x30000A
 10909                           ;	Block 0 Write Protect
 10910                           ;	WRT0 = OFF, Block 0 (0800-1FFFh) is not write-protected
 10911                           ;	Block 1 Write Protect
 10912                           ;	WRT1 = OFF, Block 1 (2000-3FFFh) is not write-protected
 10913                           ;	Block 2 Write Protect
 10914                           ;	WRT2 = OFF, Block 2 (04000-5FFFh) is not write-protected
 10915                           ;	Block 3 Write Protect
 10916                           ;	WRT3 = OFF, Block 3 (06000-7FFFh) is not write-protected
 10917   30000A                     	org	3145738
 10918   30000A  0F                 	db	15
 10919                           
 10920                           ;Config register CONFIG6H @ 0x30000B
 10921                           ;	Configuration Registers Write Protect
 10922                           ;	WRTC = OFF, Configuration registers (300000-3000FFh) are not write-protected
 10923                           ;	Boot Block Write Protect
 10924                           ;	WRTB = OFF, Boot block (0000-7FFh) is not write-protected
 10925                           ;	Data EEPROM Write Protect
 10926                           ;	WRTD = OFF, Data EEPROM is not write-protected
 10927   30000B                     	org	3145739
 10928   30000B  E0                 	db	224
 10929                           
 10930                           ;Config register CONFIG7L @ 0x30000C
 10931                           ;	Block 0 Table Read Protect
 10932                           ;	EBTR0 = OFF, Block 0 is not protected from table reads executed in other blocks
 10933                           ;	Block 1 Table Read Protect
 10934                           ;	EBTR1 = OFF, Block 1 is not protected from table reads executed in other blocks
 10935                           ;	Block 2 Table Read Protect
 10936                           ;	EBTR2 = OFF, Block 2 is not protected from table reads executed in other blocks
 10937                           ;	Block 3 Table Read Protect
 10938                           ;	EBTR3 = OFF, Block 3 is not protected from table reads executed in other blocks
 10939   30000C                     	org	3145740
 10940   30000C  0F                 	db	15
 10941                           
 10942                           ;Config register CONFIG7H @ 0x30000D
 10943                           ;	Boot Block Table Read Protect
 10944                           ;	EBTRB = OFF, Boot block is not protected from table reads executed in other blocks
 10945   30000D                     	org	3145741
 10946   30000D  40                 	db	64
 10947                           tosu	equ	0xFFF
 10948                           tosh	equ	0xFFE
 10949                           tosl	equ	0xFFD
 10950                           stkptr	equ	0xFFC
 10951                           pclatu	equ	0xFFB
 10952                           pclath	equ	0xFFA
 10953                           pcl	equ	0xFF9
 10954                           tblptru	equ	0xFF8
 10955                           tblptrh	equ	0xFF7
 10956                           tblptrl	equ	0xFF6
 10957                           tablat	equ	0xFF5
 10958                           prodh	equ	0xFF4
 10959                           prodl	equ	0xFF3
 10960                           indf0	equ	0xFEF
 10961                           postinc0	equ	0xFEE
 10962                           postdec0	equ	0xFED
 10963                           preinc0	equ	0xFEC
 10964                           plusw0	equ	0xFEB
 10965                           fsr0h	equ	0xFEA
 10966                           fsr0l	equ	0xFE9
 10967                           wreg	equ	0xFE8
 10968                           indf1	equ	0xFE7
 10969                           postinc1	equ	0xFE6
 10970                           postdec1	equ	0xFE5
 10971                           preinc1	equ	0xFE4
 10972                           plusw1	equ	0xFE3
 10973                           fsr1h	equ	0xFE2
 10974                           fsr1l	equ	0xFE1
 10975                           bsr	equ	0xFE0
 10976                           indf2	equ	0xFDF
 10977                           postinc2	equ	0xFDE
 10978                           postdec2	equ	0xFDD
 10979                           preinc2	equ	0xFDC
 10980                           plusw2	equ	0xFDB
 10981                           fsr2h	equ	0xFDA
 10982                           fsr2l	equ	0xFD9
 10983                           status	equ	0xFD8

Data Sizes:
    Strings     416
    Constant    169
    Data        0
    BSS         322
    Persistent  0
    Stack       0

Auto Spaces:
    Space          Size  Autos    Used
    COMRAM           94     81      91
    BANK0           160     25     155
    BANK1           256      0     182
    BANK2           256      0       0
    BANK3           256      0       0
    BANK4           256      0       0
    BANK5           256      0       0
    BANK6           256      0       0
    BANK7           256      0       0

Pointer List with Targets:

    f$.$buffer	PTR unsigned char  size(1) Largest target is 20
		 -> txt(BANK0[20]), 

    f$.$source	PTR const unsigned char  size(2) Largest target is 0

    fputc@fp	PTR struct _IO_FILE size(1) Largest target is 11
		 -> sprintf@f(COMRAM[11]), 

    fputc@fp$.$buffer	PTR unsigned char  size(1) Largest target is 20
		 -> txt(BANK0[20]), 

    fputc@fp$.$source	PTR const unsigned char  size(2) Largest target is 0

    Get_Comando@Data	PTR unsigned char  size(2) Largest target is 150
		 -> Buffer(BANK1[150]), 

    Respuestas_RS485@Mensaje	PTR unsigned char  size(2) Largest target is 21
		 -> STR_27(CODE[21]), STR_28(CODE[17]), STR_29(CODE[15]), STR_30(CODE[16]), 
		 -> STR_31(CODE[17]), STR_32(CODE[18]), STR_33(CODE[17]), STR_34(CODE[18]), 

    S2522$buffer	PTR unsigned char  size(1) Largest target is 20
		 -> txt(BANK0[20]), 

    S2522$source	PTR const unsigned char  size(2) Largest target is 0

    sprintf@ap	PTR void [1] size(1) Largest target is 2
		 -> ?_sprintf(COMRAM[2]), 

    sprintf@fmt	PTR const unsigned char  size(2) Largest target is 21
		 -> STR_19(CODE[3]), STR_21(CODE[21]), STR_23(CODE[15]), STR_25(CODE[15]), 

    sprintf@s	PTR unsigned char  size(1) Largest target is 20
		 -> txt(BANK0[20]), 

    Texto_IndexOf@texto	PTR unsigned char  size(2) Largest target is 150
		 -> Buffer(BANK1[150]), 

    Texto_IndexOf@valor	PTR unsigned char  size(2) Largest target is 15
		 -> STR_1(CODE[15]), STR_10(CODE[12]), STR_11(CODE[13]), STR_12(CODE[14]), 
		 -> STR_13(CODE[15]), STR_14(CODE[14]), STR_15(CODE[15]), STR_16(CODE[11]), 
		 -> STR_17(CODE[10]), STR_2(CODE[5]), STR_3(CODE[4]), STR_4(CODE[2]), 
		 -> STR_5(CODE[4]), STR_6(CODE[2]), STR_7(CODE[7]), STR_8(CODE[12]), 
		 -> STR_9(CODE[8]), 

    Texto_Length@texto	PTR unsigned char  size(2) Largest target is 150
		 -> Buffer(BANK1[150]), STR_1(CODE[15]), STR_10(CODE[12]), STR_11(CODE[13]), 
		 -> STR_12(CODE[14]), STR_13(CODE[15]), STR_14(CODE[14]), STR_15(CODE[15]), 
		 -> STR_16(CODE[11]), STR_17(CODE[10]), STR_2(CODE[5]), STR_3(CODE[4]), 
		 -> STR_4(CODE[2]), STR_5(CODE[4]), STR_6(CODE[2]), STR_7(CODE[7]), 
		 -> STR_8(CODE[12]), STR_9(CODE[8]), 

    UART_Print@cad	PTR const unsigned char  size(2) Largest target is 39
		 -> STR_18(CODE[36]), STR_20(CODE[2]), STR_22(CODE[2]), STR_24(CODE[2]), 
		 -> STR_26(CODE[3]), STR_27(CODE[21]), STR_28(CODE[17]), STR_29(CODE[15]), 
		 -> STR_30(CODE[16]), STR_31(CODE[17]), STR_32(CODE[18]), STR_33(CODE[17]), 
		 -> STR_34(CODE[18]), STR_35(CODE[39]), STR_36(CODE[3]), txt(BANK0[20]), 

    vfpfcnvrt@ap	PTR PTR void  size(1) Largest target is 1
		 -> sprintf@ap(COMRAM[1]), 

    vfpfcnvrt@cp	PTR unsigned char  size(2) Largest target is 21
		 -> STR_19(CODE[3]), STR_21(CODE[21]), STR_23(CODE[15]), STR_25(CODE[15]), 

    vfpfcnvrt@fmt	PTR PTR unsigned char  size(1) Largest target is 2
		 -> vfprintf@cfmt(COMRAM[2]), 

    vfpfcnvrt@fp	PTR struct _IO_FILE size(1) Largest target is 11
		 -> sprintf@f(COMRAM[11]), 

    vfprintf@ap	PTR PTR void  size(1) Largest target is 1
		 -> sprintf@ap(COMRAM[1]), 

    vfprintf@cfmt	PTR unsigned char  size(2) Largest target is 21
		 -> STR_19(CODE[3]), STR_21(CODE[21]), STR_23(CODE[15]), STR_25(CODE[15]), 

    vfprintf@fmt	PTR const unsigned char  size(2) Largest target is 21
		 -> STR_19(CODE[3]), STR_21(CODE[21]), STR_23(CODE[15]), STR_25(CODE[15]), 

    vfprintf@fp	PTR struct _IO_FILE size(1) Largest target is 11
		 -> sprintf@f(COMRAM[11]), 


Critical Paths under _main in COMRAM

    _Proceso_Heater->_Set_Rele
    _Set_Tiempo_Iny_Liquido->_Eeprom_Escribir
    _Set_Tiempo_Iny_Gas->_Eeprom_Escribir
    _Set_Tiempo_Damper->_Eeprom_Escribir
    _Set_Channel_Heater->_Eeprom_Escribir
    _Eeprom_Escribir->_Eeprom_Leer
    _Get_Tiempo_Iny_Liquido->_Eeprom_Leer
    _Get_Tiempo_Iny_Gas->_Eeprom_Leer
    _Get_Tiempo_Damper->_Eeprom_Leer
    _Get_Channel_Heater->_Eeprom_Leer
    _Proceso_ADC->_Ntc_LeerTemperatura
    _Ntc_LeerTemperatura->_Ntc_ConvertirX16
    _Ntc_ConvertirX16->___aldiv
    _Get_Comando->_Imprime_Estado
    _Ventilador_On->_Respuestas_RS485
    _Ventilador_Off->_Respuestas_RS485
    _Texto_IndexOf->_Texto_Length
    _Inyecta_Liquido->_Power_Rele
    _Inyecta_Gas->_Power_Rele
    _Imprime_Estado->_sprintf
    _sprintf->_vfprintf
    _vfprintf->_vfpfcnvrt
    _vfpfcnvrt->_abs
    _abs->___awmod
    _Evaporador_On->_Respuestas_RS485
    _Evaporador_Off->_Respuestas_RS485
    _Damper_Cerrar->_Power_Rele
    _Damper_Abrir->_Power_Rele
    _Respuestas_RS485->_UART_Print
    _UART_Print->_UART_Write
    _Armado_Cerrado->_Power_Rele
    ___fltol->___flmul
    ___flmul->___xxtofl
    _Power_Rele->___fltol

Critical Paths under _ISR in COMRAM

    None.

Critical Paths under _main in BANK0

    _main->_Get_Comando

Critical Paths under _ISR in BANK0

    None.

Critical Paths under _main in BANK1

    None.

Critical Paths under _ISR in BANK1

    None.

Critical Paths under _main in BANK2

    None.

Critical Paths under _ISR in BANK2

    None.

Critical Paths under _main in BANK3

    None.

Critical Paths under _ISR in BANK3

    None.

Critical Paths under _main in BANK4

    None.

Critical Paths under _ISR in BANK4

    None.

Critical Paths under _main in BANK5

    None.

Critical Paths under _ISR in BANK5

    None.

Critical Paths under _main in BANK6

    None.

Critical Paths under _ISR in BANK6

    None.

Critical Paths under _main in BANK7

    None.

Critical Paths under _ISR in BANK7

    None.

Call Graph Tables:

 ---------------------------------------------------------------------------------
 (Depth) Function   	        Calls       Base Space   Used Autos Params    Refs
 ---------------------------------------------------------------------------------
 (0) _main                                                 1     1      0   23421
                                             80 COMRAM     1     1      0
                          _GPIO_Init
                        _Get_Comando
                        _Proceso_ADC
                   _Proceso_Arranque
                     _Proceso_Heater
                       _Proceso_Rele
                         _Refresh_In
                          _Tmr0_Init
                          _Tmr1_Init
                 _Tmr_Oscilador_Init
                          _UART_Init
 ---------------------------------------------------------------------------------
 (1) _UART_Init                                            0     0      0       0
 ---------------------------------------------------------------------------------
 (1) _Tmr_Oscilador_Init                                   0     0      0       0
 ---------------------------------------------------------------------------------
 (1) _Tmr1_Init                                            0     0      0       0
 ---------------------------------------------------------------------------------
 (1) _Tmr0_Init                                            0     0      0       0
 ---------------------------------------------------------------------------------
 (1) _Refresh_In                                           4     4      0     134
                                              3 COMRAM     4     4      0
 ---------------------------------------------------------------------------------
 (1) _Proceso_Rele                                         6     6      0     178
                                              3 COMRAM     6     6      0
 ---------------------------------------------------------------------------------
 (1) _Proceso_Heater                                       0     0      0     259
                           _Set_Rele
 ---------------------------------------------------------------------------------
 (1) _Proceso_Arranque                                     0     0      0    3826
                     _Armado_Cerrado
                    _Eeprom_Escribir
                        _Eeprom_Leer
                 _Get_Channel_Heater
                  _Get_Tiempo_Damper
                 _Get_Tiempo_Iny_Gas
             _Get_Tiempo_Iny_Liquido
                 _Set_Channel_Heater
                  _Set_Tiempo_Damper
                 _Set_Tiempo_Iny_Gas
             _Set_Tiempo_Iny_Liquido
 ---------------------------------------------------------------------------------
 (2) _Set_Tiempo_Iny_Liquido                               2     0      2     229
                                              7 COMRAM     2     0      2
                    _Eeprom_Escribir
 ---------------------------------------------------------------------------------
 (2) _Set_Tiempo_Iny_Gas                                   2     0      2     229
                                              7 COMRAM     2     0      2
                    _Eeprom_Escribir
 ---------------------------------------------------------------------------------
 (2) _Set_Tiempo_Damper                                    2     0      2     229
                                              7 COMRAM     2     0      2
                    _Eeprom_Escribir
 ---------------------------------------------------------------------------------
 (2) _Set_Channel_Heater                                   1     1      0     220
                                              7 COMRAM     1     1      0
                    _Eeprom_Escribir
 ---------------------------------------------------------------------------------
 (3) _Eeprom_Escribir                                      3     2      1     162
                                              4 COMRAM     3     2      1
                        _Eeprom_Leer
 ---------------------------------------------------------------------------------
 (2) _Get_Tiempo_Iny_Liquido                               7     5      2      75
                                              4 COMRAM     7     5      2
                        _Eeprom_Leer
 ---------------------------------------------------------------------------------
 (2) _Get_Tiempo_Iny_Gas                                   7     5      2      75
                                              4 COMRAM     7     5      2
                        _Eeprom_Leer
 ---------------------------------------------------------------------------------
 (2) _Get_Tiempo_Damper                                    7     5      2      75
                                              4 COMRAM     7     5      2
                        _Eeprom_Leer
 ---------------------------------------------------------------------------------
 (2) _Get_Channel_Heater                                   1     1      0      52
                                              4 COMRAM     1     1      0
                        _Eeprom_Leer
 ---------------------------------------------------------------------------------
 (4) _Eeprom_Leer                                          1     1      0      29
                                              3 COMRAM     1     1      0
 ---------------------------------------------------------------------------------
 (1) _Proceso_ADC                                          0     0      0    1061
                           _ADC_Leer
                _Ntc_LeerTemperatura
 ---------------------------------------------------------------------------------
 (2) _Ntc_LeerTemperatura                                  8     6      2    1003
                                             44 COMRAM     8     6      2
                           _ADC_Leer
                   _Ntc_ConvertirX16
 ---------------------------------------------------------------------------------
 (3) _Ntc_ConvertirX16                                    27    25      2     801
                                             17 COMRAM    27    25      2
                            ___aldiv
                             ___lmul
 ---------------------------------------------------------------------------------
 (4) ___lmul                                              12     4      8      94
                                              3 COMRAM    12     4      8
 ---------------------------------------------------------------------------------
 (4) ___aldiv                                             14     6      8     304
                                              3 COMRAM    14     6      8
 ---------------------------------------------------------------------------------
 (3) _ADC_Leer                                             5     3      2      58
                                              3 COMRAM     5     3      2
 ---------------------------------------------------------------------------------
 (1) _Get_Comando                                         25    23      2   17864
                                              0 BANK0     25    23      2
                        _Armado_Stop
                       _Damper_Abrir
                      _Damper_Cerrar
                     _Evaporador_Off
                      _Evaporador_On
                     _Imprime_Estado
                        _Inyecta_Gas
                    _Inyecta_Liquido
                         _Power_Rele
                      _Texto_IndexOf
                     _Ventilador_Off
                      _Ventilador_On
 ---------------------------------------------------------------------------------
 (2) _Ventilador_On                                        0     0      0     374
                   _Respuestas_RS485
                           _Set_Rele
 ---------------------------------------------------------------------------------
 (2) _Ventilador_Off                                       0     0      0     374
                   _Respuestas_RS485
                           _Set_Rele
 ---------------------------------------------------------------------------------
 (2) _Texto_IndexOf                                       19    15      4     509
                                              7 COMRAM    19    15      4
                       _Texto_Length
 ---------------------------------------------------------------------------------
 (3) _Texto_Length                                         4     2      2      49
                                              3 COMRAM     4     2      2
 ---------------------------------------------------------------------------------
 (2) _Inyecta_Liquido                                      3     3      0    2590
                                             55 COMRAM     3     3      0
                         _Power_Rele
                   _Respuestas_RS485
                            ___flmul
                            ___fltol
                           ___xxtofl
 ---------------------------------------------------------------------------------
 (2) _Inyecta_Gas                                          3     3      0    2590
                                             55 COMRAM     3     3      0
                         _Power_Rele
                   _Respuestas_RS485
                            ___flmul
                            ___fltol
                           ___xxtofl
 ---------------------------------------------------------------------------------
 (2) _Imprime_Estado                                      13    13      0    2149
                                             67 COMRAM    13    13      0
                         _UART_Print
                            _sprintf
 ---------------------------------------------------------------------------------
 (3) _sprintf                                             37    14     23    1766
                                             32 COMRAM    35    12     23
                           _vfprintf
 ---------------------------------------------------------------------------------
 (4) _vfprintf                                             6     2      4    1559
                                             26 COMRAM     6     2      4
                          _vfpfcnvrt
 ---------------------------------------------------------------------------------
 (5) _vfpfcnvrt                                           13    10      3    1434
                                             13 COMRAM    13    10      3
                            ___awdiv
                            ___awmod
                                _abs
                              _fputc
 ---------------------------------------------------------------------------------
 (6) _fputc                                                8     5      3     230
                                              3 COMRAM     8     5      3
                              _putch
 ---------------------------------------------------------------------------------
 (7) _putch                                                1     1      0       0
 ---------------------------------------------------------------------------------
 (6) _abs                                                  4     2      2      67
                                              9 COMRAM     4     2      2
                            ___awmod (ARG)
 ---------------------------------------------------------------------------------
 (6) ___awmod                                              6     2      4     298
                                              3 COMRAM     6     2      4
 ---------------------------------------------------------------------------------
 (6) ___awdiv                                              8     4      4     302
                                              3 COMRAM     8     4      4
 ---------------------------------------------------------------------------------
 (2) _Evaporador_On                                        0     0      0     374
                   _Respuestas_RS485
                           _Set_Rele
 ---------------------------------------------------------------------------------
 (2) _Evaporador_Off                                       0     0      0     374
                   _Respuestas_RS485
                           _Set_Rele
 ---------------------------------------------------------------------------------
 (2) _Damper_Cerrar                                        0     0      0    2566
                         _Power_Rele
                   _Respuestas_RS485
                            ___flmul
                            ___fltol
                           ___xxtofl
 ---------------------------------------------------------------------------------
 (2) _Damper_Abrir                                         0     0      0     510
                         _Power_Rele
                   _Respuestas_RS485
 ---------------------------------------------------------------------------------
 (3) _Respuestas_RS485                                     3     1      2     115
                                              6 COMRAM     3     1      2
                         _UART_Print
 ---------------------------------------------------------------------------------
 (4) _UART_Print                                           2     0      2      85
                                              4 COMRAM     2     0      2
                         _UART_Write
 ---------------------------------------------------------------------------------
 (5) _UART_Write                                           1     1      0      29
                                              3 COMRAM     1     1      0
 ---------------------------------------------------------------------------------
 (2) _Armado_Stop                                          0     0      0    2710
                     _Armado_Cerrado
                           _Set_Rele
 ---------------------------------------------------------------------------------
 (2) _Set_Rele                                             2     1      1     259
                                              3 COMRAM     2     1      1
 ---------------------------------------------------------------------------------
 (2) _Armado_Cerrado                                       0     0      0    2451
                         _Power_Rele
                            ___flmul
                            ___fltol
                           ___xxtofl
 ---------------------------------------------------------------------------------
 (3) ___xxtofl                                            14    10      4     343
                                              3 COMRAM    14    10      4
 ---------------------------------------------------------------------------------
 (3) ___fltol                                             10     6      4     235
                                             42 COMRAM    10     6      4
                            ___flmul (ARG)
                           ___xxtofl (ARG)
 ---------------------------------------------------------------------------------
 (3) ___flmul                                             25    17      8    1478
                                             17 COMRAM    25    17      8
                           ___xxtofl (ARG)
 ---------------------------------------------------------------------------------
 (3) _Power_Rele                                           3     1      2     395
                                             52 COMRAM     3     1      2
                            ___flmul (ARG)
                            ___fltol (ARG)
                            ___lwdiv
                           ___xxtofl (ARG)
 ---------------------------------------------------------------------------------
 (4) ___lwdiv                                              7     3      4     164
                                              3 COMRAM     7     3      4
 ---------------------------------------------------------------------------------
 (1) _GPIO_Init                                            0     0      0       0
                           _ADC_Init
 ---------------------------------------------------------------------------------
 (2) _ADC_Init                                             0     0      0       0
 ---------------------------------------------------------------------------------
 Estimated maximum stack depth 7
 ---------------------------------------------------------------------------------
 (Depth) Function   	        Calls       Base Space   Used Autos Params    Refs
 ---------------------------------------------------------------------------------
 (8) _ISR                                                  3     3      0      23
                                              0 COMRAM     3     3      0
                         _Tmr0_Reset
 ---------------------------------------------------------------------------------
 (9) _Tmr0_Reset                                           0     0      0       0
 ---------------------------------------------------------------------------------
 Estimated maximum stack depth 9
 ---------------------------------------------------------------------------------

 Call Graph Graphs:

 _main (ROOT)
   _GPIO_Init
     _ADC_Init
   _Get_Comando
     _Armado_Stop
       _Armado_Cerrado
         _Power_Rele
           ___flmul (ARG)
             ___xxtofl (ARG)
           ___fltol (ARG)
             ___flmul (ARG)
             ___xxtofl (ARG)
           ___lwdiv (ARG)
           ___xxtofl (ARG)
         ___flmul
         ___fltol
         ___xxtofl
       _Set_Rele
     _Damper_Abrir
       _Power_Rele
       _Respuestas_RS485
         _UART_Print
           _UART_Write
     _Damper_Cerrar
       _Power_Rele
       _Respuestas_RS485
       ___flmul
       ___fltol
       ___xxtofl
     _Evaporador_Off
       _Respuestas_RS485
       _Set_Rele
     _Evaporador_On
       _Respuestas_RS485
       _Set_Rele
     _Imprime_Estado
       _UART_Print
       _sprintf
         _vfprintf
           _vfpfcnvrt
             ___awdiv
             ___awmod
             _abs
               ___awmod (ARG)
             _fputc
               _putch
     _Inyecta_Gas
       _Power_Rele
       _Respuestas_RS485
       ___flmul
       ___fltol
       ___xxtofl
     _Inyecta_Liquido
       _Power_Rele
       _Respuestas_RS485
       ___flmul
       ___fltol
       ___xxtofl
     _Power_Rele
     _Texto_IndexOf
       _Texto_Length
     _Ventilador_Off
       _Respuestas_RS485
       _Set_Rele
     _Ventilador_On
       _Respuestas_RS485
       _Set_Rele
   _Proceso_ADC
     _ADC_Leer
     _Ntc_LeerTemperatura
       _ADC_Leer
       _Ntc_ConvertirX16
         ___aldiv
         ___lmul
   _Proceso_Arranque
     _Armado_Cerrado
     _Eeprom_Escribir
       _Eeprom_Leer
     _Eeprom_Leer
     _Get_Channel_Heater
       _Eeprom_Leer
     _Get_Tiempo_Damper
       _Eeprom_Leer
     _Get_Tiempo_Iny_Gas
       _Eeprom_Leer
     _Get_Tiempo_Iny_Liquido
       _Eeprom_Leer
     _Set_Channel_Heater
       _Eeprom_Escribir
     _Set_Tiempo_Damper
       _Eeprom_Escribir
     _Set_Tiempo_Iny_Gas
       _Eeprom_Escribir
     _Set_Tiempo_Iny_Liquido
       _Eeprom_Escribir
   _Proceso_Heater
     _Set_Rele
   _Proceso_Rele
   _Refresh_In
   _Tmr0_Init
   _Tmr1_Init
   _Tmr_Oscilador_Init
   _UART_Init

 _ISR (ROOT)
   _Tmr0_Reset

Address spaces:
Name               Size   Autos  Total    Usage
BIGRAM            2047      0       0      0.0%
BITBANK7           256      0       0      0.0%
BANK7              256      0       0      0.0%
BITBANK6           256      0       0      0.0%
BANK6              256      0       0      0.0%
BITBANK5           256      0       0      0.0%
BANK5              256      0       0      0.0%
BITBANK4           256      0       0      0.0%
BANK4              256      0       0      0.0%
BITBANK3           256      0       0      0.0%
BANK3              256      0       0      0.0%
BITBANK2           256      0       0      0.0%
BANK2              256      0       0      0.0%
BITBANK1           256      0       0      0.0%
BANK1              256      0     182     71.1%
BITBIGSFRh         160      0       0      0.0%
BITBANK0           160      0       0      0.0%
BANK0              160     25     155     96.9%
BITCOMRAM           94      0       0      0.0%
COMRAM              94     81      91     96.8%
BITBIGSFRll          8      0       0      0.0%
BITBIGSFRlh          3      0       0      0.0%
STACK                0      0       0      0.0%
DATA                 0      0     427      0.0%


Microchip Technology PIC18 Macro Assembler V3.00 build 20241204225717 
Symbol Table                                                                                   Sun Sep 27 14:15:53 2026

        Get_Comando@Tiempo_1438 00EE                    ___awdiv@sign 0009                             l202 274A  
                           l220 197A                             l212 1918                             l221 1988  
                           l230 177E                             l222 1996                             l214 1926  
                           l231 1784                             l215 1934                             l223 19FA  
                           l232 178A                             l216 1942                             l400 2726  
                           l208 2722                             l233 1790                             l217 1950  
                           l137 2074                             l234 1796                             l218 195E  
                           l250 1428                             l138 209E                             l235 179C  
                           l219 196C                             l403 2738                             l251 142E  
                           l236 17A2                             l228 1778                             l252 1434  
                           l237 17A8                             l413 232C                             l253 143A  
                           l238 17AE                             l414 2366                             l254 1440  
                           l239 180A                             l415 236E                             l255 1446  
                           l247 141C                             l256 144C                             l264 1B74  
                           l409 231E                             l257 1452                             l249 1422  
                           l418 13B2                             l258 14EE                             l427 13B6  
                           l603 21F0                             l460 03A6                             l452 0344  
                           l196 269E                             l461 03B4                             l526 25BE  
                           l462 03C2                             l454 0352                             l455 0360  
                           l199 26AC                             l456 036E                             l448 0320  
                           l457 037C                             l449 033C                             l801 2640  
                           l458 038A                             l474 0636                             l810 2174  
                           l459 0398                             l571 23B8                             l811 2172  
                           l572 239E                             l804 265A                             l812 2182  
                           l821 2594                             l397 25E2                             l582 1E20  
                           l830 275C                             l567 2510                             l815 2402  
                           l479 10B0                             l591 0CFC                             l583 1E24  
                           l807 2138                             l824 253C                             l808 2186  
                           l921 15F8                             l833 263C                             l753 1F74  
                           l818 2778                             l771 1C54                             l827 2568  
                           l756 1702                             l780 1D7A                             l836 2600  
                           l853 224A                             l774 1CCE                             l854 225A  
                           l759 2678                             l783 2694                             l839 261E  
                           l792 270C                             l768 2014                             l777 1D00  
                           l786 22C0                             l795 26C4                             l789 26F4  
                           l798 26DC                             _ISR 0008                             _PPM 00B2  
               ??_Ventilador_On 000A                             _abs 247E                             _txt 00CE  
                  ___awmod@sign 0009                             wreg 0FE8                      _TXSTA1bits 0FAC  
           __end_of_Get_Comando 0638                    ___flmul@aexp 0023                    ___flmul@bexp 0024  
               ??_Texto_IndexOf 000C                    ___flmul@sign 001E                    ___flmul@temp 0029  
                  ___flmul@prod 0025                            ?_ISR 0001                    ___fltol@exp1 0034  
                          ?_abs 000A                            l3000 0D68                            l1073 1ABC  
                          l3010 0E02                            l3002 0D84                            l1139 1910  
                          l1340 211A                            l1500 1264                            l3020 0E60  
                          l3012 0E1E                            l3004 0D9C                            l3100 1532  
                          l1333 2112                            l1086 1C22                            l3022 0E76  
                          l3014 0E30                            l3006 0DB6                            l3110 1570  
                          l3102 1536                            l1511 11FC                            l3040 1722  
                          l3200 0808                            l1504 11A0                            l3024 0E94  
                          l3016 0E40                            l3008 0DCE                            l3032 0EBC  
                          l1520 247C                            l3120 15B8                            l3112 157E  
                          l3104 1546                            l3050 1768                            l3042 1732  
                          l3210 08AC                            l3202 0824                            l3018 0E50  
                          l3026 0E96                            l3122 15C2                            l3114 1588  
                          l3106 155C                            l3044 1742                            l3220 0902  
                          l3212 08BA                            l3204 0830                            l1460 0A5C  
                          l3140 0664                            l3132 0638                            l3300 1900  
                          l3060 22EA                            l3028 0EAC                            l3116 15A6  
                          l3108 1564                            l3124 15C8                            l3054 17B4  
                          l3046 1744                            l3038 1706                            l3230 0984  
                          l3222 0920                            l3214 08D8                            l3206 084C  
                          l3150 06A0                            l3142 0674                            l3134 0644  
                          l3310 1118                            l3062 22EE                            l3126 15D8  
                          l3118 15B6                            l3070 2654                            l1463 08F2  
                          l3048 1754                            l3240 09EE                            l3232 0992  
                          l3224 094E                            l1464 0910                            l3216 08E2  
                          l3208 0876                            l1456 06FC                            l3160 06D6  
                          l3152 06A6                            l3144 0684                            l3136 0652  
                          l3320 1156                            l3312 112E                            l3304 10B4  
                          l3056 22C2                            l3128 15E8                            l3080 2202  
                          l3072 2656                            l3064 2640                            l1473 0A1E  
                          l1465 0968                            l3250 0A40                            l3242 0A08  
                          l3234 09BC                            l1466 0956                            l3218 08F0  
                          l3162 06E6                            l3154 06B4                            l3146 068A  
                          l3138 0654                            l3330 11DE                            l3322 1188  
                          l3306 10C4                            l3058 22C6                            l3090 14F2  
                          l3082 2210                            l3410 0AC4                            l3402 0A80  
                          l3074 2658                            l3066 264E                            l1571 24B0  
                          l3252 0A42                            l3244 0A18                            l3228 0978  
                          l3236 09C0                            l3180 0768                            l3172 0730  
                          l3164 06EC                            l3156 06B6                            l3148 069A  
                          l3260 180C                            l3340 1234                            l3332 11EC  
                          l3324 118A                            l3316 1142                            l3308 10D2  
                          l1564 2444                            l3500 0F42                            l4300 0184  
                          l3092 1500                            l3084 2220                            l3420 0AFE  
                          l3404 0A96                            l3068 2652                            l3246 0A22  
                          l3254 0A48                            l3238 09DA                            l3190 07B2  
                          l3182 0780                            l3174 073C                            l3166 070C  
                          l3158 06C6                            l3270 1862                            l3262 1822  
                          l3342 1244                            l3334 120A                            l3326 1196  
                          l3318 114A                            l1558 0EDE                            l3350 2404  
                          l3510 0F78                            l3502 0F4E                            l4302 0194  
                          l4310 01DA                            l3094 1510                            l3086 222A  
                          l3078 21F2                            l3430 0C60                            l3422 0B06  
                          l3414 0AD0                            l1583 1ECE                            l3256 0A4C  
                          l3248 0A32                            l3192 07C2                            l3184 078C  
                          l3176 0746                            l3168 071C                            l3272 1872  
                          l3344 1252                            l3336 120C                            l3328 11D2  
                          l3360 1914                            l1568 2498                            l3352 2410  
                          l3520 0FFA                            l3512 0F82                            l4400 0572  
                          l4320 024E                            l4312 01F8                            l4304 01A0  
                          l3096 1514                            l3088 14F0                            l3432 0C9C  
                          l3424 0B08                            l3416 0AF2                            l3408 0AA2  
                          l3600 218A                            l3440 2148                            l1497 1108  
                          l3194 07CE                            l3186 0798                            l3178 075C  
                          l3282 189C                            l3274 1876                            l3266 1836  
                          l3346 1254                            l3338 1210                            l1594 277A  
                          l3354 2420                            l3530 109E                            l3522 1004  
                          l3514 0F86                            l3370 2336                            l4410 05C2  
                          l4402 0576                            l4330 0278                            l4322 0258  
                          l4306 01B0                            l4314 0206                            l3098 1522  
                          l3426 0B32                            l3610 21A2                            l3602 2192  
                          l3450 215C                            l3442 2150                            l3196 07DE  
                          l3188 07A6                            l3292 18C4                            l3284 18A6  
                          l3276 1884                            l3268 1860                            l3364 19A4  
                          l3460 23CC                            l2900 1A9C                            l3356 243C  
                          l3380 2472                            l3372 2446                            l3532 10AE  
                          l3524 1010                            l3516 0FA2                            l3508 0F56  
                          l3540 1C50                            l4420 0606                            l4412 05D2  
                          l4404 0592                            l4340 02BC                            l4332 028A  
                          l4324 025A                            l4316 0222                            l4308 01D6  
                          l3428 0BF6                            l3620 21CC                            l3612 21B6  
                          l3452 216C                            l3444 2152                            l3436 211E  
                          l3700 25DA                            l3198 07F8                            l3294 18D0  
                          l3286 18B0                            l3454 15FA                            l3462 23D8  
                          l2902 1AAC                            l2910 1B78                            l3374 244E  
                          l3526 105E                            l3518 0FAE                            l3550 1CEA  
                          l3542 1C6A                            l3534 1C24                            l3366 2320  
                          l3470 1266                            l4422 0622                            l4414 05D6  
                          l4406 05A2                            l4350 0322                            l4342 02C8  
                          l4334 028C                            l4326 025C                            l4318 0232  
                          l4270 009A                            l3390 239C                            l3622 21DC  
                          l3446 2156                            l3630 2620                            l3710 2746  
                          l3702 25DC                            l4430 202C                            l3296 18E0  
                          l3464 23E4                            l3456 23BA                            l3560 2688  
                          l2904 1AB4                            l2920 1BA8                            l2912 1B86  
                          l3376 2456                            l3528 1092                            l3552 1CFC  
                          l3544 1CC2                            l3536 1C32                            l3368 232E  
                          l3480 12F8                            l3472 128E                            l4424 0632  
                          l4416 05F2                            l4408 05A6                            l4352 0334  
                          l4344 02D8                            l4336 029C                            l4328 0268  
                          l4360 0426                            l4280 010A                            l4272 00BC  
                          l3392 23AC                            l3384 2372                            l3616 21C2  
                          l3608 2194                            l3448 215A                            l3632 2634  
                          l3640 25F8                            l3712 2748                            l3720 271E  
                          l3704 25DE                            l4440 2052                            l4432 202E  
                          l3298 18F0                            l3466 23F0                            l3458 23BC  
                          l3562 225C                            l3570 26F6                            l2930 1BEE  
                          l2922 1BBA                            l2914 1B8E                            l3378 245E  
                          l3554 1D16                            l3546 1CD0                            l3538 1C3E  
                          l3490 1378                            l3482 133C                            l3474 12AC  
                          l4418 0602                            l4370 0482                            l4362 0442  
                          l4354 033E                            l4338 02AC                            l4346 02FE  
                          l4290 0140                            l4282 0126                            l4274 00DE  
                          l3386 2382                            l3618 21CA                            l3642 276E  
                          l3650 258C                            l3626 274E                            l3634 2602  
                          l3722 2720                            l3714 270E                            l3706 25E0  
                          l4450 2064                            l4434 2030                            l4426 2016  
                          l3468 2400                            l3564 22B4                            l3572 2700  
                          l2940 1C1A                            l2932 1BF6                            l2924 1BC2  
                          l2916 1B92                            l2908 1B76                            l3556 1D6E  
                          l3548 1CDE                            l3484 1344                            l3492 1384  
                          l3476 12B8                            l3580 26D0                            l4380 04D2  
                          l4372 0486                            l4364 0452                            l4348 0302  
                          l4292 0150                            l4284 0130                            l4276 00DE  
                          l3388 238A                            l3396 0A5E                            l3900 1D80  
                          l3644 2776                            l3660 253E                            l3628 2758  
                          l3636 2616                            l3740 1B58                            l3732 1B18  
                          l3724 1ABE                            l3708 273A                            l3716 2710  
                          l4460 2094                            l4452 2078                            l4436 2034  
                          l4428 202A                            l3590 24E4                            l3582 265C  
                          l3558 267A                            l3566 26DE                            l2870 1A14  
                          l2934 1BFC                            l2926 1BCA                            l2918 1BA0  
                          l2950 1E50                            l3486 1348                            l3478 12E4  
                          l3494 1388                            l3574 26AE                            l4390 0516  
                          l4382 04E2                            l4374 04A2                            l4366 0456  
                          l4358 03D0                            l4294 0162                            l4286 0132  
                          l4278 00FA                            l3398 0A74                            l3910 1DCC  
                          l3902 1D90                            l3662 2560                            l3654 2512  
                          l3638 25E4                            l3734 1B3A                            l3726 1B10  
                          l3718 271C                            l4462 2098                            l4454 2088  
                          l4446 2054                            l4438 2044                            l3592 2500  
                          l3680 25AE                            l3584 2660                            l3568 26E8  
                          l2880 1A3A                            l2872 1A18                            l2864 19FC  
                          l2928 1BD8                            l2936 1C02                            l2960 248C  
                          l2952 1E6C                            l2944 1E26                            l3496 0EE0  
                          l3488 1366                            l3576 26B8                            l4392 0532  
                          l4384 04E6                            l4376 04B2                            l4368 0472  
                          l4296 0164                            l4288 0134                            l3920 1E0E  
                          l3912 1DDE                            l3904 1DA0                            l3648 256A  
                          l3656 2534                            l3736 1B4E                            l4464 209C  
                          l4456 208C                            l4448 2062                            l3594 2504  
                          l3690 25B8                            l3682 25B0                            l2970 20C2  
                          l3586 266A                            l2962 2726                            l2890 1A70  
                          l2882 1A4C                            l2874 1A26                            l2866 19FE  
                          l2938 1C12                            l2954 1E9E                            l2946 1E36  
                          l3498 0F30                            l3578 26C6                            l4394 0542  
                          l4386 0502                            l4378 04B6                            l4298 0174  
                          l3922 1E1E                            l3914 1DEC                            l3906 1DAE  
                          l3930 13C0                            l3738 1B54                            l3674 2696  
                          l4458 2090                            l3596 2506                            l3692 25BA  
                          l3684 25B2                            l3676 2596                            l2980 20FC  
                          l2972 20CA                            l3588 2674                            l2964 2734  
                          l2892 1A86                            l2884 1A54                            l2876 1A2E  
                          l2868 1A0C                            l2948 1E46                            l4396 0546  
                          l4388 0512                            l3916 1DFE                            l3908 1DBE  
                          l3940 1458                            l3932 13D8                            l3924 13B8  
                          l3598 2508                            l3686 25B4                            l3678 25A2  
                          l2982 2104                            l2974 20D2                            l2966 20A8  
                          l2894 1A8E                            l2886 1A5C                            l2878 1A32  
                          l2958 247E                            l2990 0D20                            l4398 0562  
                          l3918 1E0C                            l4486 146E                            l3942 14C4  
                          l3934 13EA                            l3694 25C0                            l3688 25B6  
                          l2984 2106                            l2976 20E0                            l2968 20B0  
                          l2896 1A90                            l2888 1A6A                            l2992 0D2C  
                          l3960 1F0A                            l3952 1ED0                            l3944 14CE  
                          l3696 25D0                            l2986 210C                            l2978 20E6  
                          l2898 1A96                            l2994 0D3A                            l3970 1F62  
                          l3962 1F38                            l3954 1EE0                            l3946 14D2  
                          l3698 25D8                            l2996 0D3E                            l2988 0CFE  
                          l3964 1F3E                            l3972 1F6C                            l3956 1EE4  
                          l3980 1F8A                            l2998 0D4C                            l3974 1F70  
                          l3966 1F4A                            l3958 1EF4                            l3990 1FF8  
                          l3982 1F9A                            l3968 1F56                            l3992 2006  
                          l3984 1FB6                            l3976 1F76                            l3898 1D7C  
                          l3994 2010                            l3986 1FCA                            l3978 1F86  
                          l3988 1FE8                            STR_1 7F49                            STR_2 7FEA  
                          STR_3 7FF3                            STR_4 7FFA                            STR_5 7FEF  
                          STR_6 7FFA                            STR_7 7FE3                            STR_8 7FBA  
                          STR_9 7FDB                            u2000 1E36                            u2001 1E32  
                          u2010 1E46                            u2011 1E42                            u2020 1E6C  
                          u2100 0D68                            u2021 1E68                            u2101 0D64  
                          u2030 1E9E                            u2110 0D84                            u2031 1E9A  
                          u2111 0D80                            u2200 1742                            u2040 248C  
                          u2120 0DCA                            u3000 1D16                            u2201 173E  
                          u2041 2488                            u2121 0DC4                            u3001 1D12  
                          u2050 2734                            u2210 22E6                            u2130 0DCC  
                          u3010 21B6                            u2051 2730                            u3011 21B2  
                          u2060 20C2                            u2220 230E                            u2140 0E30  
                          u2300 157E                            u3020 21DC                            u2061 20BE  
                          u2141 0E2C                            u2301 157A                            u3021 21D8  
                          u2070 20E0                            u2230 231E                            u2150 0E40  
                          u2310 15A6                            u3030 26AC                            _LATB 0F8A  
                          u2071 20DC                            u2231 231A                            u2151 0E3C  
                          u2311 15A2                            u3031 26A8                            u2080 20FC  
                          u2400 071C                            u2160 0E50                            u4000 010A  
                          u2320 15D8                            u2240 264E                            u3040 1B3A  
                          _LATD 0F8C                            u2081 20F8                            u2401 0718  
                          u2217 22DC                            u2161 0E4C                            u4001 0106  
                          u2321 15D4                            u2241 264A                            u3041 1B36  
                          _LATE 0F8D                            u2410 0896                            u2330 0652  
                          u2170 0E60                            u2090 0D20                            u4010 0162  
                          u2250 2210                            u3050 1B74                            u2331 064E  
                          u2227 2304                            u2171 0E5C                            u2091 0D1C  
                          u4011 015E                            u2251 220C                            u3051 1B70  
                 _Evaporador_On 26DE                            u2500 0A08                            u2420 08F0  
                          u2340 0664                            u2180 0EA8                            u4100 02AC  
                          u4020 0174                            u2260 224A                            u2501 0A04  
                          u2421 08EC                            u2341 0660                            u2181 0EA4  
                          u4101 02A8                            u4021 0170                            u2261 2246  
                          u2190 1732                            u2510 0A40                            u2430 0910  
                          u2350 0674                            u4110 02BC                            u4030 0184  
                          u2270 1500                            u2191 172E                            u2511 0A3C  
                          u2431 090C                            u2415 088C                            u2351 0670  
                          u4111 02B8                            u4031 0180                            u2271 14FC  
                          u2440 0920                            u2360 06B4                            u2520 1822  
                          u2600 10D2                            u4120 02D8                            u4040 0194  
                          u2280 1522                            u2441 091C                            u2361 06B0  
                          u2521 181E                            u2601 10CE                            u4121 02D4  
                          u4041 0190                            u2281 151E                            u2450 094E  
                          u2370 06C6                            u2530 1856                            u2610 112E  
                          u4130 0320                            u4050 01B0                            u2290 155C  
                          u2451 094A                            u2371 06C2                            u2611 112A  
                          u4131 031C                            u4051 01AC                            u2291 1558  
                          u2460 0964                            u2380 06D6                            u2540 1884  
                          u2620 1184                            u1900 1A4C                            u4300 0542  
                          u4140 0334                            u4060 01F8                            u3500 13D8  
                          u2461 0960                            u2381 06D2                            u2541 1880  
                          u2621 1180                            u1901 1A48                            u4301 053E  
                          u4205 0392                            u4141 0330                            u4061 01F4  
                          u3501 13D4                            u2470 0978                            u2390 070C  
                          u2550 1898                            u2630 11CE                            u1910 1A6A  
                          u4310 0572                            u4206 0394                            u4070 0232  
                          u3510 1418                            u2471 0974                            u2391 0708  
                          u2551 1894                            u2535 184C                            u2631 11CA  
                          u1911 1A66                            u4311 056E                            u4215 03A0  
                          u4071 022E                            u3511 1414                            u2480 0992  
                          u2560 18C0                            u2640 11EC                            u1920 1A86  
                          u2800 2356                            u4320 05A2                            u4216 03A2  
                          u4080 028A                            u3440 1D90                            u3600 1FF8  
                          u3520 14EE                            u2481 098E                            u2561 18BC  
                          u2641 11E8                            u2705 1920                            u1921 1A82  
                          u4321 059E                            u4225 03AE                            u4081 0286  
                          u3441 1D8C                            u3601 1FF4                            u3521 14EA  
                          u2490 09DA                            u2570 18E0                            u2650 11FC  
                          u2706 1922                            u1930 1AAC                            u2810 2366  
                          u4330 05D2                            u4250 0452                            u4226 03B0  
                          u4090 029C                            u3450 1DA0                            u3530 1EE0  
                          u2491 09D6                            u2571 18DC                            u2651 11F8  
                          u2715 192E                            u1931 1AA8                            u2811 2362  
                          u4331 05CE                            u4251 044E                            u4235 03BC  
                          u4155 034C                            u4091 0298                            u3451 1D9C  
                          u3531 1EDC                            u2580 18F0                            u2660 120A  
                          u2716 1930                            u1940 1B86                            u4340 0602  
                          u4260 0482                            u4236 03BE                            u4156 034E  
                          u2820 2382                            u3460 1DBE                            u2900 216C  
                          u3540 1EF4                            u2581 18EC                            u2661 1206  
                          u2725 193C                            u1941 1B82                            u4341 05FE  
                          u4261 047E                            u4245 03CA                            u4165 035A  
                          u2821 237E                            u3461 1DBA                            u2901 2168  
                          u3541 1EF0                            u2670 1244                            u2590 10C4  
                          u2726 193E                            u1950 1BA0                            u4350 0632  
                          u4270 04B2                            u4246 03CC                            u4166 035C  
                          u2830 23AC                            u3470 1DDE                            u2910 2182  
                          u3550 1F0A                            u2671 1240                            u2591 10C0  
                          u2735 194A                            u1951 1B9C                            u4407 1CF0  
                          u2807 234C                            u4351 062E                            u4271 04AE  
                          u4175 0368                            u2831 23A8                            u3471 1DDA  
                          u2911 217E                            u3551 1F06                            u2680 1252  
                          u2736 194C                            u1880 1A0C                            u1960 1BBA  
                          u2920 12AC                            u4280 04E2                            u4176 036A  
                          u2840 0A74                            u3480 1DFE                            u3560 1F86  
                          u4360 2044                            u2681 124E                            u2745 1958  
                          u1881 1A08                            u1961 1BB6                            u4417 0F38  
                          u2921 12A8                            u4281 04DE                            u4185 0376  
                          u2841 0A70                            u3481 1DFA                            u3561 1F82  
                          u4361 2040                            u2746 195A                            u1890 1A26  
                          u1970 1BD8                            u2690 243C                            u2930 12E4  
                          u4290 0512                            u4186 0378                            u2850 0A96  
                          u3490 1E1E                            u3570 1F9A                            u4370 2074  
                          u2755 1966                            u1891 1A22                            u1971 1BD4  
                          u2691 2438                            u4427 10A4                            u2931 12E0  
                          u4291 050E                            u4195 0384                            u2851 0A92  
                          u3491 1E1A                            u3571 1F96                            u4371 2070  
                          u2756 1968                            u1980 1BEE                            u2940 133C  
                          u4196 0386                            u2860 0AC4                            u3580 1FB6  
                          u4380 2088                            u2765 1974                            u4437 23C2  
                          u1981 1BEA                            u2941 1338                            u2861 0AC0  
                          u3581 1FB2                            u4381 2084                            u2766 1976  
                          u1990 1C12                            u2950 1366                            u2870 0AF2  
                          u3590 1FE8                            u2775 1982                            u4447 23F6  
                          u1991 1C0E                            u2951 1362                            u2871 0AEE  
                          u3591 1FE4                            u2776 1984                            u2960 1378  
                          u2880 0B32                            u4457 250A                            u2785 1990  
                          u2961 1374                            u2881 0B2E                            u2786 1992  
                          u2970 13B2                            u2890 2134                            u2795 199E  
                          u2971 13AE                            u2891 2130                            u2796 19A0  
                          u2980 0FA2                            u2981 0F9E                            u4397 1C44  
                          u2990 1C6A                            u2991 1C66             __end_of_Armado_Stop 267A  
                          u3980 00BC                            u3981 00B8                            u3990 00DE  
                          u3991 00DA                      _SP_Minutos 00AC                ??_Ventilador_Off 000A  
                          abs@a 000A                            _dbuf 0100                            _main 2016  
                          _prec 00A8                            fsr0h 0FEA                            fsr1h 0FE2  
                          indf0 0FEF                            fsr2h 0FDA                            fsr0l 0FE9  
                          indf1 0FE7                            indf2 0FDF                            fsr1l 0FE1  
                          fsr2l 0FD9                            btemp 005C                __end_of_ADC_Leer 23BA  
              __end_of_ADC_Init 2512                            prodh 0FF4                            prodl 0FF3  
                          start 0096             __end_of_Eeprom_Leer 265C              _Get_Tiempo_Iny_Gas 253E  
            _Set_Tiempo_Iny_Gas 2602                 __end_of_Get_PPM 7E5E                      _FlagBuffer 0059  
                  ___param_bank 0000         Ntc_LeerTemperatura@suma 0030                           ??_ISR 0001  
                         ??_abs 000C             ?_Get_Tiempo_Iny_Gas 0005             ?_Set_Tiempo_Iny_Gas 0008  
                  _BAUDCON1bits 0FB8                   ___fltol@sign1 0033                 __end_of___aldiv 15FA  
                         ?_main 0001                 __end_of___awdiv 1ABE                           _EEADR 0FA9  
                         STR_10 7FAE                           STR_11 7FA1                           STR_20 7FFC  
                         STR_12 7F93                           STR_13 7F67                           STR_21 7EBE  
                         STR_22 7FFC                           STR_14 7F85                           STR_30 7F2A  
                         STR_23 7F76                           STR_15 7F58                           STR_31 7F08  
                         STR_24 7FFC                           STR_16 7FC6                           STR_32 7EE5  
                         STR_25 7F76                           STR_17 7FD1                           STR_33 7EF7  
                         STR_26 7FF7                           STR_34 7ED3                           STR_18 7E85  
                         STR_19 7F82                           STR_27 7EA9                           STR_35 7E5E  
                         STR_36 7FF7                           STR_28 7F19                 __end_of___awmod 1C24  
                         STR_29 7F3A                 __end_of___flmul 0A5E                 __end_of___fltol 1912  
                         _T0CON 0FD5                 ___awdiv@divisor 0006                           _T1CON 0FCD  
               __end_of___lwdiv 211C                  _Evaporador_Off 26F6                           i2l205 276C  
                         i2l129 008A                 ___awdiv@counter 0008                    vfpfcnvrt@fmt 000F  
                         _TMR0H 0FD7                           _TMR1H 0FCF                           _TMR0L 0FD6  
                         _TMR1L 0FCE                           _TRISB 0F93                           _TRISC 0F94  
                         _TRISD 0F95                           _TRISE 0F96             ___lmul@multiplicand 0008  
                   ?_UART_Print 0005                           _Temp1 00BA                           _Temp2 00B8  
                   ?_UART_Write 0001                ?_Eeprom_Escribir 0005                           _flags 00C0  
                         _fputc 1E26                  ?_Evaporador_On 0001            ??_Get_Tiempo_Iny_Gas 0007  
                         _width 00A6                           _putch 277A            ??_Set_Tiempo_Iny_Gas 000A  
                         main@i 0051                 __end_of_ntcTemp 7E59                           tablat 0FF5  
                         ttemp5 005D                           ttemp6 0060                           ttemp7 0064  
                         status 0FD8                           wtemp8 005D                 __end_of_sprintf 247E  
                 ??_Inyecta_Gas 0038        Ntc_LeerTemperatura@canal 002F                 __initialization 24B2  
                    _V_Segundos 00C2               Ntc_ConvertirX16@i 002C                    __end_of_main 20A8  
                   _Flag_Sensor 00C8          __end_of_Evaporador_Off 270E                     _Get_Comando 009A  
                   _Enable_Rele 009C                          ??_main 0051                   Set_Rele@Valor 0004  
              __end_of_Set_Rele 19FC                   __activetblptr 0002               __end_of_GPIO_Init 25C0  
                   _Armado_Stop 265C                          _ADCON0 0FC2                          _ADCON1 0FC1  
                        _ADCON2 0FC0                      _Tmr0_Reset 275E                          ?_fputc 0004  
                        _ADRESH 0FC4                          _ADRESL 0FC3                          _EEDATA 0FA8  
                        _EECON2 0FA7                ___awdiv@dividend 0004                      _Refresh_In 1ABE  
                        _ANSELA 0F5B                          ?_putch 0001                          _ANSELB 0F5C  
                        _ANSELC 0F5D                          _ANSELD 0F5E                          _ANSELE 0F5F  
                        _T1GCON 0FCC                     _Eeprom_Leer 263E                          i2l4000 0024  
      __end_of_Proceso_Arranque 1F76                          i2l4010 0058                          i2l4002 0034  
                        i2l4020 0084                          i2l4012 005C                          i2l4004 0044  
                        i2l4014 0060                          i2l4006 0046                          i2l4016 006E  
                        i2l4008 004A                          i2l4018 007C                          i2l3670 2768  
                        i2l3672 276A                          i2l3666 275E                          i2l3668 2760  
                        i2l3996 0012                          i2l3998 0020                          _RCREG1 0FAE  
                 vfpfcnvrt@done 0013                          _SPBRG1 0FAF                     _BufferIndex 005A  
                        _TXREG1 0FAD                __end_of___xxtofl 1266                          _SP_Ppm 00AE  
                        _Buffer 0120                          _Old_In 0088                    vfprintf@cfmt 001F  
             __end_of_UART_Init 25E4                    _Damper_Abrir 267A                 _Inyecta_Liquido 1C24  
                        ___lmul 21F2                       ??___aldiv 000C                       ??___awdiv 0008  
           __end_of_Inyecta_Gas 1D7C                       ??___awmod 0008                       ??___flmul 001A  
                     ??___fltol 002F                       ??___lwdiv 0008                          _ntcAdc 7DB5  
                        clear_0 24B8                          clear_1 24C4                          clear_2 24D0  
              ___awdiv@quotient 000A                 ___awmod@divisor 0006                 ?_Evaporador_Off 0001  
                        isa$std 0001                 ___awmod@counter 0008          Get_Tiempo_Iny_Gas@Dato 000A  
                    _Power_Rele 1704            Texto_Length@contador 0006                          fputc@c 0004  
                     ?_ADC_Leer 0004                       ?_ADC_Init 0001              Eeprom_Escribir@gie 0006  
            Eeprom_Escribir@dir 0007                   ??_Proceso_ADC 0035                    __mediumconst 7DB4  
                        tblptrh 0FF7                          tblptrl 0FF6                          tblptru 0FF8  
               ??_Evaporador_On 000A                   _Cambio_Estado 00CD                          putch@c 0001  
              __end_of_vfprintf 2446                       ??_sprintf 0038         ?_Get_Tiempo_Iny_Liquido 0005  
        Set_Tiempo_Iny_Gas@Dato 0008                    ___xxtofl@arg 000E                    ___xxtofl@exp 000D  
                  ___xxtofl@val 0004      __end_of_Get_Channel_Heater 277A      __end_of_Set_Channel_Heater 275E  
                    __accesstop 0060         __end_of__initialization 24D6         ?_Set_Tiempo_Iny_Liquido 0008  
                 ___rparam_used 0001                      ___fltol@f1 002B                  __pcstackCOMRAM 0001  
                   Refresh_In@i 0006              Ntc_ConvertirX16@dA 0028              Ntc_ConvertirX16@dT 001C  
                 __end_of_fputc 1ED0                   __end_of_putch 277C                  _Armado_Cerrado 15FA  
                _Tiempo_Iny_Gas 0052                    _FlagOverflow 00CC      Get_Tiempo_Iny_Liquido@Dato 000A  
                    ??_ADC_Leer 0006                      ??_ADC_Init 0004  __end_of_Get_Tiempo_Iny_Liquido 253E  
                   ?_Tmr0_Reset 0001               __end_of_Tmr0_Init 274C               __end_of_Tmr1_Init 2724  
                       ??_fputc 0007                     ?_Refresh_In 0001                         ??_putch 0004  
                    __pbssBANK0 0060                      __pbssBANK1 0100             __end_of_Proceso_ADC 1E26  
__end_of_Set_Tiempo_Iny_Liquido 2602         __end_of_Inyecta_Liquido 1CD0                     _Inyecta_Gas 1CD0  
                     ?_Set_Rele 0004                         ISR@dato 0003      __end_of_Tmr_Oscilador_Init 26AE  
                       ?___lmul 0004          __end_of_Armado_Cerrado 1704                  ___lmul@product 000C  
                   ?_Power_Rele 0035                       ?___xxtofl 0004                    ??_UART_Print 0007  
         __end_of_Ventilador_On 26C6                    ??_UART_Write 0004                         _SPBRGH1 0FB0  
                       _PPM_Old 00B4           __end_of_Texto_IndexOf 13B8                         _SP_Temp 00B0  
                       _Get_PPM 7E59                  Eeprom_Leer@dir 0004                      ??_Set_Rele 0005  
                       __Hparam 0000                         __Lparam 0000                     _Wait_Sensor 00C6  
              _Respuestas_RS485 23BA                   ?_Proceso_Rele 0001                         ___aldiv 14F0  
            __end_of_UART_Print 2320                         ___awdiv 19FC                   _Damper_Cerrar 225C  
             Texto_Length@texto 0004                         ___awmod 1B76                         ___flmul 0638  
                       ___fltol 180C              __end_of_UART_Write 273A                 ?_Armado_Cerrado 0001  
                       ___lwdiv 20A8                       ?_vfprintf 001B                     _Tiempo_Rele 0060  
                       __pcinit 24B2                    ?_Get_Comando 00E2                         __ramtop 0800  
                       __ptext0 2016                         __ptext1 25C0                         __ptext2 2696  
                       __ptext3 270E                         __ptext4 273A                         __ptext5 1ABE  
                       __ptext6 13B8                         __ptext7 1F76                         __ptext8 1ED0  
                       __ptext9 25E4         Respuestas_RS485@Mensaje 0007                       _T0CONbits 0FD5  
                     _T1CONbits 0FCD                      ??___xxtofl 0008                ___awmod@dividend 0004  
                  ?_Armado_Stop 0001                         _ntcTemp 7E07                ___aldiv@dividend 0004  
                  Inyecta_Gas@i 0039                     _Proceso_ADC 1D7C                         _sprintf 2446  
                     _GPIO_Init 2596            end_of_initialization 24D6                    ?_Eeprom_Leer 0001  
             ?_Proceso_Arranque 0001                         fputc@fp 0006                   __Lmediumconst 7DB4  
              _Ntc_ConvertirX16 0A5E                   ?_Texto_Length 0004                ?_Inyecta_Liquido 0001  
            ??_Proceso_Arranque 0038             Eeprom_Escribir@dato 0005                  ??_Proceso_Rele 0004  
              ??_Evaporador_Off 000A               __end_of_vfpfcnvrt 0EE0                  ?_Damper_Cerrar 0001  
              ___aldiv@quotient 000E                         postdec2 0FDD                         postinc0 0FEE  
                       postinc1 0FE6                         postinc2 0FDE                vfpfcnvrt@convarg 0016  
                    ??_vfprintf 001F                  _Imprime_Estado 0EE0                       _UART_Init 25C0  
                _Proceso_Heater 1F76                       _PORTCbits 0F82                       _PORTDbits 0F83  
                     _PORTEbits 0F84                  UART_Write@dato 0004           _Ntc_ConvertirX16$2853 0024  
             Get_Comando@c_1442 00F7               Get_Comando@i_1441 00F0               Get_Comando@Estado 00F8  
                 ___xxtofl@sign 000C                       _TRISAbits 0F92                       _TRISBbits 0F93  
                     _TRISCbits 0F94                       _TRISEbits 0F96               Get_Comando@Tiempo 00EA  
                    ?_GPIO_Init 0001                     ___flmul@grs 001F                  ??_Texto_Length 0006  
             _Get_Tiempo_Damper 256A               _Set_Tiempo_Damper 2620                       _En_Sistem 00C4  
            ?_Get_Tiempo_Damper 0005              ?_Set_Tiempo_Damper 0008          __end_of_Imprime_Estado 10B2  
           Ntc_ConvertirX16@adc 0012             Ntc_ConvertirX16@num 0020              _Get_Channel_Heater 276E  
            _Set_Channel_Heater 274C          __end_of_Proceso_Heater 2016                  __end_of___lmul 225C  
                   vfpfcnvrt@ap 0010                     vfpfcnvrt@cp 0014                     vfpfcnvrt@fp 000E  
                    ?_UART_Init 0001             ??_Get_Tiempo_Damper 0007             ??_Set_Tiempo_Damper 000A  
                __end_of_ntcAdc 7E07                       _Count_ADC 00CB             ?_Get_Channel_Heater 0001  
           ?_Set_Channel_Heater 0001             start_initialization 24B2                       _V_Minutos 00C3  
                   __end_of_ISR 0096                     __end_of_abs 24B2                    ??_Tmr0_Reset 0001  
         __end_of_Evaporador_On 26F6                    ??_Refresh_In 0004                    Set_Rele@Rele 0005  
           _Ntc_LeerTemperatura 2188       __end_of_Get_Tiempo_Damper 2596       __end_of_Set_Tiempo_Damper 263E  
                     _Tmr0_Init 273A                       _Tmr1_Init 270E            ??_Get_Channel_Heater 0005  
                  ?_Inyecta_Gas 0001            ??_Set_Channel_Heater 0008                 ??_Damper_Cerrar 0038  
                     _Wait_Rele 0074                     vfprintf@fmt 001C                 ?_Imprime_Estado 0001  
                      ??___lmul 000C               ??_Eeprom_Escribir 0006            ?_Ntc_LeerTemperatura 002D  
               ?_Proceso_Heater 0001              __end_of_Tmr0_Reset 276E                  _Arranque_Count 00C5  
                  _Paso_Control 00C9              __end_of_Refresh_In 1B76          Get_Channel_Heater@Dato 0005  
                  ??_Power_Rele 0037                       _Status_In 0092                       ___flmul@a 0016  
                     ___flmul@b 0012                     __pbssCOMRAM 0052              _Tmr_Oscilador_Init 2696  
                 __pcstackBANK0 00E2        __end_of_Respuestas_RS485 2404            __end_of_Proceso_Rele 14F0  
                 _Tiempo_Damper 00AA                   _Tiempo_Heater 00C1                     ??_GPIO_Init 0004  
        Set_Channel_Heater@Dato 0008              _Tiempo_Iny_Liquido 0054             ?_Tmr_Oscilador_Init 0001  
                    ?_Tmr0_Init 0001                      ?_Tmr1_Init 0001                ??_Armado_Cerrado 0038  
              ___lwdiv@dividend 0004              __end_of_Power_Rele 180C                       __pintcode 0008  
                 __pmediumconst 7DB4                        ?___aldiv 0004                  _Ventilador_Off 26C6  
                      ?___awdiv 0004                 _Muestras_Sensor 00C7                        ?___awmod 0004  
                      ?___flmul 0012           ??_Ntc_LeerTemperatura 002F                        ?___fltol 002B  
                      ?___lwdiv 0004            ??_Tmr_Oscilador_Init 0004                  Power_Rele@Rele 0037  
                   ??_UART_Init 0004      Set_Tiempo_Iny_Liquido@Dato 0008        __end_of_Ntc_ConvertirX16 0CFE  
          __end_of_Texto_Length 2370                     __smallconst 7DB4                        _ADC_Leer 2370  
                      _ADC_Init 24E4                    ?_Proceso_ADC 0001                ___lwdiv@quotient 0008  
            Texto_IndexOf@error 0011                        ?_sprintf 0021              Texto_IndexOf@valor 000A  
            Texto_IndexOf@texto 0008                   UART_Print@cad 0005                 ___aldiv@divisor 0008  
               ___aldiv@counter 000C                Power_Rele@Tiempo 0035                        _LATBbits 0F8A  
                      _LATDbits 0F8C                        _PIE1bits 0F9D          __end_of_Ventilador_Off 26DE  
                      i2u361_40 0020                        i2u361_41 001C                        _PIR1bits 0F9E  
                      i2u362_40 0034                        i2u362_41 0030                        i2u363_40 0058  
                      i2u363_41 0054                        _PIR2bits 0FA1                        i2u364_40 006E  
                      i2u364_41 006A                        i2u365_40 007C                        i2u365_41 0078  
                 ?_Damper_Abrir 0001                    Get_Comando@c 00F6                    Get_Comando@i 00EC  
                      _RCONbits 0FD0                       _vfpfcnvrt 0CFE                Get_Comando@Index 00F9  
                    _ADCON0bits 0FC2        ??_Get_Tiempo_Iny_Liquido 0007                        _Flag10ms 005B  
                 Proceso_Rele@i 0008        ??_Set_Tiempo_Iny_Liquido 000A      __end_of_Get_Tiempo_Iny_Gas 256A  
    __end_of_Set_Tiempo_Iny_Gas 2620                  _Channel_Heater 0056                      vfpfcnvrt@c 001A  
             ___lmul@multiplier 0004                   ADC_Leer@canal 0008                     ??_Tmr0_Init 0004  
                      _Current1 00BE                        _Current2 00BC                     ??_Tmr1_Init 0004  
                      _Paso_ADC 0058                      _EECON1bits 0FA6                        _Set_Rele 1912  
                      __Hrparam 0000                  ??_Damper_Abrir 0038                 ?_Ventilador_Off 0001  
                    vfprintf@ap 001E                        __Lrparam 0000                      vfprintf@fp 001B  
                 _Arranque_Flag 0057                      ?_vfpfcnvrt 000E                      _ANSELAbits 0F5B  
                    _ANSELCbits 0F5D                      _ANSELEbits 0F5F                      sprintf@fmt 0022  
                      ___xxtofl 10B2                 ___lwdiv@divisor 0006                 ___lwdiv@counter 000A  
                 _Ventilador_On 26AE                        __ptext10 2602                        __ptext11 2620  
                      __ptext20 2188                        __ptext12 274C                        __ptext21 0A5E  
                      __ptext13 211C                        __ptext30 1C24                        __ptext22 21F2  
                      __ptext14 2512                        __ptext31 1CD0                        __ptext23 14F0  
                      __ptext15 253E                        __ptext40 19FC                        __ptext32 0EE0  
                      __ptext24 2370                        __ptext16 256A                        __ptext41 26DE  
                      __ptext33 2446                        __ptext25 009A                        __ptext17 276E  
                      __ptext50 15FA                        __ptext42 26F6                        __ptext34 2404  
                      __ptext26 26AE                        __ptext18 263E                        __ptext51 10B2  
                      __ptext43 225C                        __ptext35 0CFE                        __ptext27 26C6  
                      __ptext19 1D7C                        __ptext52 180C                        __ptext44 267A  
                      __ptext36 1E26                        __ptext28 1266                        __ptext53 0638  
                      __ptext45 23BA                        __ptext37 277A                        __ptext29 2320  
                      __ptext54 1704                        __ptext46 22C2                        __ptext38 247E  
                      __ptext55 20A8                        __ptext47 2724                        __ptext39 1B76  
                      __ptext56 2596                        __ptext48 265C                        __ptext57 24E4  
                      __ptext49 1912                        __ptext59 275E                   _Texto_IndexOf 1266  
               _Eeprom_Escribir 211C       Texto_IndexOf@length_valor 0015                ??_Imprime_Estado 0044  
     Texto_IndexOf@length_texto 0013                ??_Proceso_Heater 0006                        isa$xinst 0000  
               Get_Comando@Data 00E2                    _Proceso_Rele 13B8                 Get_Comando@Coma 00F3  
                      int$flags 005C                 Get_Comando@Rele 00F2                        _vfprintf 2404  
          Ntc_LeerTemperatura@k 0034            Ntc_LeerTemperatura@v 0032                      _INTCONbits 0FF2  
                ?_Ventilador_On 0001               ?_Respuestas_RS485 0007                  ?_Texto_IndexOf 0008  
                      intlevel2 0000                       sprintf@ap 0038              ??_Respuestas_RS485 0009  
                Texto_IndexOf@i 0019                  Texto_IndexOf@j 0017                    _Texto_Length 2320  
                    _RCSTA1bits 0FAB                      _OSCCONbits 0FD3            Get_Comando@Coma_1440 00F4  
         Get_Tiempo_Damper@Dato 000A           __end_of_Damper_Cerrar 22C2                  Get_Comando@Fin 00E6  
         Set_Tiempo_Damper@Dato 0008                _Proceso_Arranque 1ED0                     ??_vfpfcnvrt 0011  
                 ??_Get_Comando 00E4               Imprime_Estado@R10 004E                   _Count_Control 00CA  
                      sprintf@f 0039                        sprintf@s 0021               ?_Ntc_ConvertirX16 0012  
           Get_Comando@Fin_1436 00E8               ??_Inyecta_Liquido 0038                   ??_Armado_Stop 0038  
                    _UART_Print 22C2              ??_Ntc_ConvertirX16 0014                    ___aldiv@sign 000D  
       __end_of_Eeprom_Escribir 2188            __end_of_Damper_Abrir 2696                      _UART_Write 2724  
          Get_Comando@Rele_1439 00F5                     _PPM_Muestra 00B6                Imprime_Estado@R1 0045  
              Imprime_Estado@R2 0046                Imprime_Estado@R3 0047                Imprime_Estado@R4 0048  
              Imprime_Estado@R5 0049                Imprime_Estado@R6 004A                Imprime_Estado@R7 004B  
              Imprime_Estado@R8 004C                Imprime_Estado@R9 004D                   ??_Eeprom_Leer 0004  
              Inyecta_Liquido@i 0039                 Imprime_Estado@i 004F          _Get_Tiempo_Iny_Liquido 2512  
   __end_of_Ntc_LeerTemperatura 21F2          _Set_Tiempo_Iny_Liquido 25E4  
