

Microchip MPLAB XC8 Assembler V3.00 build 20241204225717 
                                                                                               Mon Sep 28 14:21:54 2026

Microchip MPLAB XC8 C Compiler v3.00 (Free license) build 20241204225717 Og1 
     1                           	processor	18F46K22
     2                           	fnconf	rparam,??,?,0
     3                           	pagewidth 120
     4                           	opt	flic
     5                           	psect	smallconst,global,reloc=2,class=SMALLCONST,space=0,delta=1,noexec
     6                           	psect	cinit,global,reloc=2,class=CODE,space=0,delta=1
     7                           	psect	bssCOMRAM,global,class=COMRAM,space=1,delta=1,lowdata,noexec
     8                           	psect	bssBANK0,global,class=BANK0,space=1,delta=1,lowdata,noexec
     9                           	psect	bssBANK1,global,class=BANK1,space=1,delta=1,lowdata,noexec
    10                           	psect	bssBANK2,global,class=BANK2,space=1,delta=1,lowdata,noexec
    11                           	psect	cstackBANK0,global,class=BANK0,space=1,delta=1,lowdata,noexec
    12                           	psect	cstackCOMRAM,global,class=COMRAM,space=1,delta=1,lowdata,noexec
    13                           	psect	text0,global,reloc=2,class=CODE,space=0,delta=1
    14                           	psect	text1,global,reloc=2,class=CODE,space=0,delta=1
    15                           	psect	text2,global,reloc=2,class=CODE,space=0,delta=1
    16                           	psect	text3,global,reloc=2,class=CODE,space=0,delta=1
    17                           	psect	text4,global,reloc=2,class=CODE,space=0,delta=1
    18                           	psect	text5,global,reloc=2,class=CODE,space=0,delta=1
    19                           	psect	text6,global,reloc=2,class=CODE,space=0,delta=1
    20                           	psect	text7,global,reloc=2,class=CODE,space=0,delta=1
    21                           	psect	text8,global,reloc=2,class=CODE,space=0,delta=1
    22                           	psect	text9,global,reloc=2,class=CODE,space=0,delta=1
    23                           	psect	text10,global,reloc=2,class=CODE,space=0,delta=1
    24                           	psect	text11,global,reloc=2,class=CODE,space=0,delta=1
    25                           	psect	text12,global,reloc=2,class=CODE,space=0,delta=1
    26                           	psect	text13,global,reloc=2,class=CODE,space=0,delta=1,group=2
    27                           	psect	text14,global,reloc=2,class=CODE,space=0,delta=1,group=2
    28                           	psect	text15,global,reloc=2,class=CODE,space=0,delta=1,group=2
    29                           	psect	text16,global,reloc=2,class=CODE,space=0,delta=1
    30                           	psect	text17,global,reloc=2,class=CODE,space=0,delta=1
    31                           	psect	text18,global,reloc=2,class=CODE,space=0,delta=1
    32                           	psect	text19,global,reloc=2,class=CODE,space=0,delta=1
    33                           	psect	text20,global,reloc=2,class=CODE,space=0,delta=1
    34                           	psect	text21,global,reloc=2,class=CODE,space=0,delta=1,group=2
    35                           	psect	text22,global,reloc=2,class=CODE,space=0,delta=1
    36                           	psect	text23,global,reloc=2,class=CODE,space=0,delta=1
    37                           	psect	text24,global,reloc=2,class=CODE,space=0,delta=1
    38                           	psect	text25,global,reloc=2,class=CODE,space=0,delta=1
    39                           	psect	text26,global,reloc=2,class=CODE,space=0,delta=1
    40                           	psect	text27,global,reloc=2,class=CODE,space=0,delta=1
    41                           	psect	text28,global,reloc=2,class=CODE,space=0,delta=1
    42                           	psect	text29,global,reloc=2,class=CODE,space=0,delta=1
    43                           	psect	text30,global,reloc=2,class=CODE,space=0,delta=1,group=3
    44                           	psect	text31,global,reloc=2,class=CODE,space=0,delta=1,group=1
    45                           	psect	text32,global,reloc=2,class=CODE,space=0,delta=1,group=1
    46                           	psect	text33,global,reloc=2,class=CODE,space=0,delta=1,group=1
    47                           	psect	text34,global,reloc=2,class=CODE,space=0,delta=1,group=1
    48                           	psect	text35,global,reloc=2,class=CODE,space=0,delta=1,group=1
    49                           	psect	text36,global,reloc=2,class=CODE,space=0,delta=1,group=1
    50                           	psect	text37,global,reloc=2,class=CODE,space=0,delta=1,group=3
    51                           	psect	text38,global,reloc=2,class=CODE,space=0,delta=1,group=3
    52                           	psect	text39,global,reloc=2,class=CODE,space=0,delta=1,group=3
    53                           	psect	text40,global,reloc=2,class=CODE,space=0,delta=1,group=3
    54                           	psect	text41,global,reloc=2,class=CODE,space=0,delta=1,group=2
    55                           	psect	text42,global,reloc=2,class=CODE,space=0,delta=1,group=2
    56                           	psect	text43,global,reloc=2,class=CODE,space=0,delta=1
    57                           	psect	text44,global,reloc=2,class=CODE,space=0,delta=1
    58                           	psect	text45,global,reloc=2,class=CODE,space=0,delta=1
    59                           	psect	text46,global,reloc=2,class=CODE,space=0,delta=1
    60                           	psect	intcode,global,reloc=2,class=CODE,space=0,delta=1
    61                           	psect	text48,global,reloc=2,class=CODE,space=0,delta=1
    62                           	psect	text49,global,reloc=2,class=CODE,space=0,delta=1
    63                           	psect	intsave_regs,global,class=BIGRAM,space=1,delta=1,noexec
    64                           	psect	rparam,global,class=COMRAM,space=1,delta=1,noexec
    65                           	psect	temp,global,ovrld,common,class=COMRAM,space=1,delta=1,lowdata
    66                           	psect	config,global,abs,ovrld,class=CONFIG,space=4,delta=1,noexec
    67   000000                     
    68                           ; Generated 21/07/2023 GMT
    69                           ; 
    70                           ; Copyright © 2023, Microchip Technology Inc. and its subsidiaries ("Microchip")
    71                           ; All rights reserved.
    72                           ; 
    73                           ; This software is developed by Microchip Technology Inc. and its subsidiaries ("Microch
      +                          ip").
    74                           ; 
    75                           ; Redistribution and use in source and binary forms, with or without modification, are
    76                           ; permitted provided that the following conditions are met:
    77                           ; 
    78                           ;     1. Redistributions of source code must retain the above copyright notice, this lis
      +                          t of
    79                           ;        conditions and the following disclaimer.
    80                           ; 
    81                           ;     2. Redistributions in binary form must reproduce the above copyright notice, this 
      +                          list
    82                           ;        of conditions and the following disclaimer in the documentation and/or other
    83                           ;        materials provided with the distribution. Publication is not required when
    84                           ;        this file is used in an embedded application.
    85                           ; 
    86                           ;     3. Microchip's name may not be used to endorse or promote products derived from th
      +                          is
    87                           ;        software without specific prior written permission.
    88                           ; 
    89                           ; THIS SOFTWARE IS PROVIDED BY MICROCHIP "AS IS" AND ANY EXPRESS OR IMPLIED WARRANTIES,
    90                           ; INCLUDING, BUT NOT LIMITED TO, THE IMPLIED WARRANTIES OF MERCHANTABILITY AND FITNESS F
      +                          OR
    91                           ; PURPOSE ARE DISCLAIMED.  IN NO EVENT SHALL MICROCHIP BE LIABLE FOR ANY DIRECT, INDIREC
      +                          T,
    92                           ; INCIDENTAL, SPECIAL, EXEMPLARY, OR CONSEQUENTIAL DAMAGES (INCLUDING BUT NOT LIMITED TO
    93                           ; PROCUREMENT OF SUBSTITUTE GOODS OR SERVICES; LOSS OF USE, DATA OR PROFITS; OR BUSINESS
    94                           ; INTERRUPTION) HOWSOEVER CAUSED AND ON ANY THEORY OF LIABILITY, WHETHER IN CONTRACT, ST
      +                          RICT
    95                           ; LIABILITY, OR TORT (INCLUDING NEGLIGENCE OR OTHERWISE) ARISING IN ANY WAY OUT OF THE U
      +                          SE OF
    96                           ; THIS SOFTWARE, EVEN IF ADVISED OF THE POSSIBILITY OF SUCH DAMAGE.
    97                           ; 
    98                           ; 
    99                           ; Code-generator required, PIC18F46K22 Definitions
   100                           ; 
   101                           ; SFR Addresses
   102   000FE0                     bsr             equ	4064
   103   000FE9                     fsr0            equ	4073
   104   000FEA                     fsr0h           equ	4074
   105   000FE9                     fsr0l           equ	4073
   106   000FE1                     fsr1            equ	4065
   107   000FE2                     fsr1h           equ	4066
   108   000FE1                     fsr1l           equ	4065
   109   000FD9                     fsr2            equ	4057
   110   000FDA                     fsr2h           equ	4058
   111   000FD9                     fsr2l           equ	4057
   112   000FEF                     indf0           equ	4079
   113   000FE7                     indf1           equ	4071
   114   000FDF                     indf2           equ	4063
   115   000FF2                     intcon          equ	4082
   116   000000                     nvmcon          equ	0
   117   000FF9                     pcl             equ	4089
   118   000FFA                     pclath          equ	4090
   119   000FFB                     pclatu          equ	4091
   120   000FEB                     plusw0          equ	4075
   121   000FE3                     plusw1          equ	4067
   122   000FDB                     plusw2          equ	4059
   123   000FED                     postdec0        equ	4077
   124   000FE5                     postdec1        equ	4069
   125   000FDD                     postdec2        equ	4061
   126   000FEE                     postinc0        equ	4078
   127   000FE6                     postinc1        equ	4070
   128   000FDE                     postinc2        equ	4062
   129   000FEC                     preinc0         equ	4076
   130   000FE4                     preinc1         equ	4068
   131   000FDC                     preinc2         equ	4060
   132   000FF3                     prod            equ	4083
   133   000FF4                     prodh           equ	4084
   134   000FF3                     prodl           equ	4083
   135   000FD8                     status          equ	4056
   136   000FF5                     tablat          equ	4085
   137   000FF6                     tblptr          equ	4086
   138   000FF7                     tblptrh         equ	4087
   139   000FF6                     tblptrl         equ	4086
   140   000FF8                     tblptru         equ	4088
   141   000FFD                     tosl            equ	4093
   142   000FE8                     wreg            equ	4072
   143   000F38                     ANSELA          equ	3896	;# 
   144   000F39                     ANSELB          equ	3897	;# 
   145   000F3A                     ANSELC          equ	3898	;# 
   146   000F3B                     ANSELD          equ	3899	;# 
   147   000F3C                     ANSELE          equ	3900	;# 
   148   000F3D                     PMD2            equ	3901	;# 
   149   000F3E                     PMD1            equ	3902	;# 
   150   000F3F                     PMD0            equ	3903	;# 
   151   000F40                     VREFCON2        equ	3904	;# 
   152   000F40                     DACCON1         equ	3904	;# 
   153   000F41                     VREFCON1        equ	3905	;# 
   154   000F41                     DACCON0         equ	3905	;# 
   155   000F42                     VREFCON0        equ	3906	;# 
   156   000F42                     FVRCON          equ	3906	;# 
   157   000F43                     CTMUICON        equ	3907	;# 
   158   000F43                     CTMUICONH       equ	3907	;# 
   159   000F44                     CTMUCONL        equ	3908	;# 
   160   000F44                     CTMUCON1        equ	3908	;# 
   161   000F45                     CTMUCONH        equ	3909	;# 
   162   000F45                     CTMUCON0        equ	3909	;# 
   163   000F46                     SRCON1          equ	3910	;# 
   164   000F47                     SRCON0          equ	3911	;# 
   165   000F48                     CCPTMRS1        equ	3912	;# 
   166   000F49                     CCPTMRS0        equ	3913	;# 
   167   000F4A                     T6CON           equ	3914	;# 
   168   000F4B                     PR6             equ	3915	;# 
   169   000F4C                     TMR6            equ	3916	;# 
   170   000F4D                     T5GCON          equ	3917	;# 
   171   000F4E                     T5CON           equ	3918	;# 
   172   000F4F                     TMR5            equ	3919	;# 
   173   000F4F                     TMR5L           equ	3919	;# 
   174   000F50                     TMR5H           equ	3920	;# 
   175   000F51                     T4CON           equ	3921	;# 
   176   000F52                     PR4             equ	3922	;# 
   177   000F53                     TMR4            equ	3923	;# 
   178   000F54                     CCP5CON         equ	3924	;# 
   179   000F55                     CCPR5           equ	3925	;# 
   180   000F55                     CCPR5L          equ	3925	;# 
   181   000F56                     CCPR5H          equ	3926	;# 
   182   000F57                     CCP4CON         equ	3927	;# 
   183   000F58                     CCPR4           equ	3928	;# 
   184   000F58                     CCPR4L          equ	3928	;# 
   185   000F59                     CCPR4H          equ	3929	;# 
   186   000F5A                     PSTR3CON        equ	3930	;# 
   187   000F5B                     ECCP3AS         equ	3931	;# 
   188   000F5B                     CCP3AS          equ	3931	;# 
   189   000F5C                     PWM3CON         equ	3932	;# 
   190   000F5D                     CCP3CON         equ	3933	;# 
   191   000F5E                     CCPR3           equ	3934	;# 
   192   000F5E                     CCPR3L          equ	3934	;# 
   193   000F5F                     CCPR3H          equ	3935	;# 
   194   000F60                     SLRCON          equ	3936	;# 
   195   000F61                     WPUB            equ	3937	;# 
   196   000F62                     IOCB            equ	3938	;# 
   197   000F63                     PSTR2CON        equ	3939	;# 
   198   000F64                     ECCP2AS         equ	3940	;# 
   199   000F64                     CCP2AS          equ	3940	;# 
   200   000F65                     PWM2CON         equ	3941	;# 
   201   000F66                     CCP2CON         equ	3942	;# 
   202   000F67                     CCPR2           equ	3943	;# 
   203   000F67                     CCPR2L          equ	3943	;# 
   204   000F68                     CCPR2H          equ	3944	;# 
   205   000F69                     SSP2CON3        equ	3945	;# 
   206   000F6A                     SSP2MSK         equ	3946	;# 
   207   000F6B                     SSP2CON2        equ	3947	;# 
   208   000F6C                     SSP2CON1        equ	3948	;# 
   209   000F6D                     SSP2STAT        equ	3949	;# 
   210   000F6E                     SSP2ADD         equ	3950	;# 
   211   000F6F                     SSP2BUF         equ	3951	;# 
   212   000F70                     BAUDCON2        equ	3952	;# 
   213   000F70                     BAUD2CON        equ	3952	;# 
   214   000F71                     RCSTA2          equ	3953	;# 
   215   000F71                     RC2STA          equ	3953	;# 
   216   000F72                     TXSTA2          equ	3954	;# 
   217   000F72                     TX2STA          equ	3954	;# 
   218   000F73                     TXREG2          equ	3955	;# 
   219   000F73                     TX2REG          equ	3955	;# 
   220   000F74                     RCREG2          equ	3956	;# 
   221   000F74                     RC2REG          equ	3956	;# 
   222   000F75                     SPBRG2          equ	3957	;# 
   223   000F75                     SP2BRG          equ	3957	;# 
   224   000F76                     SPBRGH2         equ	3958	;# 
   225   000F76                     SP2BRGH         equ	3958	;# 
   226   000F77                     CM2CON1         equ	3959	;# 
   227   000F77                     CM12CON         equ	3959	;# 
   228   000F78                     CM2CON0         equ	3960	;# 
   229   000F78                     CM2CON          equ	3960	;# 
   230   000F79                     CM1CON0         equ	3961	;# 
   231   000F79                     CM1CON          equ	3961	;# 
   232   000F7A                     PIE4            equ	3962	;# 
   233   000F7B                     PIR4            equ	3963	;# 
   234   000F7C                     IPR4            equ	3964	;# 
   235   000F7D                     PIE5            equ	3965	;# 
   236   000F7E                     PIR5            equ	3966	;# 
   237   000F7F                     IPR5            equ	3967	;# 
   238   000F80                     PORTA           equ	3968	;# 
   239   000F81                     PORTB           equ	3969	;# 
   240   000F82                     PORTC           equ	3970	;# 
   241   000F83                     PORTD           equ	3971	;# 
   242   000F84                     PORTE           equ	3972	;# 
   243   000F89                     LATA            equ	3977	;# 
   244   000F8A                     LATB            equ	3978	;# 
   245   000F8B                     LATC            equ	3979	;# 
   246   000F8C                     LATD            equ	3980	;# 
   247   000F8D                     LATE            equ	3981	;# 
   248   000F92                     TRISA           equ	3986	;# 
   249   000F92                     DDRA            equ	3986	;# 
   250   000F93                     TRISB           equ	3987	;# 
   251   000F93                     DDRB            equ	3987	;# 
   252   000F94                     TRISC           equ	3988	;# 
   253   000F94                     DDRC            equ	3988	;# 
   254   000F95                     TRISD           equ	3989	;# 
   255   000F95                     DDRD            equ	3989	;# 
   256   000F96                     TRISE           equ	3990	;# 
   257   000F96                     DDRE            equ	3990	;# 
   258   000F9B                     OSCTUNE         equ	3995	;# 
   259   000F9C                     HLVDCON         equ	3996	;# 
   260   000F9C                     LVDCON          equ	3996	;# 
   261   000F9D                     PIE1            equ	3997	;# 
   262   000F9E                     PIR1            equ	3998	;# 
   263   000F9F                     IPR1            equ	3999	;# 
   264   000FA0                     PIE2            equ	4000	;# 
   265   000FA1                     PIR2            equ	4001	;# 
   266   000FA2                     IPR2            equ	4002	;# 
   267   000FA3                     PIE3            equ	4003	;# 
   268   000FA4                     PIR3            equ	4004	;# 
   269   000FA5                     IPR3            equ	4005	;# 
   270   000FA6                     EECON1          equ	4006	;# 
   271   000FA7                     EECON2          equ	4007	;# 
   272   000FA8                     EEDATA          equ	4008	;# 
   273   000FA9                     EEADR           equ	4009	;# 
   274   000FAA                     EEADRH          equ	4010	;# 
   275   000FAB                     RCSTA1          equ	4011	;# 
   276   000FAB                     RCSTA           equ	4011	;# 
   277   000FAB                     RC1STA          equ	4011	;# 
   278   000FAC                     TXSTA1          equ	4012	;# 
   279   000FAC                     TXSTA           equ	4012	;# 
   280   000FAC                     TX1STA          equ	4012	;# 
   281   000FAD                     TXREG1          equ	4013	;# 
   282   000FAD                     TXREG           equ	4013	;# 
   283   000FAD                     TX1REG          equ	4013	;# 
   284   000FAE                     RCREG1          equ	4014	;# 
   285   000FAE                     RCREG           equ	4014	;# 
   286   000FAE                     RC1REG          equ	4014	;# 
   287   000FAF                     SPBRG1          equ	4015	;# 
   288   000FAF                     SPBRG           equ	4015	;# 
   289   000FAF                     SP1BRG          equ	4015	;# 
   290   000FB0                     SPBRGH1         equ	4016	;# 
   291   000FB0                     SPBRGH          equ	4016	;# 
   292   000FB0                     SP1BRGH         equ	4016	;# 
   293   000FB1                     T3CON           equ	4017	;# 
   294   000FB2                     TMR3            equ	4018	;# 
   295   000FB2                     TMR3L           equ	4018	;# 
   296   000FB3                     TMR3H           equ	4019	;# 
   297   000FB4                     T3GCON          equ	4020	;# 
   298   000FB6                     ECCP1AS         equ	4022	;# 
   299   000FB6                     ECCPAS          equ	4022	;# 
   300   000FB7                     PWM1CON         equ	4023	;# 
   301   000FB7                     PWMCON          equ	4023	;# 
   302   000FB8                     BAUDCON1        equ	4024	;# 
   303   000FB8                     BAUDCON         equ	4024	;# 
   304   000FB8                     BAUDCTL         equ	4024	;# 
   305   000FB8                     BAUD1CON        equ	4024	;# 
   306   000FB9                     PSTR1CON        equ	4025	;# 
   307   000FB9                     PSTRCON         equ	4025	;# 
   308   000FBA                     T2CON           equ	4026	;# 
   309   000FBB                     PR2             equ	4027	;# 
   310   000FBC                     TMR2            equ	4028	;# 
   311   000FBD                     CCP1CON         equ	4029	;# 
   312   000FBE                     CCPR1           equ	4030	;# 
   313   000FBE                     CCPR1L          equ	4030	;# 
   314   000FBF                     CCPR1H          equ	4031	;# 
   315   000FC0                     ADCON2          equ	4032	;# 
   316   000FC1                     ADCON1          equ	4033	;# 
   317   000FC2                     ADCON0          equ	4034	;# 
   318   000FC3                     ADRES           equ	4035	;# 
   319   000FC3                     ADRESL          equ	4035	;# 
   320   000FC4                     ADRESH          equ	4036	;# 
   321   000FC5                     SSP1CON2        equ	4037	;# 
   322   000FC5                     SSPCON2         equ	4037	;# 
   323   000FC6                     SSP1CON1        equ	4038	;# 
   324   000FC6                     SSPCON1         equ	4038	;# 
   325   000FC7                     SSP1STAT        equ	4039	;# 
   326   000FC7                     SSPSTAT         equ	4039	;# 
   327   000FC8                     SSP1ADD         equ	4040	;# 
   328   000FC8                     SSPADD          equ	4040	;# 
   329   000FC9                     SSP1BUF         equ	4041	;# 
   330   000FC9                     SSPBUF          equ	4041	;# 
   331   000FCA                     SSP1MSK         equ	4042	;# 
   332   000FCA                     SSPMSK          equ	4042	;# 
   333   000FCB                     SSP1CON3        equ	4043	;# 
   334   000FCB                     SSPCON3         equ	4043	;# 
   335   000FCC                     T1GCON          equ	4044	;# 
   336   000FCD                     T1CON           equ	4045	;# 
   337   000FCE                     TMR1            equ	4046	;# 
   338   000FCE                     TMR1L           equ	4046	;# 
   339   000FCF                     TMR1H           equ	4047	;# 
   340   000FD0                     RCON            equ	4048	;# 
   341   000FD1                     WDTCON          equ	4049	;# 
   342   000FD2                     OSCCON2         equ	4050	;# 
   343   000FD3                     OSCCON          equ	4051	;# 
   344   000FD5                     T0CON           equ	4053	;# 
   345   000FD6                     TMR0            equ	4054	;# 
   346   000FD6                     TMR0L           equ	4054	;# 
   347   000FD7                     TMR0H           equ	4055	;# 
   348   000FD8                     STATUS          equ	4056	;# 
   349   000FD9                     FSR2            equ	4057	;# 
   350   000FD9                     FSR2L           equ	4057	;# 
   351   000FDA                     FSR2H           equ	4058	;# 
   352   000FDB                     PLUSW2          equ	4059	;# 
   353   000FDC                     PREINC2         equ	4060	;# 
   354   000FDD                     POSTDEC2        equ	4061	;# 
   355   000FDE                     POSTINC2        equ	4062	;# 
   356   000FDF                     INDF2           equ	4063	;# 
   357   000FE0                     BSR             equ	4064	;# 
   358   000FE1                     FSR1            equ	4065	;# 
   359   000FE1                     FSR1L           equ	4065	;# 
   360   000FE2                     FSR1H           equ	4066	;# 
   361   000FE3                     PLUSW1          equ	4067	;# 
   362   000FE4                     PREINC1         equ	4068	;# 
   363   000FE5                     POSTDEC1        equ	4069	;# 
   364   000FE6                     POSTINC1        equ	4070	;# 
   365   000FE7                     INDF1           equ	4071	;# 
   366   000FE8                     WREG            equ	4072	;# 
   367   000FE9                     FSR0            equ	4073	;# 
   368   000FE9                     FSR0L           equ	4073	;# 
   369   000FEA                     FSR0H           equ	4074	;# 
   370   000FEB                     PLUSW0          equ	4075	;# 
   371   000FEC                     PREINC0         equ	4076	;# 
   372   000FED                     POSTDEC0        equ	4077	;# 
   373   000FEE                     POSTINC0        equ	4078	;# 
   374   000FEF                     INDF0           equ	4079	;# 
   375   000FF0                     INTCON3         equ	4080	;# 
   376   000FF1                     INTCON2         equ	4081	;# 
   377   000FF2                     INTCON          equ	4082	;# 
   378   000FF3                     PROD            equ	4083	;# 
   379   000FF3                     PRODL           equ	4083	;# 
   380   000FF4                     PRODH           equ	4084	;# 
   381   000FF5                     TABLAT          equ	4085	;# 
   382   000FF6                     TBLPTR          equ	4086	;# 
   383   000FF6                     TBLPTRL         equ	4086	;# 
   384   000FF7                     TBLPTRH         equ	4087	;# 
   385   000FF8                     TBLPTRU         equ	4088	;# 
   386   000FF9                     PCLAT           equ	4089	;# 
   387   000FF9                     PC              equ	4089	;# 
   388   000FF9                     PCL             equ	4089	;# 
   389   000FFA                     PCLATH          equ	4090	;# 
   390   000FFB                     PCLATU          equ	4091	;# 
   391   000FFC                     STKPTR          equ	4092	;# 
   392   000FFD                     TOS             equ	4093	;# 
   393   000FFD                     TOSL            equ	4093	;# 
   394   000FFE                     TOSH            equ	4094	;# 
   395   000FFF                     TOSU            equ	4095	;# 
   396   000F38                     ANSELA          equ	3896	;# 
   397   000F39                     ANSELB          equ	3897	;# 
   398   000F3A                     ANSELC          equ	3898	;# 
   399   000F3B                     ANSELD          equ	3899	;# 
   400   000F3C                     ANSELE          equ	3900	;# 
   401   000F3D                     PMD2            equ	3901	;# 
   402   000F3E                     PMD1            equ	3902	;# 
   403   000F3F                     PMD0            equ	3903	;# 
   404   000F40                     VREFCON2        equ	3904	;# 
   405   000F40                     DACCON1         equ	3904	;# 
   406   000F41                     VREFCON1        equ	3905	;# 
   407   000F41                     DACCON0         equ	3905	;# 
   408   000F42                     VREFCON0        equ	3906	;# 
   409   000F42                     FVRCON          equ	3906	;# 
   410   000F43                     CTMUICON        equ	3907	;# 
   411   000F43                     CTMUICONH       equ	3907	;# 
   412   000F44                     CTMUCONL        equ	3908	;# 
   413   000F44                     CTMUCON1        equ	3908	;# 
   414   000F45                     CTMUCONH        equ	3909	;# 
   415   000F45                     CTMUCON0        equ	3909	;# 
   416   000F46                     SRCON1          equ	3910	;# 
   417   000F47                     SRCON0          equ	3911	;# 
   418   000F48                     CCPTMRS1        equ	3912	;# 
   419   000F49                     CCPTMRS0        equ	3913	;# 
   420   000F4A                     T6CON           equ	3914	;# 
   421   000F4B                     PR6             equ	3915	;# 
   422   000F4C                     TMR6            equ	3916	;# 
   423   000F4D                     T5GCON          equ	3917	;# 
   424   000F4E                     T5CON           equ	3918	;# 
   425   000F4F                     TMR5            equ	3919	;# 
   426   000F4F                     TMR5L           equ	3919	;# 
   427   000F50                     TMR5H           equ	3920	;# 
   428   000F51                     T4CON           equ	3921	;# 
   429   000F52                     PR4             equ	3922	;# 
   430   000F53                     TMR4            equ	3923	;# 
   431   000F54                     CCP5CON         equ	3924	;# 
   432   000F55                     CCPR5           equ	3925	;# 
   433   000F55                     CCPR5L          equ	3925	;# 
   434   000F56                     CCPR5H          equ	3926	;# 
   435   000F57                     CCP4CON         equ	3927	;# 
   436   000F58                     CCPR4           equ	3928	;# 
   437   000F58                     CCPR4L          equ	3928	;# 
   438   000F59                     CCPR4H          equ	3929	;# 
   439   000F5A                     PSTR3CON        equ	3930	;# 
   440   000F5B                     ECCP3AS         equ	3931	;# 
   441   000F5B                     CCP3AS          equ	3931	;# 
   442   000F5C                     PWM3CON         equ	3932	;# 
   443   000F5D                     CCP3CON         equ	3933	;# 
   444   000F5E                     CCPR3           equ	3934	;# 
   445   000F5E                     CCPR3L          equ	3934	;# 
   446   000F5F                     CCPR3H          equ	3935	;# 
   447   000F60                     SLRCON          equ	3936	;# 
   448   000F61                     WPUB            equ	3937	;# 
   449   000F62                     IOCB            equ	3938	;# 
   450   000F63                     PSTR2CON        equ	3939	;# 
   451   000F64                     ECCP2AS         equ	3940	;# 
   452   000F64                     CCP2AS          equ	3940	;# 
   453   000F65                     PWM2CON         equ	3941	;# 
   454   000F66                     CCP2CON         equ	3942	;# 
   455   000F67                     CCPR2           equ	3943	;# 
   456   000F67                     CCPR2L          equ	3943	;# 
   457   000F68                     CCPR2H          equ	3944	;# 
   458   000F69                     SSP2CON3        equ	3945	;# 
   459   000F6A                     SSP2MSK         equ	3946	;# 
   460   000F6B                     SSP2CON2        equ	3947	;# 
   461   000F6C                     SSP2CON1        equ	3948	;# 
   462   000F6D                     SSP2STAT        equ	3949	;# 
   463   000F6E                     SSP2ADD         equ	3950	;# 
   464   000F6F                     SSP2BUF         equ	3951	;# 
   465   000F70                     BAUDCON2        equ	3952	;# 
   466   000F70                     BAUD2CON        equ	3952	;# 
   467   000F71                     RCSTA2          equ	3953	;# 
   468   000F71                     RC2STA          equ	3953	;# 
   469   000F72                     TXSTA2          equ	3954	;# 
   470   000F72                     TX2STA          equ	3954	;# 
   471   000F73                     TXREG2          equ	3955	;# 
   472   000F73                     TX2REG          equ	3955	;# 
   473   000F74                     RCREG2          equ	3956	;# 
   474   000F74                     RC2REG          equ	3956	;# 
   475   000F75                     SPBRG2          equ	3957	;# 
   476   000F75                     SP2BRG          equ	3957	;# 
   477   000F76                     SPBRGH2         equ	3958	;# 
   478   000F76                     SP2BRGH         equ	3958	;# 
   479   000F77                     CM2CON1         equ	3959	;# 
   480   000F77                     CM12CON         equ	3959	;# 
   481   000F78                     CM2CON0         equ	3960	;# 
   482   000F78                     CM2CON          equ	3960	;# 
   483   000F79                     CM1CON0         equ	3961	;# 
   484   000F79                     CM1CON          equ	3961	;# 
   485   000F7A                     PIE4            equ	3962	;# 
   486   000F7B                     PIR4            equ	3963	;# 
   487   000F7C                     IPR4            equ	3964	;# 
   488   000F7D                     PIE5            equ	3965	;# 
   489   000F7E                     PIR5            equ	3966	;# 
   490   000F7F                     IPR5            equ	3967	;# 
   491   000F80                     PORTA           equ	3968	;# 
   492   000F81                     PORTB           equ	3969	;# 
   493   000F82                     PORTC           equ	3970	;# 
   494   000F83                     PORTD           equ	3971	;# 
   495   000F84                     PORTE           equ	3972	;# 
   496   000F89                     LATA            equ	3977	;# 
   497   000F8A                     LATB            equ	3978	;# 
   498   000F8B                     LATC            equ	3979	;# 
   499   000F8C                     LATD            equ	3980	;# 
   500   000F8D                     LATE            equ	3981	;# 
   501   000F92                     TRISA           equ	3986	;# 
   502   000F92                     DDRA            equ	3986	;# 
   503   000F93                     TRISB           equ	3987	;# 
   504   000F93                     DDRB            equ	3987	;# 
   505   000F94                     TRISC           equ	3988	;# 
   506   000F94                     DDRC            equ	3988	;# 
   507   000F95                     TRISD           equ	3989	;# 
   508   000F95                     DDRD            equ	3989	;# 
   509   000F96                     TRISE           equ	3990	;# 
   510   000F96                     DDRE            equ	3990	;# 
   511   000F9B                     OSCTUNE         equ	3995	;# 
   512   000F9C                     HLVDCON         equ	3996	;# 
   513   000F9C                     LVDCON          equ	3996	;# 
   514   000F9D                     PIE1            equ	3997	;# 
   515   000F9E                     PIR1            equ	3998	;# 
   516   000F9F                     IPR1            equ	3999	;# 
   517   000FA0                     PIE2            equ	4000	;# 
   518   000FA1                     PIR2            equ	4001	;# 
   519   000FA2                     IPR2            equ	4002	;# 
   520   000FA3                     PIE3            equ	4003	;# 
   521   000FA4                     PIR3            equ	4004	;# 
   522   000FA5                     IPR3            equ	4005	;# 
   523   000FA6                     EECON1          equ	4006	;# 
   524   000FA7                     EECON2          equ	4007	;# 
   525   000FA8                     EEDATA          equ	4008	;# 
   526   000FA9                     EEADR           equ	4009	;# 
   527   000FAA                     EEADRH          equ	4010	;# 
   528   000FAB                     RCSTA1          equ	4011	;# 
   529   000FAB                     RCSTA           equ	4011	;# 
   530   000FAB                     RC1STA          equ	4011	;# 
   531   000FAC                     TXSTA1          equ	4012	;# 
   532   000FAC                     TXSTA           equ	4012	;# 
   533   000FAC                     TX1STA          equ	4012	;# 
   534   000FAD                     TXREG1          equ	4013	;# 
   535   000FAD                     TXREG           equ	4013	;# 
   536   000FAD                     TX1REG          equ	4013	;# 
   537   000FAE                     RCREG1          equ	4014	;# 
   538   000FAE                     RCREG           equ	4014	;# 
   539   000FAE                     RC1REG          equ	4014	;# 
   540   000FAF                     SPBRG1          equ	4015	;# 
   541   000FAF                     SPBRG           equ	4015	;# 
   542   000FAF                     SP1BRG          equ	4015	;# 
   543   000FB0                     SPBRGH1         equ	4016	;# 
   544   000FB0                     SPBRGH          equ	4016	;# 
   545   000FB0                     SP1BRGH         equ	4016	;# 
   546   000FB1                     T3CON           equ	4017	;# 
   547   000FB2                     TMR3            equ	4018	;# 
   548   000FB2                     TMR3L           equ	4018	;# 
   549   000FB3                     TMR3H           equ	4019	;# 
   550   000FB4                     T3GCON          equ	4020	;# 
   551   000FB6                     ECCP1AS         equ	4022	;# 
   552   000FB6                     ECCPAS          equ	4022	;# 
   553   000FB7                     PWM1CON         equ	4023	;# 
   554   000FB7                     PWMCON          equ	4023	;# 
   555   000FB8                     BAUDCON1        equ	4024	;# 
   556   000FB8                     BAUDCON         equ	4024	;# 
   557   000FB8                     BAUDCTL         equ	4024	;# 
   558   000FB8                     BAUD1CON        equ	4024	;# 
   559   000FB9                     PSTR1CON        equ	4025	;# 
   560   000FB9                     PSTRCON         equ	4025	;# 
   561   000FBA                     T2CON           equ	4026	;# 
   562   000FBB                     PR2             equ	4027	;# 
   563   000FBC                     TMR2            equ	4028	;# 
   564   000FBD                     CCP1CON         equ	4029	;# 
   565   000FBE                     CCPR1           equ	4030	;# 
   566   000FBE                     CCPR1L          equ	4030	;# 
   567   000FBF                     CCPR1H          equ	4031	;# 
   568   000FC0                     ADCON2          equ	4032	;# 
   569   000FC1                     ADCON1          equ	4033	;# 
   570   000FC2                     ADCON0          equ	4034	;# 
   571   000FC3                     ADRES           equ	4035	;# 
   572   000FC3                     ADRESL          equ	4035	;# 
   573   000FC4                     ADRESH          equ	4036	;# 
   574   000FC5                     SSP1CON2        equ	4037	;# 
   575   000FC5                     SSPCON2         equ	4037	;# 
   576   000FC6                     SSP1CON1        equ	4038	;# 
   577   000FC6                     SSPCON1         equ	4038	;# 
   578   000FC7                     SSP1STAT        equ	4039	;# 
   579   000FC7                     SSPSTAT         equ	4039	;# 
   580   000FC8                     SSP1ADD         equ	4040	;# 
   581   000FC8                     SSPADD          equ	4040	;# 
   582   000FC9                     SSP1BUF         equ	4041	;# 
   583   000FC9                     SSPBUF          equ	4041	;# 
   584   000FCA                     SSP1MSK         equ	4042	;# 
   585   000FCA                     SSPMSK          equ	4042	;# 
   586   000FCB                     SSP1CON3        equ	4043	;# 
   587   000FCB                     SSPCON3         equ	4043	;# 
   588   000FCC                     T1GCON          equ	4044	;# 
   589   000FCD                     T1CON           equ	4045	;# 
   590   000FCE                     TMR1            equ	4046	;# 
   591   000FCE                     TMR1L           equ	4046	;# 
   592   000FCF                     TMR1H           equ	4047	;# 
   593   000FD0                     RCON            equ	4048	;# 
   594   000FD1                     WDTCON          equ	4049	;# 
   595   000FD2                     OSCCON2         equ	4050	;# 
   596   000FD3                     OSCCON          equ	4051	;# 
   597   000FD5                     T0CON           equ	4053	;# 
   598   000FD6                     TMR0            equ	4054	;# 
   599   000FD6                     TMR0L           equ	4054	;# 
   600   000FD7                     TMR0H           equ	4055	;# 
   601   000FD8                     STATUS          equ	4056	;# 
   602   000FD9                     FSR2            equ	4057	;# 
   603   000FD9                     FSR2L           equ	4057	;# 
   604   000FDA                     FSR2H           equ	4058	;# 
   605   000FDB                     PLUSW2          equ	4059	;# 
   606   000FDC                     PREINC2         equ	4060	;# 
   607   000FDD                     POSTDEC2        equ	4061	;# 
   608   000FDE                     POSTINC2        equ	4062	;# 
   609   000FDF                     INDF2           equ	4063	;# 
   610   000FE0                     BSR             equ	4064	;# 
   611   000FE1                     FSR1            equ	4065	;# 
   612   000FE1                     FSR1L           equ	4065	;# 
   613   000FE2                     FSR1H           equ	4066	;# 
   614   000FE3                     PLUSW1          equ	4067	;# 
   615   000FE4                     PREINC1         equ	4068	;# 
   616   000FE5                     POSTDEC1        equ	4069	;# 
   617   000FE6                     POSTINC1        equ	4070	;# 
   618   000FE7                     INDF1           equ	4071	;# 
   619   000FE8                     WREG            equ	4072	;# 
   620   000FE9                     FSR0            equ	4073	;# 
   621   000FE9                     FSR0L           equ	4073	;# 
   622   000FEA                     FSR0H           equ	4074	;# 
   623   000FEB                     PLUSW0          equ	4075	;# 
   624   000FEC                     PREINC0         equ	4076	;# 
   625   000FED                     POSTDEC0        equ	4077	;# 
   626   000FEE                     POSTINC0        equ	4078	;# 
   627   000FEF                     INDF0           equ	4079	;# 
   628   000FF0                     INTCON3         equ	4080	;# 
   629   000FF1                     INTCON2         equ	4081	;# 
   630   000FF2                     INTCON          equ	4082	;# 
   631   000FF3                     PROD            equ	4083	;# 
   632   000FF3                     PRODL           equ	4083	;# 
   633   000FF4                     PRODH           equ	4084	;# 
   634   000FF5                     TABLAT          equ	4085	;# 
   635   000FF6                     TBLPTR          equ	4086	;# 
   636   000FF6                     TBLPTRL         equ	4086	;# 
   637   000FF7                     TBLPTRH         equ	4087	;# 
   638   000FF8                     TBLPTRU         equ	4088	;# 
   639   000FF9                     PCLAT           equ	4089	;# 
   640   000FF9                     PC              equ	4089	;# 
   641   000FF9                     PCL             equ	4089	;# 
   642   000FFA                     PCLATH          equ	4090	;# 
   643   000FFB                     PCLATU          equ	4091	;# 
   644   000FFC                     STKPTR          equ	4092	;# 
   645   000FFD                     TOS             equ	4093	;# 
   646   000FFD                     TOSL            equ	4093	;# 
   647   000FFE                     TOSH            equ	4094	;# 
   648   000FFF                     TOSU            equ	4095	;# 
   649   000F38                     ANSELA          equ	3896	;# 
   650   000F39                     ANSELB          equ	3897	;# 
   651   000F3A                     ANSELC          equ	3898	;# 
   652   000F3B                     ANSELD          equ	3899	;# 
   653   000F3C                     ANSELE          equ	3900	;# 
   654   000F3D                     PMD2            equ	3901	;# 
   655   000F3E                     PMD1            equ	3902	;# 
   656   000F3F                     PMD0            equ	3903	;# 
   657   000F40                     VREFCON2        equ	3904	;# 
   658   000F40                     DACCON1         equ	3904	;# 
   659   000F41                     VREFCON1        equ	3905	;# 
   660   000F41                     DACCON0         equ	3905	;# 
   661   000F42                     VREFCON0        equ	3906	;# 
   662   000F42                     FVRCON          equ	3906	;# 
   663   000F43                     CTMUICON        equ	3907	;# 
   664   000F43                     CTMUICONH       equ	3907	;# 
   665   000F44                     CTMUCONL        equ	3908	;# 
   666   000F44                     CTMUCON1        equ	3908	;# 
   667   000F45                     CTMUCONH        equ	3909	;# 
   668   000F45                     CTMUCON0        equ	3909	;# 
   669   000F46                     SRCON1          equ	3910	;# 
   670   000F47                     SRCON0          equ	3911	;# 
   671   000F48                     CCPTMRS1        equ	3912	;# 
   672   000F49                     CCPTMRS0        equ	3913	;# 
   673   000F4A                     T6CON           equ	3914	;# 
   674   000F4B                     PR6             equ	3915	;# 
   675   000F4C                     TMR6            equ	3916	;# 
   676   000F4D                     T5GCON          equ	3917	;# 
   677   000F4E                     T5CON           equ	3918	;# 
   678   000F4F                     TMR5            equ	3919	;# 
   679   000F4F                     TMR5L           equ	3919	;# 
   680   000F50                     TMR5H           equ	3920	;# 
   681   000F51                     T4CON           equ	3921	;# 
   682   000F52                     PR4             equ	3922	;# 
   683   000F53                     TMR4            equ	3923	;# 
   684   000F54                     CCP5CON         equ	3924	;# 
   685   000F55                     CCPR5           equ	3925	;# 
   686   000F55                     CCPR5L          equ	3925	;# 
   687   000F56                     CCPR5H          equ	3926	;# 
   688   000F57                     CCP4CON         equ	3927	;# 
   689   000F58                     CCPR4           equ	3928	;# 
   690   000F58                     CCPR4L          equ	3928	;# 
   691   000F59                     CCPR4H          equ	3929	;# 
   692   000F5A                     PSTR3CON        equ	3930	;# 
   693   000F5B                     ECCP3AS         equ	3931	;# 
   694   000F5B                     CCP3AS          equ	3931	;# 
   695   000F5C                     PWM3CON         equ	3932	;# 
   696   000F5D                     CCP3CON         equ	3933	;# 
   697   000F5E                     CCPR3           equ	3934	;# 
   698   000F5E                     CCPR3L          equ	3934	;# 
   699   000F5F                     CCPR3H          equ	3935	;# 
   700   000F60                     SLRCON          equ	3936	;# 
   701   000F61                     WPUB            equ	3937	;# 
   702   000F62                     IOCB            equ	3938	;# 
   703   000F63                     PSTR2CON        equ	3939	;# 
   704   000F64                     ECCP2AS         equ	3940	;# 
   705   000F64                     CCP2AS          equ	3940	;# 
   706   000F65                     PWM2CON         equ	3941	;# 
   707   000F66                     CCP2CON         equ	3942	;# 
   708   000F67                     CCPR2           equ	3943	;# 
   709   000F67                     CCPR2L          equ	3943	;# 
   710   000F68                     CCPR2H          equ	3944	;# 
   711   000F69                     SSP2CON3        equ	3945	;# 
   712   000F6A                     SSP2MSK         equ	3946	;# 
   713   000F6B                     SSP2CON2        equ	3947	;# 
   714   000F6C                     SSP2CON1        equ	3948	;# 
   715   000F6D                     SSP2STAT        equ	3949	;# 
   716   000F6E                     SSP2ADD         equ	3950	;# 
   717   000F6F                     SSP2BUF         equ	3951	;# 
   718   000F70                     BAUDCON2        equ	3952	;# 
   719   000F70                     BAUD2CON        equ	3952	;# 
   720   000F71                     RCSTA2          equ	3953	;# 
   721   000F71                     RC2STA          equ	3953	;# 
   722   000F72                     TXSTA2          equ	3954	;# 
   723   000F72                     TX2STA          equ	3954	;# 
   724   000F73                     TXREG2          equ	3955	;# 
   725   000F73                     TX2REG          equ	3955	;# 
   726   000F74                     RCREG2          equ	3956	;# 
   727   000F74                     RC2REG          equ	3956	;# 
   728   000F75                     SPBRG2          equ	3957	;# 
   729   000F75                     SP2BRG          equ	3957	;# 
   730   000F76                     SPBRGH2         equ	3958	;# 
   731   000F76                     SP2BRGH         equ	3958	;# 
   732   000F77                     CM2CON1         equ	3959	;# 
   733   000F77                     CM12CON         equ	3959	;# 
   734   000F78                     CM2CON0         equ	3960	;# 
   735   000F78                     CM2CON          equ	3960	;# 
   736   000F79                     CM1CON0         equ	3961	;# 
   737   000F79                     CM1CON          equ	3961	;# 
   738   000F7A                     PIE4            equ	3962	;# 
   739   000F7B                     PIR4            equ	3963	;# 
   740   000F7C                     IPR4            equ	3964	;# 
   741   000F7D                     PIE5            equ	3965	;# 
   742   000F7E                     PIR5            equ	3966	;# 
   743   000F7F                     IPR5            equ	3967	;# 
   744   000F80                     PORTA           equ	3968	;# 
   745   000F81                     PORTB           equ	3969	;# 
   746   000F82                     PORTC           equ	3970	;# 
   747   000F83                     PORTD           equ	3971	;# 
   748   000F84                     PORTE           equ	3972	;# 
   749   000F89                     LATA            equ	3977	;# 
   750   000F8A                     LATB            equ	3978	;# 
   751   000F8B                     LATC            equ	3979	;# 
   752   000F8C                     LATD            equ	3980	;# 
   753   000F8D                     LATE            equ	3981	;# 
   754   000F92                     TRISA           equ	3986	;# 
   755   000F92                     DDRA            equ	3986	;# 
   756   000F93                     TRISB           equ	3987	;# 
   757   000F93                     DDRB            equ	3987	;# 
   758   000F94                     TRISC           equ	3988	;# 
   759   000F94                     DDRC            equ	3988	;# 
   760   000F95                     TRISD           equ	3989	;# 
   761   000F95                     DDRD            equ	3989	;# 
   762   000F96                     TRISE           equ	3990	;# 
   763   000F96                     DDRE            equ	3990	;# 
   764   000F9B                     OSCTUNE         equ	3995	;# 
   765   000F9C                     HLVDCON         equ	3996	;# 
   766   000F9C                     LVDCON          equ	3996	;# 
   767   000F9D                     PIE1            equ	3997	;# 
   768   000F9E                     PIR1            equ	3998	;# 
   769   000F9F                     IPR1            equ	3999	;# 
   770   000FA0                     PIE2            equ	4000	;# 
   771   000FA1                     PIR2            equ	4001	;# 
   772   000FA2                     IPR2            equ	4002	;# 
   773   000FA3                     PIE3            equ	4003	;# 
   774   000FA4                     PIR3            equ	4004	;# 
   775   000FA5                     IPR3            equ	4005	;# 
   776   000FA6                     EECON1          equ	4006	;# 
   777   000FA7                     EECON2          equ	4007	;# 
   778   000FA8                     EEDATA          equ	4008	;# 
   779   000FA9                     EEADR           equ	4009	;# 
   780   000FAA                     EEADRH          equ	4010	;# 
   781   000FAB                     RCSTA1          equ	4011	;# 
   782   000FAB                     RCSTA           equ	4011	;# 
   783   000FAB                     RC1STA          equ	4011	;# 
   784   000FAC                     TXSTA1          equ	4012	;# 
   785   000FAC                     TXSTA           equ	4012	;# 
   786   000FAC                     TX1STA          equ	4012	;# 
   787   000FAD                     TXREG1          equ	4013	;# 
   788   000FAD                     TXREG           equ	4013	;# 
   789   000FAD                     TX1REG          equ	4013	;# 
   790   000FAE                     RCREG1          equ	4014	;# 
   791   000FAE                     RCREG           equ	4014	;# 
   792   000FAE                     RC1REG          equ	4014	;# 
   793   000FAF                     SPBRG1          equ	4015	;# 
   794   000FAF                     SPBRG           equ	4015	;# 
   795   000FAF                     SP1BRG          equ	4015	;# 
   796   000FB0                     SPBRGH1         equ	4016	;# 
   797   000FB0                     SPBRGH          equ	4016	;# 
   798   000FB0                     SP1BRGH         equ	4016	;# 
   799   000FB1                     T3CON           equ	4017	;# 
   800   000FB2                     TMR3            equ	4018	;# 
   801   000FB2                     TMR3L           equ	4018	;# 
   802   000FB3                     TMR3H           equ	4019	;# 
   803   000FB4                     T3GCON          equ	4020	;# 
   804   000FB6                     ECCP1AS         equ	4022	;# 
   805   000FB6                     ECCPAS          equ	4022	;# 
   806   000FB7                     PWM1CON         equ	4023	;# 
   807   000FB7                     PWMCON          equ	4023	;# 
   808   000FB8                     BAUDCON1        equ	4024	;# 
   809   000FB8                     BAUDCON         equ	4024	;# 
   810   000FB8                     BAUDCTL         equ	4024	;# 
   811   000FB8                     BAUD1CON        equ	4024	;# 
   812   000FB9                     PSTR1CON        equ	4025	;# 
   813   000FB9                     PSTRCON         equ	4025	;# 
   814   000FBA                     T2CON           equ	4026	;# 
   815   000FBB                     PR2             equ	4027	;# 
   816   000FBC                     TMR2            equ	4028	;# 
   817   000FBD                     CCP1CON         equ	4029	;# 
   818   000FBE                     CCPR1           equ	4030	;# 
   819   000FBE                     CCPR1L          equ	4030	;# 
   820   000FBF                     CCPR1H          equ	4031	;# 
   821   000FC0                     ADCON2          equ	4032	;# 
   822   000FC1                     ADCON1          equ	4033	;# 
   823   000FC2                     ADCON0          equ	4034	;# 
   824   000FC3                     ADRES           equ	4035	;# 
   825   000FC3                     ADRESL          equ	4035	;# 
   826   000FC4                     ADRESH          equ	4036	;# 
   827   000FC5                     SSP1CON2        equ	4037	;# 
   828   000FC5                     SSPCON2         equ	4037	;# 
   829   000FC6                     SSP1CON1        equ	4038	;# 
   830   000FC6                     SSPCON1         equ	4038	;# 
   831   000FC7                     SSP1STAT        equ	4039	;# 
   832   000FC7                     SSPSTAT         equ	4039	;# 
   833   000FC8                     SSP1ADD         equ	4040	;# 
   834   000FC8                     SSPADD          equ	4040	;# 
   835   000FC9                     SSP1BUF         equ	4041	;# 
   836   000FC9                     SSPBUF          equ	4041	;# 
   837   000FCA                     SSP1MSK         equ	4042	;# 
   838   000FCA                     SSPMSK          equ	4042	;# 
   839   000FCB                     SSP1CON3        equ	4043	;# 
   840   000FCB                     SSPCON3         equ	4043	;# 
   841   000FCC                     T1GCON          equ	4044	;# 
   842   000FCD                     T1CON           equ	4045	;# 
   843   000FCE                     TMR1            equ	4046	;# 
   844   000FCE                     TMR1L           equ	4046	;# 
   845   000FCF                     TMR1H           equ	4047	;# 
   846   000FD0                     RCON            equ	4048	;# 
   847   000FD1                     WDTCON          equ	4049	;# 
   848   000FD2                     OSCCON2         equ	4050	;# 
   849   000FD3                     OSCCON          equ	4051	;# 
   850   000FD5                     T0CON           equ	4053	;# 
   851   000FD6                     TMR0            equ	4054	;# 
   852   000FD6                     TMR0L           equ	4054	;# 
   853   000FD7                     TMR0H           equ	4055	;# 
   854   000FD8                     STATUS          equ	4056	;# 
   855   000FD9                     FSR2            equ	4057	;# 
   856   000FD9                     FSR2L           equ	4057	;# 
   857   000FDA                     FSR2H           equ	4058	;# 
   858   000FDB                     PLUSW2          equ	4059	;# 
   859   000FDC                     PREINC2         equ	4060	;# 
   860   000FDD                     POSTDEC2        equ	4061	;# 
   861   000FDE                     POSTINC2        equ	4062	;# 
   862   000FDF                     INDF2           equ	4063	;# 
   863   000FE0                     BSR             equ	4064	;# 
   864   000FE1                     FSR1            equ	4065	;# 
   865   000FE1                     FSR1L           equ	4065	;# 
   866   000FE2                     FSR1H           equ	4066	;# 
   867   000FE3                     PLUSW1          equ	4067	;# 
   868   000FE4                     PREINC1         equ	4068	;# 
   869   000FE5                     POSTDEC1        equ	4069	;# 
   870   000FE6                     POSTINC1        equ	4070	;# 
   871   000FE7                     INDF1           equ	4071	;# 
   872   000FE8                     WREG            equ	4072	;# 
   873   000FE9                     FSR0            equ	4073	;# 
   874   000FE9                     FSR0L           equ	4073	;# 
   875   000FEA                     FSR0H           equ	4074	;# 
   876   000FEB                     PLUSW0          equ	4075	;# 
   877   000FEC                     PREINC0         equ	4076	;# 
   878   000FED                     POSTDEC0        equ	4077	;# 
   879   000FEE                     POSTINC0        equ	4078	;# 
   880   000FEF                     INDF0           equ	4079	;# 
   881   000FF0                     INTCON3         equ	4080	;# 
   882   000FF1                     INTCON2         equ	4081	;# 
   883   000FF2                     INTCON          equ	4082	;# 
   884   000FF3                     PROD            equ	4083	;# 
   885   000FF3                     PRODL           equ	4083	;# 
   886   000FF4                     PRODH           equ	4084	;# 
   887   000FF5                     TABLAT          equ	4085	;# 
   888   000FF6                     TBLPTR          equ	4086	;# 
   889   000FF6                     TBLPTRL         equ	4086	;# 
   890   000FF7                     TBLPTRH         equ	4087	;# 
   891   000FF8                     TBLPTRU         equ	4088	;# 
   892   000FF9                     PCLAT           equ	4089	;# 
   893   000FF9                     PC              equ	4089	;# 
   894   000FF9                     PCL             equ	4089	;# 
   895   000FFA                     PCLATH          equ	4090	;# 
   896   000FFB                     PCLATU          equ	4091	;# 
   897   000FFC                     STKPTR          equ	4092	;# 
   898   000FFD                     TOS             equ	4093	;# 
   899   000FFD                     TOSL            equ	4093	;# 
   900   000FFE                     TOSH            equ	4094	;# 
   901   000FFF                     TOSU            equ	4095	;# 
   902   000F38                     ANSELA          equ	3896	;# 
   903   000F39                     ANSELB          equ	3897	;# 
   904   000F3A                     ANSELC          equ	3898	;# 
   905   000F3B                     ANSELD          equ	3899	;# 
   906   000F3C                     ANSELE          equ	3900	;# 
   907   000F3D                     PMD2            equ	3901	;# 
   908   000F3E                     PMD1            equ	3902	;# 
   909   000F3F                     PMD0            equ	3903	;# 
   910   000F40                     VREFCON2        equ	3904	;# 
   911   000F40                     DACCON1         equ	3904	;# 
   912   000F41                     VREFCON1        equ	3905	;# 
   913   000F41                     DACCON0         equ	3905	;# 
   914   000F42                     VREFCON0        equ	3906	;# 
   915   000F42                     FVRCON          equ	3906	;# 
   916   000F43                     CTMUICON        equ	3907	;# 
   917   000F43                     CTMUICONH       equ	3907	;# 
   918   000F44                     CTMUCONL        equ	3908	;# 
   919   000F44                     CTMUCON1        equ	3908	;# 
   920   000F45                     CTMUCONH        equ	3909	;# 
   921   000F45                     CTMUCON0        equ	3909	;# 
   922   000F46                     SRCON1          equ	3910	;# 
   923   000F47                     SRCON0          equ	3911	;# 
   924   000F48                     CCPTMRS1        equ	3912	;# 
   925   000F49                     CCPTMRS0        equ	3913	;# 
   926   000F4A                     T6CON           equ	3914	;# 
   927   000F4B                     PR6             equ	3915	;# 
   928   000F4C                     TMR6            equ	3916	;# 
   929   000F4D                     T5GCON          equ	3917	;# 
   930   000F4E                     T5CON           equ	3918	;# 
   931   000F4F                     TMR5            equ	3919	;# 
   932   000F4F                     TMR5L           equ	3919	;# 
   933   000F50                     TMR5H           equ	3920	;# 
   934   000F51                     T4CON           equ	3921	;# 
   935   000F52                     PR4             equ	3922	;# 
   936   000F53                     TMR4            equ	3923	;# 
   937   000F54                     CCP5CON         equ	3924	;# 
   938   000F55                     CCPR5           equ	3925	;# 
   939   000F55                     CCPR5L          equ	3925	;# 
   940   000F56                     CCPR5H          equ	3926	;# 
   941   000F57                     CCP4CON         equ	3927	;# 
   942   000F58                     CCPR4           equ	3928	;# 
   943   000F58                     CCPR4L          equ	3928	;# 
   944   000F59                     CCPR4H          equ	3929	;# 
   945   000F5A                     PSTR3CON        equ	3930	;# 
   946   000F5B                     ECCP3AS         equ	3931	;# 
   947   000F5B                     CCP3AS          equ	3931	;# 
   948   000F5C                     PWM3CON         equ	3932	;# 
   949   000F5D                     CCP3CON         equ	3933	;# 
   950   000F5E                     CCPR3           equ	3934	;# 
   951   000F5E                     CCPR3L          equ	3934	;# 
   952   000F5F                     CCPR3H          equ	3935	;# 
   953   000F60                     SLRCON          equ	3936	;# 
   954   000F61                     WPUB            equ	3937	;# 
   955   000F62                     IOCB            equ	3938	;# 
   956   000F63                     PSTR2CON        equ	3939	;# 
   957   000F64                     ECCP2AS         equ	3940	;# 
   958   000F64                     CCP2AS          equ	3940	;# 
   959   000F65                     PWM2CON         equ	3941	;# 
   960   000F66                     CCP2CON         equ	3942	;# 
   961   000F67                     CCPR2           equ	3943	;# 
   962   000F67                     CCPR2L          equ	3943	;# 
   963   000F68                     CCPR2H          equ	3944	;# 
   964   000F69                     SSP2CON3        equ	3945	;# 
   965   000F6A                     SSP2MSK         equ	3946	;# 
   966   000F6B                     SSP2CON2        equ	3947	;# 
   967   000F6C                     SSP2CON1        equ	3948	;# 
   968   000F6D                     SSP2STAT        equ	3949	;# 
   969   000F6E                     SSP2ADD         equ	3950	;# 
   970   000F6F                     SSP2BUF         equ	3951	;# 
   971   000F70                     BAUDCON2        equ	3952	;# 
   972   000F70                     BAUD2CON        equ	3952	;# 
   973   000F71                     RCSTA2          equ	3953	;# 
   974   000F71                     RC2STA          equ	3953	;# 
   975   000F72                     TXSTA2          equ	3954	;# 
   976   000F72                     TX2STA          equ	3954	;# 
   977   000F73                     TXREG2          equ	3955	;# 
   978   000F73                     TX2REG          equ	3955	;# 
   979   000F74                     RCREG2          equ	3956	;# 
   980   000F74                     RC2REG          equ	3956	;# 
   981   000F75                     SPBRG2          equ	3957	;# 
   982   000F75                     SP2BRG          equ	3957	;# 
   983   000F76                     SPBRGH2         equ	3958	;# 
   984   000F76                     SP2BRGH         equ	3958	;# 
   985   000F77                     CM2CON1         equ	3959	;# 
   986   000F77                     CM12CON         equ	3959	;# 
   987   000F78                     CM2CON0         equ	3960	;# 
   988   000F78                     CM2CON          equ	3960	;# 
   989   000F79                     CM1CON0         equ	3961	;# 
   990   000F79                     CM1CON          equ	3961	;# 
   991   000F7A                     PIE4            equ	3962	;# 
   992   000F7B                     PIR4            equ	3963	;# 
   993   000F7C                     IPR4            equ	3964	;# 
   994   000F7D                     PIE5            equ	3965	;# 
   995   000F7E                     PIR5            equ	3966	;# 
   996   000F7F                     IPR5            equ	3967	;# 
   997   000F80                     PORTA           equ	3968	;# 
   998   000F81                     PORTB           equ	3969	;# 
   999   000F82                     PORTC           equ	3970	;# 
  1000   000F83                     PORTD           equ	3971	;# 
  1001   000F84                     PORTE           equ	3972	;# 
  1002   000F89                     LATA            equ	3977	;# 
  1003   000F8A                     LATB            equ	3978	;# 
  1004   000F8B                     LATC            equ	3979	;# 
  1005   000F8C                     LATD            equ	3980	;# 
  1006   000F8D                     LATE            equ	3981	;# 
  1007   000F92                     TRISA           equ	3986	;# 
  1008   000F92                     DDRA            equ	3986	;# 
  1009   000F93                     TRISB           equ	3987	;# 
  1010   000F93                     DDRB            equ	3987	;# 
  1011   000F94                     TRISC           equ	3988	;# 
  1012   000F94                     DDRC            equ	3988	;# 
  1013   000F95                     TRISD           equ	3989	;# 
  1014   000F95                     DDRD            equ	3989	;# 
  1015   000F96                     TRISE           equ	3990	;# 
  1016   000F96                     DDRE            equ	3990	;# 
  1017   000F9B                     OSCTUNE         equ	3995	;# 
  1018   000F9C                     HLVDCON         equ	3996	;# 
  1019   000F9C                     LVDCON          equ	3996	;# 
  1020   000F9D                     PIE1            equ	3997	;# 
  1021   000F9E                     PIR1            equ	3998	;# 
  1022   000F9F                     IPR1            equ	3999	;# 
  1023   000FA0                     PIE2            equ	4000	;# 
  1024   000FA1                     PIR2            equ	4001	;# 
  1025   000FA2                     IPR2            equ	4002	;# 
  1026   000FA3                     PIE3            equ	4003	;# 
  1027   000FA4                     PIR3            equ	4004	;# 
  1028   000FA5                     IPR3            equ	4005	;# 
  1029   000FA6                     EECON1          equ	4006	;# 
  1030   000FA7                     EECON2          equ	4007	;# 
  1031   000FA8                     EEDATA          equ	4008	;# 
  1032   000FA9                     EEADR           equ	4009	;# 
  1033   000FAA                     EEADRH          equ	4010	;# 
  1034   000FAB                     RCSTA1          equ	4011	;# 
  1035   000FAB                     RCSTA           equ	4011	;# 
  1036   000FAB                     RC1STA          equ	4011	;# 
  1037   000FAC                     TXSTA1          equ	4012	;# 
  1038   000FAC                     TXSTA           equ	4012	;# 
  1039   000FAC                     TX1STA          equ	4012	;# 
  1040   000FAD                     TXREG1          equ	4013	;# 
  1041   000FAD                     TXREG           equ	4013	;# 
  1042   000FAD                     TX1REG          equ	4013	;# 
  1043   000FAE                     RCREG1          equ	4014	;# 
  1044   000FAE                     RCREG           equ	4014	;# 
  1045   000FAE                     RC1REG          equ	4014	;# 
  1046   000FAF                     SPBRG1          equ	4015	;# 
  1047   000FAF                     SPBRG           equ	4015	;# 
  1048   000FAF                     SP1BRG          equ	4015	;# 
  1049   000FB0                     SPBRGH1         equ	4016	;# 
  1050   000FB0                     SPBRGH          equ	4016	;# 
  1051   000FB0                     SP1BRGH         equ	4016	;# 
  1052   000FB1                     T3CON           equ	4017	;# 
  1053   000FB2                     TMR3            equ	4018	;# 
  1054   000FB2                     TMR3L           equ	4018	;# 
  1055   000FB3                     TMR3H           equ	4019	;# 
  1056   000FB4                     T3GCON          equ	4020	;# 
  1057   000FB6                     ECCP1AS         equ	4022	;# 
  1058   000FB6                     ECCPAS          equ	4022	;# 
  1059   000FB7                     PWM1CON         equ	4023	;# 
  1060   000FB7                     PWMCON          equ	4023	;# 
  1061   000FB8                     BAUDCON1        equ	4024	;# 
  1062   000FB8                     BAUDCON         equ	4024	;# 
  1063   000FB8                     BAUDCTL         equ	4024	;# 
  1064   000FB8                     BAUD1CON        equ	4024	;# 
  1065   000FB9                     PSTR1CON        equ	4025	;# 
  1066   000FB9                     PSTRCON         equ	4025	;# 
  1067   000FBA                     T2CON           equ	4026	;# 
  1068   000FBB                     PR2             equ	4027	;# 
  1069   000FBC                     TMR2            equ	4028	;# 
  1070   000FBD                     CCP1CON         equ	4029	;# 
  1071   000FBE                     CCPR1           equ	4030	;# 
  1072   000FBE                     CCPR1L          equ	4030	;# 
  1073   000FBF                     CCPR1H          equ	4031	;# 
  1074   000FC0                     ADCON2          equ	4032	;# 
  1075   000FC1                     ADCON1          equ	4033	;# 
  1076   000FC2                     ADCON0          equ	4034	;# 
  1077   000FC3                     ADRES           equ	4035	;# 
  1078   000FC3                     ADRESL          equ	4035	;# 
  1079   000FC4                     ADRESH          equ	4036	;# 
  1080   000FC5                     SSP1CON2        equ	4037	;# 
  1081   000FC5                     SSPCON2         equ	4037	;# 
  1082   000FC6                     SSP1CON1        equ	4038	;# 
  1083   000FC6                     SSPCON1         equ	4038	;# 
  1084   000FC7                     SSP1STAT        equ	4039	;# 
  1085   000FC7                     SSPSTAT         equ	4039	;# 
  1086   000FC8                     SSP1ADD         equ	4040	;# 
  1087   000FC8                     SSPADD          equ	4040	;# 
  1088   000FC9                     SSP1BUF         equ	4041	;# 
  1089   000FC9                     SSPBUF          equ	4041	;# 
  1090   000FCA                     SSP1MSK         equ	4042	;# 
  1091   000FCA                     SSPMSK          equ	4042	;# 
  1092   000FCB                     SSP1CON3        equ	4043	;# 
  1093   000FCB                     SSPCON3         equ	4043	;# 
  1094   000FCC                     T1GCON          equ	4044	;# 
  1095   000FCD                     T1CON           equ	4045	;# 
  1096   000FCE                     TMR1            equ	4046	;# 
  1097   000FCE                     TMR1L           equ	4046	;# 
  1098   000FCF                     TMR1H           equ	4047	;# 
  1099   000FD0                     RCON            equ	4048	;# 
  1100   000FD1                     WDTCON          equ	4049	;# 
  1101   000FD2                     OSCCON2         equ	4050	;# 
  1102   000FD3                     OSCCON          equ	4051	;# 
  1103   000FD5                     T0CON           equ	4053	;# 
  1104   000FD6                     TMR0            equ	4054	;# 
  1105   000FD6                     TMR0L           equ	4054	;# 
  1106   000FD7                     TMR0H           equ	4055	;# 
  1107   000FD8                     STATUS          equ	4056	;# 
  1108   000FD9                     FSR2            equ	4057	;# 
  1109   000FD9                     FSR2L           equ	4057	;# 
  1110   000FDA                     FSR2H           equ	4058	;# 
  1111   000FDB                     PLUSW2          equ	4059	;# 
  1112   000FDC                     PREINC2         equ	4060	;# 
  1113   000FDD                     POSTDEC2        equ	4061	;# 
  1114   000FDE                     POSTINC2        equ	4062	;# 
  1115   000FDF                     INDF2           equ	4063	;# 
  1116   000FE0                     BSR             equ	4064	;# 
  1117   000FE1                     FSR1            equ	4065	;# 
  1118   000FE1                     FSR1L           equ	4065	;# 
  1119   000FE2                     FSR1H           equ	4066	;# 
  1120   000FE3                     PLUSW1          equ	4067	;# 
  1121   000FE4                     PREINC1         equ	4068	;# 
  1122   000FE5                     POSTDEC1        equ	4069	;# 
  1123   000FE6                     POSTINC1        equ	4070	;# 
  1124   000FE7                     INDF1           equ	4071	;# 
  1125   000FE8                     WREG            equ	4072	;# 
  1126   000FE9                     FSR0            equ	4073	;# 
  1127   000FE9                     FSR0L           equ	4073	;# 
  1128   000FEA                     FSR0H           equ	4074	;# 
  1129   000FEB                     PLUSW0          equ	4075	;# 
  1130   000FEC                     PREINC0         equ	4076	;# 
  1131   000FED                     POSTDEC0        equ	4077	;# 
  1132   000FEE                     POSTINC0        equ	4078	;# 
  1133   000FEF                     INDF0           equ	4079	;# 
  1134   000FF0                     INTCON3         equ	4080	;# 
  1135   000FF1                     INTCON2         equ	4081	;# 
  1136   000FF2                     INTCON          equ	4082	;# 
  1137   000FF3                     PROD            equ	4083	;# 
  1138   000FF3                     PRODL           equ	4083	;# 
  1139   000FF4                     PRODH           equ	4084	;# 
  1140   000FF5                     TABLAT          equ	4085	;# 
  1141   000FF6                     TBLPTR          equ	4086	;# 
  1142   000FF6                     TBLPTRL         equ	4086	;# 
  1143   000FF7                     TBLPTRH         equ	4087	;# 
  1144   000FF8                     TBLPTRU         equ	4088	;# 
  1145   000FF9                     PCLAT           equ	4089	;# 
  1146   000FF9                     PC              equ	4089	;# 
  1147   000FF9                     PCL             equ	4089	;# 
  1148   000FFA                     PCLATH          equ	4090	;# 
  1149   000FFB                     PCLATU          equ	4091	;# 
  1150   000FFC                     STKPTR          equ	4092	;# 
  1151   000FFD                     TOS             equ	4093	;# 
  1152   000FFD                     TOSL            equ	4093	;# 
  1153   000FFE                     TOSH            equ	4094	;# 
  1154   000FFF                     TOSU            equ	4095	;# 
  1155   000F38                     ANSELA          equ	3896	;# 
  1156   000F39                     ANSELB          equ	3897	;# 
  1157   000F3A                     ANSELC          equ	3898	;# 
  1158   000F3B                     ANSELD          equ	3899	;# 
  1159   000F3C                     ANSELE          equ	3900	;# 
  1160   000F3D                     PMD2            equ	3901	;# 
  1161   000F3E                     PMD1            equ	3902	;# 
  1162   000F3F                     PMD0            equ	3903	;# 
  1163   000F40                     VREFCON2        equ	3904	;# 
  1164   000F40                     DACCON1         equ	3904	;# 
  1165   000F41                     VREFCON1        equ	3905	;# 
  1166   000F41                     DACCON0         equ	3905	;# 
  1167   000F42                     VREFCON0        equ	3906	;# 
  1168   000F42                     FVRCON          equ	3906	;# 
  1169   000F43                     CTMUICON        equ	3907	;# 
  1170   000F43                     CTMUICONH       equ	3907	;# 
  1171   000F44                     CTMUCONL        equ	3908	;# 
  1172   000F44                     CTMUCON1        equ	3908	;# 
  1173   000F45                     CTMUCONH        equ	3909	;# 
  1174   000F45                     CTMUCON0        equ	3909	;# 
  1175   000F46                     SRCON1          equ	3910	;# 
  1176   000F47                     SRCON0          equ	3911	;# 
  1177   000F48                     CCPTMRS1        equ	3912	;# 
  1178   000F49                     CCPTMRS0        equ	3913	;# 
  1179   000F4A                     T6CON           equ	3914	;# 
  1180   000F4B                     PR6             equ	3915	;# 
  1181   000F4C                     TMR6            equ	3916	;# 
  1182   000F4D                     T5GCON          equ	3917	;# 
  1183   000F4E                     T5CON           equ	3918	;# 
  1184   000F4F                     TMR5            equ	3919	;# 
  1185   000F4F                     TMR5L           equ	3919	;# 
  1186   000F50                     TMR5H           equ	3920	;# 
  1187   000F51                     T4CON           equ	3921	;# 
  1188   000F52                     PR4             equ	3922	;# 
  1189   000F53                     TMR4            equ	3923	;# 
  1190   000F54                     CCP5CON         equ	3924	;# 
  1191   000F55                     CCPR5           equ	3925	;# 
  1192   000F55                     CCPR5L          equ	3925	;# 
  1193   000F56                     CCPR5H          equ	3926	;# 
  1194   000F57                     CCP4CON         equ	3927	;# 
  1195   000F58                     CCPR4           equ	3928	;# 
  1196   000F58                     CCPR4L          equ	3928	;# 
  1197   000F59                     CCPR4H          equ	3929	;# 
  1198   000F5A                     PSTR3CON        equ	3930	;# 
  1199   000F5B                     ECCP3AS         equ	3931	;# 
  1200   000F5B                     CCP3AS          equ	3931	;# 
  1201   000F5C                     PWM3CON         equ	3932	;# 
  1202   000F5D                     CCP3CON         equ	3933	;# 
  1203   000F5E                     CCPR3           equ	3934	;# 
  1204   000F5E                     CCPR3L          equ	3934	;# 
  1205   000F5F                     CCPR3H          equ	3935	;# 
  1206   000F60                     SLRCON          equ	3936	;# 
  1207   000F61                     WPUB            equ	3937	;# 
  1208   000F62                     IOCB            equ	3938	;# 
  1209   000F63                     PSTR2CON        equ	3939	;# 
  1210   000F64                     ECCP2AS         equ	3940	;# 
  1211   000F64                     CCP2AS          equ	3940	;# 
  1212   000F65                     PWM2CON         equ	3941	;# 
  1213   000F66                     CCP2CON         equ	3942	;# 
  1214   000F67                     CCPR2           equ	3943	;# 
  1215   000F67                     CCPR2L          equ	3943	;# 
  1216   000F68                     CCPR2H          equ	3944	;# 
  1217   000F69                     SSP2CON3        equ	3945	;# 
  1218   000F6A                     SSP2MSK         equ	3946	;# 
  1219   000F6B                     SSP2CON2        equ	3947	;# 
  1220   000F6C                     SSP2CON1        equ	3948	;# 
  1221   000F6D                     SSP2STAT        equ	3949	;# 
  1222   000F6E                     SSP2ADD         equ	3950	;# 
  1223   000F6F                     SSP2BUF         equ	3951	;# 
  1224   000F70                     BAUDCON2        equ	3952	;# 
  1225   000F70                     BAUD2CON        equ	3952	;# 
  1226   000F71                     RCSTA2          equ	3953	;# 
  1227   000F71                     RC2STA          equ	3953	;# 
  1228   000F72                     TXSTA2          equ	3954	;# 
  1229   000F72                     TX2STA          equ	3954	;# 
  1230   000F73                     TXREG2          equ	3955	;# 
  1231   000F73                     TX2REG          equ	3955	;# 
  1232   000F74                     RCREG2          equ	3956	;# 
  1233   000F74                     RC2REG          equ	3956	;# 
  1234   000F75                     SPBRG2          equ	3957	;# 
  1235   000F75                     SP2BRG          equ	3957	;# 
  1236   000F76                     SPBRGH2         equ	3958	;# 
  1237   000F76                     SP2BRGH         equ	3958	;# 
  1238   000F77                     CM2CON1         equ	3959	;# 
  1239   000F77                     CM12CON         equ	3959	;# 
  1240   000F78                     CM2CON0         equ	3960	;# 
  1241   000F78                     CM2CON          equ	3960	;# 
  1242   000F79                     CM1CON0         equ	3961	;# 
  1243   000F79                     CM1CON          equ	3961	;# 
  1244   000F7A                     PIE4            equ	3962	;# 
  1245   000F7B                     PIR4            equ	3963	;# 
  1246   000F7C                     IPR4            equ	3964	;# 
  1247   000F7D                     PIE5            equ	3965	;# 
  1248   000F7E                     PIR5            equ	3966	;# 
  1249   000F7F                     IPR5            equ	3967	;# 
  1250   000F80                     PORTA           equ	3968	;# 
  1251   000F81                     PORTB           equ	3969	;# 
  1252   000F82                     PORTC           equ	3970	;# 
  1253   000F83                     PORTD           equ	3971	;# 
  1254   000F84                     PORTE           equ	3972	;# 
  1255   000F89                     LATA            equ	3977	;# 
  1256   000F8A                     LATB            equ	3978	;# 
  1257   000F8B                     LATC            equ	3979	;# 
  1258   000F8C                     LATD            equ	3980	;# 
  1259   000F8D                     LATE            equ	3981	;# 
  1260   000F92                     TRISA           equ	3986	;# 
  1261   000F92                     DDRA            equ	3986	;# 
  1262   000F93                     TRISB           equ	3987	;# 
  1263   000F93                     DDRB            equ	3987	;# 
  1264   000F94                     TRISC           equ	3988	;# 
  1265   000F94                     DDRC            equ	3988	;# 
  1266   000F95                     TRISD           equ	3989	;# 
  1267   000F95                     DDRD            equ	3989	;# 
  1268   000F96                     TRISE           equ	3990	;# 
  1269   000F96                     DDRE            equ	3990	;# 
  1270   000F9B                     OSCTUNE         equ	3995	;# 
  1271   000F9C                     HLVDCON         equ	3996	;# 
  1272   000F9C                     LVDCON          equ	3996	;# 
  1273   000F9D                     PIE1            equ	3997	;# 
  1274   000F9E                     PIR1            equ	3998	;# 
  1275   000F9F                     IPR1            equ	3999	;# 
  1276   000FA0                     PIE2            equ	4000	;# 
  1277   000FA1                     PIR2            equ	4001	;# 
  1278   000FA2                     IPR2            equ	4002	;# 
  1279   000FA3                     PIE3            equ	4003	;# 
  1280   000FA4                     PIR3            equ	4004	;# 
  1281   000FA5                     IPR3            equ	4005	;# 
  1282   000FA6                     EECON1          equ	4006	;# 
  1283   000FA7                     EECON2          equ	4007	;# 
  1284   000FA8                     EEDATA          equ	4008	;# 
  1285   000FA9                     EEADR           equ	4009	;# 
  1286   000FAA                     EEADRH          equ	4010	;# 
  1287   000FAB                     RCSTA1          equ	4011	;# 
  1288   000FAB                     RCSTA           equ	4011	;# 
  1289   000FAB                     RC1STA          equ	4011	;# 
  1290   000FAC                     TXSTA1          equ	4012	;# 
  1291   000FAC                     TXSTA           equ	4012	;# 
  1292   000FAC                     TX1STA          equ	4012	;# 
  1293   000FAD                     TXREG1          equ	4013	;# 
  1294   000FAD                     TXREG           equ	4013	;# 
  1295   000FAD                     TX1REG          equ	4013	;# 
  1296   000FAE                     RCREG1          equ	4014	;# 
  1297   000FAE                     RCREG           equ	4014	;# 
  1298   000FAE                     RC1REG          equ	4014	;# 
  1299   000FAF                     SPBRG1          equ	4015	;# 
  1300   000FAF                     SPBRG           equ	4015	;# 
  1301   000FAF                     SP1BRG          equ	4015	;# 
  1302   000FB0                     SPBRGH1         equ	4016	;# 
  1303   000FB0                     SPBRGH          equ	4016	;# 
  1304   000FB0                     SP1BRGH         equ	4016	;# 
  1305   000FB1                     T3CON           equ	4017	;# 
  1306   000FB2                     TMR3            equ	4018	;# 
  1307   000FB2                     TMR3L           equ	4018	;# 
  1308   000FB3                     TMR3H           equ	4019	;# 
  1309   000FB4                     T3GCON          equ	4020	;# 
  1310   000FB6                     ECCP1AS         equ	4022	;# 
  1311   000FB6                     ECCPAS          equ	4022	;# 
  1312   000FB7                     PWM1CON         equ	4023	;# 
  1313   000FB7                     PWMCON          equ	4023	;# 
  1314   000FB8                     BAUDCON1        equ	4024	;# 
  1315   000FB8                     BAUDCON         equ	4024	;# 
  1316   000FB8                     BAUDCTL         equ	4024	;# 
  1317   000FB8                     BAUD1CON        equ	4024	;# 
  1318   000FB9                     PSTR1CON        equ	4025	;# 
  1319   000FB9                     PSTRCON         equ	4025	;# 
  1320   000FBA                     T2CON           equ	4026	;# 
  1321   000FBB                     PR2             equ	4027	;# 
  1322   000FBC                     TMR2            equ	4028	;# 
  1323   000FBD                     CCP1CON         equ	4029	;# 
  1324   000FBE                     CCPR1           equ	4030	;# 
  1325   000FBE                     CCPR1L          equ	4030	;# 
  1326   000FBF                     CCPR1H          equ	4031	;# 
  1327   000FC0                     ADCON2          equ	4032	;# 
  1328   000FC1                     ADCON1          equ	4033	;# 
  1329   000FC2                     ADCON0          equ	4034	;# 
  1330   000FC3                     ADRES           equ	4035	;# 
  1331   000FC3                     ADRESL          equ	4035	;# 
  1332   000FC4                     ADRESH          equ	4036	;# 
  1333   000FC5                     SSP1CON2        equ	4037	;# 
  1334   000FC5                     SSPCON2         equ	4037	;# 
  1335   000FC6                     SSP1CON1        equ	4038	;# 
  1336   000FC6                     SSPCON1         equ	4038	;# 
  1337   000FC7                     SSP1STAT        equ	4039	;# 
  1338   000FC7                     SSPSTAT         equ	4039	;# 
  1339   000FC8                     SSP1ADD         equ	4040	;# 
  1340   000FC8                     SSPADD          equ	4040	;# 
  1341   000FC9                     SSP1BUF         equ	4041	;# 
  1342   000FC9                     SSPBUF          equ	4041	;# 
  1343   000FCA                     SSP1MSK         equ	4042	;# 
  1344   000FCA                     SSPMSK          equ	4042	;# 
  1345   000FCB                     SSP1CON3        equ	4043	;# 
  1346   000FCB                     SSPCON3         equ	4043	;# 
  1347   000FCC                     T1GCON          equ	4044	;# 
  1348   000FCD                     T1CON           equ	4045	;# 
  1349   000FCE                     TMR1            equ	4046	;# 
  1350   000FCE                     TMR1L           equ	4046	;# 
  1351   000FCF                     TMR1H           equ	4047	;# 
  1352   000FD0                     RCON            equ	4048	;# 
  1353   000FD1                     WDTCON          equ	4049	;# 
  1354   000FD2                     OSCCON2         equ	4050	;# 
  1355   000FD3                     OSCCON          equ	4051	;# 
  1356   000FD5                     T0CON           equ	4053	;# 
  1357   000FD6                     TMR0            equ	4054	;# 
  1358   000FD6                     TMR0L           equ	4054	;# 
  1359   000FD7                     TMR0H           equ	4055	;# 
  1360   000FD8                     STATUS          equ	4056	;# 
  1361   000FD9                     FSR2            equ	4057	;# 
  1362   000FD9                     FSR2L           equ	4057	;# 
  1363   000FDA                     FSR2H           equ	4058	;# 
  1364   000FDB                     PLUSW2          equ	4059	;# 
  1365   000FDC                     PREINC2         equ	4060	;# 
  1366   000FDD                     POSTDEC2        equ	4061	;# 
  1367   000FDE                     POSTINC2        equ	4062	;# 
  1368   000FDF                     INDF2           equ	4063	;# 
  1369   000FE0                     BSR             equ	4064	;# 
  1370   000FE1                     FSR1            equ	4065	;# 
  1371   000FE1                     FSR1L           equ	4065	;# 
  1372   000FE2                     FSR1H           equ	4066	;# 
  1373   000FE3                     PLUSW1          equ	4067	;# 
  1374   000FE4                     PREINC1         equ	4068	;# 
  1375   000FE5                     POSTDEC1        equ	4069	;# 
  1376   000FE6                     POSTINC1        equ	4070	;# 
  1377   000FE7                     INDF1           equ	4071	;# 
  1378   000FE8                     WREG            equ	4072	;# 
  1379   000FE9                     FSR0            equ	4073	;# 
  1380   000FE9                     FSR0L           equ	4073	;# 
  1381   000FEA                     FSR0H           equ	4074	;# 
  1382   000FEB                     PLUSW0          equ	4075	;# 
  1383   000FEC                     PREINC0         equ	4076	;# 
  1384   000FED                     POSTDEC0        equ	4077	;# 
  1385   000FEE                     POSTINC0        equ	4078	;# 
  1386   000FEF                     INDF0           equ	4079	;# 
  1387   000FF0                     INTCON3         equ	4080	;# 
  1388   000FF1                     INTCON2         equ	4081	;# 
  1389   000FF2                     INTCON          equ	4082	;# 
  1390   000FF3                     PROD            equ	4083	;# 
  1391   000FF3                     PRODL           equ	4083	;# 
  1392   000FF4                     PRODH           equ	4084	;# 
  1393   000FF5                     TABLAT          equ	4085	;# 
  1394   000FF6                     TBLPTR          equ	4086	;# 
  1395   000FF6                     TBLPTRL         equ	4086	;# 
  1396   000FF7                     TBLPTRH         equ	4087	;# 
  1397   000FF8                     TBLPTRU         equ	4088	;# 
  1398   000FF9                     PCLAT           equ	4089	;# 
  1399   000FF9                     PC              equ	4089	;# 
  1400   000FF9                     PCL             equ	4089	;# 
  1401   000FFA                     PCLATH          equ	4090	;# 
  1402   000FFB                     PCLATU          equ	4091	;# 
  1403   000FFC                     STKPTR          equ	4092	;# 
  1404   000FFD                     TOS             equ	4093	;# 
  1405   000FFD                     TOSL            equ	4093	;# 
  1406   000FFE                     TOSH            equ	4094	;# 
  1407   000FFF                     TOSU            equ	4095	;# 
  1408   000F38                     ANSELA          equ	3896	;# 
  1409   000F39                     ANSELB          equ	3897	;# 
  1410   000F3A                     ANSELC          equ	3898	;# 
  1411   000F3B                     ANSELD          equ	3899	;# 
  1412   000F3C                     ANSELE          equ	3900	;# 
  1413   000F3D                     PMD2            equ	3901	;# 
  1414   000F3E                     PMD1            equ	3902	;# 
  1415   000F3F                     PMD0            equ	3903	;# 
  1416   000F40                     VREFCON2        equ	3904	;# 
  1417   000F40                     DACCON1         equ	3904	;# 
  1418   000F41                     VREFCON1        equ	3905	;# 
  1419   000F41                     DACCON0         equ	3905	;# 
  1420   000F42                     VREFCON0        equ	3906	;# 
  1421   000F42                     FVRCON          equ	3906	;# 
  1422   000F43                     CTMUICON        equ	3907	;# 
  1423   000F43                     CTMUICONH       equ	3907	;# 
  1424   000F44                     CTMUCONL        equ	3908	;# 
  1425   000F44                     CTMUCON1        equ	3908	;# 
  1426   000F45                     CTMUCONH        equ	3909	;# 
  1427   000F45                     CTMUCON0        equ	3909	;# 
  1428   000F46                     SRCON1          equ	3910	;# 
  1429   000F47                     SRCON0          equ	3911	;# 
  1430   000F48                     CCPTMRS1        equ	3912	;# 
  1431   000F49                     CCPTMRS0        equ	3913	;# 
  1432   000F4A                     T6CON           equ	3914	;# 
  1433   000F4B                     PR6             equ	3915	;# 
  1434   000F4C                     TMR6            equ	3916	;# 
  1435   000F4D                     T5GCON          equ	3917	;# 
  1436   000F4E                     T5CON           equ	3918	;# 
  1437   000F4F                     TMR5            equ	3919	;# 
  1438   000F4F                     TMR5L           equ	3919	;# 
  1439   000F50                     TMR5H           equ	3920	;# 
  1440   000F51                     T4CON           equ	3921	;# 
  1441   000F52                     PR4             equ	3922	;# 
  1442   000F53                     TMR4            equ	3923	;# 
  1443   000F54                     CCP5CON         equ	3924	;# 
  1444   000F55                     CCPR5           equ	3925	;# 
  1445   000F55                     CCPR5L          equ	3925	;# 
  1446   000F56                     CCPR5H          equ	3926	;# 
  1447   000F57                     CCP4CON         equ	3927	;# 
  1448   000F58                     CCPR4           equ	3928	;# 
  1449   000F58                     CCPR4L          equ	3928	;# 
  1450   000F59                     CCPR4H          equ	3929	;# 
  1451   000F5A                     PSTR3CON        equ	3930	;# 
  1452   000F5B                     ECCP3AS         equ	3931	;# 
  1453   000F5B                     CCP3AS          equ	3931	;# 
  1454   000F5C                     PWM3CON         equ	3932	;# 
  1455   000F5D                     CCP3CON         equ	3933	;# 
  1456   000F5E                     CCPR3           equ	3934	;# 
  1457   000F5E                     CCPR3L          equ	3934	;# 
  1458   000F5F                     CCPR3H          equ	3935	;# 
  1459   000F60                     SLRCON          equ	3936	;# 
  1460   000F61                     WPUB            equ	3937	;# 
  1461   000F62                     IOCB            equ	3938	;# 
  1462   000F63                     PSTR2CON        equ	3939	;# 
  1463   000F64                     ECCP2AS         equ	3940	;# 
  1464   000F64                     CCP2AS          equ	3940	;# 
  1465   000F65                     PWM2CON         equ	3941	;# 
  1466   000F66                     CCP2CON         equ	3942	;# 
  1467   000F67                     CCPR2           equ	3943	;# 
  1468   000F67                     CCPR2L          equ	3943	;# 
  1469   000F68                     CCPR2H          equ	3944	;# 
  1470   000F69                     SSP2CON3        equ	3945	;# 
  1471   000F6A                     SSP2MSK         equ	3946	;# 
  1472   000F6B                     SSP2CON2        equ	3947	;# 
  1473   000F6C                     SSP2CON1        equ	3948	;# 
  1474   000F6D                     SSP2STAT        equ	3949	;# 
  1475   000F6E                     SSP2ADD         equ	3950	;# 
  1476   000F6F                     SSP2BUF         equ	3951	;# 
  1477   000F70                     BAUDCON2        equ	3952	;# 
  1478   000F70                     BAUD2CON        equ	3952	;# 
  1479   000F71                     RCSTA2          equ	3953	;# 
  1480   000F71                     RC2STA          equ	3953	;# 
  1481   000F72                     TXSTA2          equ	3954	;# 
  1482   000F72                     TX2STA          equ	3954	;# 
  1483   000F73                     TXREG2          equ	3955	;# 
  1484   000F73                     TX2REG          equ	3955	;# 
  1485   000F74                     RCREG2          equ	3956	;# 
  1486   000F74                     RC2REG          equ	3956	;# 
  1487   000F75                     SPBRG2          equ	3957	;# 
  1488   000F75                     SP2BRG          equ	3957	;# 
  1489   000F76                     SPBRGH2         equ	3958	;# 
  1490   000F76                     SP2BRGH         equ	3958	;# 
  1491   000F77                     CM2CON1         equ	3959	;# 
  1492   000F77                     CM12CON         equ	3959	;# 
  1493   000F78                     CM2CON0         equ	3960	;# 
  1494   000F78                     CM2CON          equ	3960	;# 
  1495   000F79                     CM1CON0         equ	3961	;# 
  1496   000F79                     CM1CON          equ	3961	;# 
  1497   000F7A                     PIE4            equ	3962	;# 
  1498   000F7B                     PIR4            equ	3963	;# 
  1499   000F7C                     IPR4            equ	3964	;# 
  1500   000F7D                     PIE5            equ	3965	;# 
  1501   000F7E                     PIR5            equ	3966	;# 
  1502   000F7F                     IPR5            equ	3967	;# 
  1503   000F80                     PORTA           equ	3968	;# 
  1504   000F81                     PORTB           equ	3969	;# 
  1505   000F82                     PORTC           equ	3970	;# 
  1506   000F83                     PORTD           equ	3971	;# 
  1507   000F84                     PORTE           equ	3972	;# 
  1508   000F89                     LATA            equ	3977	;# 
  1509   000F8A                     LATB            equ	3978	;# 
  1510   000F8B                     LATC            equ	3979	;# 
  1511   000F8C                     LATD            equ	3980	;# 
  1512   000F8D                     LATE            equ	3981	;# 
  1513   000F92                     TRISA           equ	3986	;# 
  1514   000F92                     DDRA            equ	3986	;# 
  1515   000F93                     TRISB           equ	3987	;# 
  1516   000F93                     DDRB            equ	3987	;# 
  1517   000F94                     TRISC           equ	3988	;# 
  1518   000F94                     DDRC            equ	3988	;# 
  1519   000F95                     TRISD           equ	3989	;# 
  1520   000F95                     DDRD            equ	3989	;# 
  1521   000F96                     TRISE           equ	3990	;# 
  1522   000F96                     DDRE            equ	3990	;# 
  1523   000F9B                     OSCTUNE         equ	3995	;# 
  1524   000F9C                     HLVDCON         equ	3996	;# 
  1525   000F9C                     LVDCON          equ	3996	;# 
  1526   000F9D                     PIE1            equ	3997	;# 
  1527   000F9E                     PIR1            equ	3998	;# 
  1528   000F9F                     IPR1            equ	3999	;# 
  1529   000FA0                     PIE2            equ	4000	;# 
  1530   000FA1                     PIR2            equ	4001	;# 
  1531   000FA2                     IPR2            equ	4002	;# 
  1532   000FA3                     PIE3            equ	4003	;# 
  1533   000FA4                     PIR3            equ	4004	;# 
  1534   000FA5                     IPR3            equ	4005	;# 
  1535   000FA6                     EECON1          equ	4006	;# 
  1536   000FA7                     EECON2          equ	4007	;# 
  1537   000FA8                     EEDATA          equ	4008	;# 
  1538   000FA9                     EEADR           equ	4009	;# 
  1539   000FAA                     EEADRH          equ	4010	;# 
  1540   000FAB                     RCSTA1          equ	4011	;# 
  1541   000FAB                     RCSTA           equ	4011	;# 
  1542   000FAB                     RC1STA          equ	4011	;# 
  1543   000FAC                     TXSTA1          equ	4012	;# 
  1544   000FAC                     TXSTA           equ	4012	;# 
  1545   000FAC                     TX1STA          equ	4012	;# 
  1546   000FAD                     TXREG1          equ	4013	;# 
  1547   000FAD                     TXREG           equ	4013	;# 
  1548   000FAD                     TX1REG          equ	4013	;# 
  1549   000FAE                     RCREG1          equ	4014	;# 
  1550   000FAE                     RCREG           equ	4014	;# 
  1551   000FAE                     RC1REG          equ	4014	;# 
  1552   000FAF                     SPBRG1          equ	4015	;# 
  1553   000FAF                     SPBRG           equ	4015	;# 
  1554   000FAF                     SP1BRG          equ	4015	;# 
  1555   000FB0                     SPBRGH1         equ	4016	;# 
  1556   000FB0                     SPBRGH          equ	4016	;# 
  1557   000FB0                     SP1BRGH         equ	4016	;# 
  1558   000FB1                     T3CON           equ	4017	;# 
  1559   000FB2                     TMR3            equ	4018	;# 
  1560   000FB2                     TMR3L           equ	4018	;# 
  1561   000FB3                     TMR3H           equ	4019	;# 
  1562   000FB4                     T3GCON          equ	4020	;# 
  1563   000FB6                     ECCP1AS         equ	4022	;# 
  1564   000FB6                     ECCPAS          equ	4022	;# 
  1565   000FB7                     PWM1CON         equ	4023	;# 
  1566   000FB7                     PWMCON          equ	4023	;# 
  1567   000FB8                     BAUDCON1        equ	4024	;# 
  1568   000FB8                     BAUDCON         equ	4024	;# 
  1569   000FB8                     BAUDCTL         equ	4024	;# 
  1570   000FB8                     BAUD1CON        equ	4024	;# 
  1571   000FB9                     PSTR1CON        equ	4025	;# 
  1572   000FB9                     PSTRCON         equ	4025	;# 
  1573   000FBA                     T2CON           equ	4026	;# 
  1574   000FBB                     PR2             equ	4027	;# 
  1575   000FBC                     TMR2            equ	4028	;# 
  1576   000FBD                     CCP1CON         equ	4029	;# 
  1577   000FBE                     CCPR1           equ	4030	;# 
  1578   000FBE                     CCPR1L          equ	4030	;# 
  1579   000FBF                     CCPR1H          equ	4031	;# 
  1580   000FC0                     ADCON2          equ	4032	;# 
  1581   000FC1                     ADCON1          equ	4033	;# 
  1582   000FC2                     ADCON0          equ	4034	;# 
  1583   000FC3                     ADRES           equ	4035	;# 
  1584   000FC3                     ADRESL          equ	4035	;# 
  1585   000FC4                     ADRESH          equ	4036	;# 
  1586   000FC5                     SSP1CON2        equ	4037	;# 
  1587   000FC5                     SSPCON2         equ	4037	;# 
  1588   000FC6                     SSP1CON1        equ	4038	;# 
  1589   000FC6                     SSPCON1         equ	4038	;# 
  1590   000FC7                     SSP1STAT        equ	4039	;# 
  1591   000FC7                     SSPSTAT         equ	4039	;# 
  1592   000FC8                     SSP1ADD         equ	4040	;# 
  1593   000FC8                     SSPADD          equ	4040	;# 
  1594   000FC9                     SSP1BUF         equ	4041	;# 
  1595   000FC9                     SSPBUF          equ	4041	;# 
  1596   000FCA                     SSP1MSK         equ	4042	;# 
  1597   000FCA                     SSPMSK          equ	4042	;# 
  1598   000FCB                     SSP1CON3        equ	4043	;# 
  1599   000FCB                     SSPCON3         equ	4043	;# 
  1600   000FCC                     T1GCON          equ	4044	;# 
  1601   000FCD                     T1CON           equ	4045	;# 
  1602   000FCE                     TMR1            equ	4046	;# 
  1603   000FCE                     TMR1L           equ	4046	;# 
  1604   000FCF                     TMR1H           equ	4047	;# 
  1605   000FD0                     RCON            equ	4048	;# 
  1606   000FD1                     WDTCON          equ	4049	;# 
  1607   000FD2                     OSCCON2         equ	4050	;# 
  1608   000FD3                     OSCCON          equ	4051	;# 
  1609   000FD5                     T0CON           equ	4053	;# 
  1610   000FD6                     TMR0            equ	4054	;# 
  1611   000FD6                     TMR0L           equ	4054	;# 
  1612   000FD7                     TMR0H           equ	4055	;# 
  1613   000FD8                     STATUS          equ	4056	;# 
  1614   000FD9                     FSR2            equ	4057	;# 
  1615   000FD9                     FSR2L           equ	4057	;# 
  1616   000FDA                     FSR2H           equ	4058	;# 
  1617   000FDB                     PLUSW2          equ	4059	;# 
  1618   000FDC                     PREINC2         equ	4060	;# 
  1619   000FDD                     POSTDEC2        equ	4061	;# 
  1620   000FDE                     POSTINC2        equ	4062	;# 
  1621   000FDF                     INDF2           equ	4063	;# 
  1622   000FE0                     BSR             equ	4064	;# 
  1623   000FE1                     FSR1            equ	4065	;# 
  1624   000FE1                     FSR1L           equ	4065	;# 
  1625   000FE2                     FSR1H           equ	4066	;# 
  1626   000FE3                     PLUSW1          equ	4067	;# 
  1627   000FE4                     PREINC1         equ	4068	;# 
  1628   000FE5                     POSTDEC1        equ	4069	;# 
  1629   000FE6                     POSTINC1        equ	4070	;# 
  1630   000FE7                     INDF1           equ	4071	;# 
  1631   000FE8                     WREG            equ	4072	;# 
  1632   000FE9                     FSR0            equ	4073	;# 
  1633   000FE9                     FSR0L           equ	4073	;# 
  1634   000FEA                     FSR0H           equ	4074	;# 
  1635   000FEB                     PLUSW0          equ	4075	;# 
  1636   000FEC                     PREINC0         equ	4076	;# 
  1637   000FED                     POSTDEC0        equ	4077	;# 
  1638   000FEE                     POSTINC0        equ	4078	;# 
  1639   000FEF                     INDF0           equ	4079	;# 
  1640   000FF0                     INTCON3         equ	4080	;# 
  1641   000FF1                     INTCON2         equ	4081	;# 
  1642   000FF2                     INTCON          equ	4082	;# 
  1643   000FF3                     PROD            equ	4083	;# 
  1644   000FF3                     PRODL           equ	4083	;# 
  1645   000FF4                     PRODH           equ	4084	;# 
  1646   000FF5                     TABLAT          equ	4085	;# 
  1647   000FF6                     TBLPTR          equ	4086	;# 
  1648   000FF6                     TBLPTRL         equ	4086	;# 
  1649   000FF7                     TBLPTRH         equ	4087	;# 
  1650   000FF8                     TBLPTRU         equ	4088	;# 
  1651   000FF9                     PCLAT           equ	4089	;# 
  1652   000FF9                     PC              equ	4089	;# 
  1653   000FF9                     PCL             equ	4089	;# 
  1654   000FFA                     PCLATH          equ	4090	;# 
  1655   000FFB                     PCLATU          equ	4091	;# 
  1656   000FFC                     STKPTR          equ	4092	;# 
  1657   000FFD                     TOS             equ	4093	;# 
  1658   000FFD                     TOSL            equ	4093	;# 
  1659   000FFE                     TOSH            equ	4094	;# 
  1660   000FFF                     TOSU            equ	4095	;# 
  1661   000F38                     ANSELA          equ	3896	;# 
  1662   000F39                     ANSELB          equ	3897	;# 
  1663   000F3A                     ANSELC          equ	3898	;# 
  1664   000F3B                     ANSELD          equ	3899	;# 
  1665   000F3C                     ANSELE          equ	3900	;# 
  1666   000F3D                     PMD2            equ	3901	;# 
  1667   000F3E                     PMD1            equ	3902	;# 
  1668   000F3F                     PMD0            equ	3903	;# 
  1669   000F40                     VREFCON2        equ	3904	;# 
  1670   000F40                     DACCON1         equ	3904	;# 
  1671   000F41                     VREFCON1        equ	3905	;# 
  1672   000F41                     DACCON0         equ	3905	;# 
  1673   000F42                     VREFCON0        equ	3906	;# 
  1674   000F42                     FVRCON          equ	3906	;# 
  1675   000F43                     CTMUICON        equ	3907	;# 
  1676   000F43                     CTMUICONH       equ	3907	;# 
  1677   000F44                     CTMUCONL        equ	3908	;# 
  1678   000F44                     CTMUCON1        equ	3908	;# 
  1679   000F45                     CTMUCONH        equ	3909	;# 
  1680   000F45                     CTMUCON0        equ	3909	;# 
  1681   000F46                     SRCON1          equ	3910	;# 
  1682   000F47                     SRCON0          equ	3911	;# 
  1683   000F48                     CCPTMRS1        equ	3912	;# 
  1684   000F49                     CCPTMRS0        equ	3913	;# 
  1685   000F4A                     T6CON           equ	3914	;# 
  1686   000F4B                     PR6             equ	3915	;# 
  1687   000F4C                     TMR6            equ	3916	;# 
  1688   000F4D                     T5GCON          equ	3917	;# 
  1689   000F4E                     T5CON           equ	3918	;# 
  1690   000F4F                     TMR5            equ	3919	;# 
  1691   000F4F                     TMR5L           equ	3919	;# 
  1692   000F50                     TMR5H           equ	3920	;# 
  1693   000F51                     T4CON           equ	3921	;# 
  1694   000F52                     PR4             equ	3922	;# 
  1695   000F53                     TMR4            equ	3923	;# 
  1696   000F54                     CCP5CON         equ	3924	;# 
  1697   000F55                     CCPR5           equ	3925	;# 
  1698   000F55                     CCPR5L          equ	3925	;# 
  1699   000F56                     CCPR5H          equ	3926	;# 
  1700   000F57                     CCP4CON         equ	3927	;# 
  1701   000F58                     CCPR4           equ	3928	;# 
  1702   000F58                     CCPR4L          equ	3928	;# 
  1703   000F59                     CCPR4H          equ	3929	;# 
  1704   000F5A                     PSTR3CON        equ	3930	;# 
  1705   000F5B                     ECCP3AS         equ	3931	;# 
  1706   000F5B                     CCP3AS          equ	3931	;# 
  1707   000F5C                     PWM3CON         equ	3932	;# 
  1708   000F5D                     CCP3CON         equ	3933	;# 
  1709   000F5E                     CCPR3           equ	3934	;# 
  1710   000F5E                     CCPR3L          equ	3934	;# 
  1711   000F5F                     CCPR3H          equ	3935	;# 
  1712   000F60                     SLRCON          equ	3936	;# 
  1713   000F61                     WPUB            equ	3937	;# 
  1714   000F62                     IOCB            equ	3938	;# 
  1715   000F63                     PSTR2CON        equ	3939	;# 
  1716   000F64                     ECCP2AS         equ	3940	;# 
  1717   000F64                     CCP2AS          equ	3940	;# 
  1718   000F65                     PWM2CON         equ	3941	;# 
  1719   000F66                     CCP2CON         equ	3942	;# 
  1720   000F67                     CCPR2           equ	3943	;# 
  1721   000F67                     CCPR2L          equ	3943	;# 
  1722   000F68                     CCPR2H          equ	3944	;# 
  1723   000F69                     SSP2CON3        equ	3945	;# 
  1724   000F6A                     SSP2MSK         equ	3946	;# 
  1725   000F6B                     SSP2CON2        equ	3947	;# 
  1726   000F6C                     SSP2CON1        equ	3948	;# 
  1727   000F6D                     SSP2STAT        equ	3949	;# 
  1728   000F6E                     SSP2ADD         equ	3950	;# 
  1729   000F6F                     SSP2BUF         equ	3951	;# 
  1730   000F70                     BAUDCON2        equ	3952	;# 
  1731   000F70                     BAUD2CON        equ	3952	;# 
  1732   000F71                     RCSTA2          equ	3953	;# 
  1733   000F71                     RC2STA          equ	3953	;# 
  1734   000F72                     TXSTA2          equ	3954	;# 
  1735   000F72                     TX2STA          equ	3954	;# 
  1736   000F73                     TXREG2          equ	3955	;# 
  1737   000F73                     TX2REG          equ	3955	;# 
  1738   000F74                     RCREG2          equ	3956	;# 
  1739   000F74                     RC2REG          equ	3956	;# 
  1740   000F75                     SPBRG2          equ	3957	;# 
  1741   000F75                     SP2BRG          equ	3957	;# 
  1742   000F76                     SPBRGH2         equ	3958	;# 
  1743   000F76                     SP2BRGH         equ	3958	;# 
  1744   000F77                     CM2CON1         equ	3959	;# 
  1745   000F77                     CM12CON         equ	3959	;# 
  1746   000F78                     CM2CON0         equ	3960	;# 
  1747   000F78                     CM2CON          equ	3960	;# 
  1748   000F79                     CM1CON0         equ	3961	;# 
  1749   000F79                     CM1CON          equ	3961	;# 
  1750   000F7A                     PIE4            equ	3962	;# 
  1751   000F7B                     PIR4            equ	3963	;# 
  1752   000F7C                     IPR4            equ	3964	;# 
  1753   000F7D                     PIE5            equ	3965	;# 
  1754   000F7E                     PIR5            equ	3966	;# 
  1755   000F7F                     IPR5            equ	3967	;# 
  1756   000F80                     PORTA           equ	3968	;# 
  1757   000F81                     PORTB           equ	3969	;# 
  1758   000F82                     PORTC           equ	3970	;# 
  1759   000F83                     PORTD           equ	3971	;# 
  1760   000F84                     PORTE           equ	3972	;# 
  1761   000F89                     LATA            equ	3977	;# 
  1762   000F8A                     LATB            equ	3978	;# 
  1763   000F8B                     LATC            equ	3979	;# 
  1764   000F8C                     LATD            equ	3980	;# 
  1765   000F8D                     LATE            equ	3981	;# 
  1766   000F92                     TRISA           equ	3986	;# 
  1767   000F92                     DDRA            equ	3986	;# 
  1768   000F93                     TRISB           equ	3987	;# 
  1769   000F93                     DDRB            equ	3987	;# 
  1770   000F94                     TRISC           equ	3988	;# 
  1771   000F94                     DDRC            equ	3988	;# 
  1772   000F95                     TRISD           equ	3989	;# 
  1773   000F95                     DDRD            equ	3989	;# 
  1774   000F96                     TRISE           equ	3990	;# 
  1775   000F96                     DDRE            equ	3990	;# 
  1776   000F9B                     OSCTUNE         equ	3995	;# 
  1777   000F9C                     HLVDCON         equ	3996	;# 
  1778   000F9C                     LVDCON          equ	3996	;# 
  1779   000F9D                     PIE1            equ	3997	;# 
  1780   000F9E                     PIR1            equ	3998	;# 
  1781   000F9F                     IPR1            equ	3999	;# 
  1782   000FA0                     PIE2            equ	4000	;# 
  1783   000FA1                     PIR2            equ	4001	;# 
  1784   000FA2                     IPR2            equ	4002	;# 
  1785   000FA3                     PIE3            equ	4003	;# 
  1786   000FA4                     PIR3            equ	4004	;# 
  1787   000FA5                     IPR3            equ	4005	;# 
  1788   000FA6                     EECON1          equ	4006	;# 
  1789   000FA7                     EECON2          equ	4007	;# 
  1790   000FA8                     EEDATA          equ	4008	;# 
  1791   000FA9                     EEADR           equ	4009	;# 
  1792   000FAA                     EEADRH          equ	4010	;# 
  1793   000FAB                     RCSTA1          equ	4011	;# 
  1794   000FAB                     RCSTA           equ	4011	;# 
  1795   000FAB                     RC1STA          equ	4011	;# 
  1796   000FAC                     TXSTA1          equ	4012	;# 
  1797   000FAC                     TXSTA           equ	4012	;# 
  1798   000FAC                     TX1STA          equ	4012	;# 
  1799   000FAD                     TXREG1          equ	4013	;# 
  1800   000FAD                     TXREG           equ	4013	;# 
  1801   000FAD                     TX1REG          equ	4013	;# 
  1802   000FAE                     RCREG1          equ	4014	;# 
  1803   000FAE                     RCREG           equ	4014	;# 
  1804   000FAE                     RC1REG          equ	4014	;# 
  1805   000FAF                     SPBRG1          equ	4015	;# 
  1806   000FAF                     SPBRG           equ	4015	;# 
  1807   000FAF                     SP1BRG          equ	4015	;# 
  1808   000FB0                     SPBRGH1         equ	4016	;# 
  1809   000FB0                     SPBRGH          equ	4016	;# 
  1810   000FB0                     SP1BRGH         equ	4016	;# 
  1811   000FB1                     T3CON           equ	4017	;# 
  1812   000FB2                     TMR3            equ	4018	;# 
  1813   000FB2                     TMR3L           equ	4018	;# 
  1814   000FB3                     TMR3H           equ	4019	;# 
  1815   000FB4                     T3GCON          equ	4020	;# 
  1816   000FB6                     ECCP1AS         equ	4022	;# 
  1817   000FB6                     ECCPAS          equ	4022	;# 
  1818   000FB7                     PWM1CON         equ	4023	;# 
  1819   000FB7                     PWMCON          equ	4023	;# 
  1820   000FB8                     BAUDCON1        equ	4024	;# 
  1821   000FB8                     BAUDCON         equ	4024	;# 
  1822   000FB8                     BAUDCTL         equ	4024	;# 
  1823   000FB8                     BAUD1CON        equ	4024	;# 
  1824   000FB9                     PSTR1CON        equ	4025	;# 
  1825   000FB9                     PSTRCON         equ	4025	;# 
  1826   000FBA                     T2CON           equ	4026	;# 
  1827   000FBB                     PR2             equ	4027	;# 
  1828   000FBC                     TMR2            equ	4028	;# 
  1829   000FBD                     CCP1CON         equ	4029	;# 
  1830   000FBE                     CCPR1           equ	4030	;# 
  1831   000FBE                     CCPR1L          equ	4030	;# 
  1832   000FBF                     CCPR1H          equ	4031	;# 
  1833   000FC0                     ADCON2          equ	4032	;# 
  1834   000FC1                     ADCON1          equ	4033	;# 
  1835   000FC2                     ADCON0          equ	4034	;# 
  1836   000FC3                     ADRES           equ	4035	;# 
  1837   000FC3                     ADRESL          equ	4035	;# 
  1838   000FC4                     ADRESH          equ	4036	;# 
  1839   000FC5                     SSP1CON2        equ	4037	;# 
  1840   000FC5                     SSPCON2         equ	4037	;# 
  1841   000FC6                     SSP1CON1        equ	4038	;# 
  1842   000FC6                     SSPCON1         equ	4038	;# 
  1843   000FC7                     SSP1STAT        equ	4039	;# 
  1844   000FC7                     SSPSTAT         equ	4039	;# 
  1845   000FC8                     SSP1ADD         equ	4040	;# 
  1846   000FC8                     SSPADD          equ	4040	;# 
  1847   000FC9                     SSP1BUF         equ	4041	;# 
  1848   000FC9                     SSPBUF          equ	4041	;# 
  1849   000FCA                     SSP1MSK         equ	4042	;# 
  1850   000FCA                     SSPMSK          equ	4042	;# 
  1851   000FCB                     SSP1CON3        equ	4043	;# 
  1852   000FCB                     SSPCON3         equ	4043	;# 
  1853   000FCC                     T1GCON          equ	4044	;# 
  1854   000FCD                     T1CON           equ	4045	;# 
  1855   000FCE                     TMR1            equ	4046	;# 
  1856   000FCE                     TMR1L           equ	4046	;# 
  1857   000FCF                     TMR1H           equ	4047	;# 
  1858   000FD0                     RCON            equ	4048	;# 
  1859   000FD1                     WDTCON          equ	4049	;# 
  1860   000FD2                     OSCCON2         equ	4050	;# 
  1861   000FD3                     OSCCON          equ	4051	;# 
  1862   000FD5                     T0CON           equ	4053	;# 
  1863   000FD6                     TMR0            equ	4054	;# 
  1864   000FD6                     TMR0L           equ	4054	;# 
  1865   000FD7                     TMR0H           equ	4055	;# 
  1866   000FD8                     STATUS          equ	4056	;# 
  1867   000FD9                     FSR2            equ	4057	;# 
  1868   000FD9                     FSR2L           equ	4057	;# 
  1869   000FDA                     FSR2H           equ	4058	;# 
  1870   000FDB                     PLUSW2          equ	4059	;# 
  1871   000FDC                     PREINC2         equ	4060	;# 
  1872   000FDD                     POSTDEC2        equ	4061	;# 
  1873   000FDE                     POSTINC2        equ	4062	;# 
  1874   000FDF                     INDF2           equ	4063	;# 
  1875   000FE0                     BSR             equ	4064	;# 
  1876   000FE1                     FSR1            equ	4065	;# 
  1877   000FE1                     FSR1L           equ	4065	;# 
  1878   000FE2                     FSR1H           equ	4066	;# 
  1879   000FE3                     PLUSW1          equ	4067	;# 
  1880   000FE4                     PREINC1         equ	4068	;# 
  1881   000FE5                     POSTDEC1        equ	4069	;# 
  1882   000FE6                     POSTINC1        equ	4070	;# 
  1883   000FE7                     INDF1           equ	4071	;# 
  1884   000FE8                     WREG            equ	4072	;# 
  1885   000FE9                     FSR0            equ	4073	;# 
  1886   000FE9                     FSR0L           equ	4073	;# 
  1887   000FEA                     FSR0H           equ	4074	;# 
  1888   000FEB                     PLUSW0          equ	4075	;# 
  1889   000FEC                     PREINC0         equ	4076	;# 
  1890   000FED                     POSTDEC0        equ	4077	;# 
  1891   000FEE                     POSTINC0        equ	4078	;# 
  1892   000FEF                     INDF0           equ	4079	;# 
  1893   000FF0                     INTCON3         equ	4080	;# 
  1894   000FF1                     INTCON2         equ	4081	;# 
  1895   000FF2                     INTCON          equ	4082	;# 
  1896   000FF3                     PROD            equ	4083	;# 
  1897   000FF3                     PRODL           equ	4083	;# 
  1898   000FF4                     PRODH           equ	4084	;# 
  1899   000FF5                     TABLAT          equ	4085	;# 
  1900   000FF6                     TBLPTR          equ	4086	;# 
  1901   000FF6                     TBLPTRL         equ	4086	;# 
  1902   000FF7                     TBLPTRH         equ	4087	;# 
  1903   000FF8                     TBLPTRU         equ	4088	;# 
  1904   000FF9                     PCLAT           equ	4089	;# 
  1905   000FF9                     PC              equ	4089	;# 
  1906   000FF9                     PCL             equ	4089	;# 
  1907   000FFA                     PCLATH          equ	4090	;# 
  1908   000FFB                     PCLATU          equ	4091	;# 
  1909   000FFC                     STKPTR          equ	4092	;# 
  1910   000FFD                     TOS             equ	4093	;# 
  1911   000FFD                     TOSL            equ	4093	;# 
  1912   000FFE                     TOSH            equ	4094	;# 
  1913   000FFF                     TOSU            equ	4095	;# 
  1914   000F38                     ANSELA          equ	3896	;# 
  1915   000F39                     ANSELB          equ	3897	;# 
  1916   000F3A                     ANSELC          equ	3898	;# 
  1917   000F3B                     ANSELD          equ	3899	;# 
  1918   000F3C                     ANSELE          equ	3900	;# 
  1919   000F3D                     PMD2            equ	3901	;# 
  1920   000F3E                     PMD1            equ	3902	;# 
  1921   000F3F                     PMD0            equ	3903	;# 
  1922   000F40                     VREFCON2        equ	3904	;# 
  1923   000F40                     DACCON1         equ	3904	;# 
  1924   000F41                     VREFCON1        equ	3905	;# 
  1925   000F41                     DACCON0         equ	3905	;# 
  1926   000F42                     VREFCON0        equ	3906	;# 
  1927   000F42                     FVRCON          equ	3906	;# 
  1928   000F43                     CTMUICON        equ	3907	;# 
  1929   000F43                     CTMUICONH       equ	3907	;# 
  1930   000F44                     CTMUCONL        equ	3908	;# 
  1931   000F44                     CTMUCON1        equ	3908	;# 
  1932   000F45                     CTMUCONH        equ	3909	;# 
  1933   000F45                     CTMUCON0        equ	3909	;# 
  1934   000F46                     SRCON1          equ	3910	;# 
  1935   000F47                     SRCON0          equ	3911	;# 
  1936   000F48                     CCPTMRS1        equ	3912	;# 
  1937   000F49                     CCPTMRS0        equ	3913	;# 
  1938   000F4A                     T6CON           equ	3914	;# 
  1939   000F4B                     PR6             equ	3915	;# 
  1940   000F4C                     TMR6            equ	3916	;# 
  1941   000F4D                     T5GCON          equ	3917	;# 
  1942   000F4E                     T5CON           equ	3918	;# 
  1943   000F4F                     TMR5            equ	3919	;# 
  1944   000F4F                     TMR5L           equ	3919	;# 
  1945   000F50                     TMR5H           equ	3920	;# 
  1946   000F51                     T4CON           equ	3921	;# 
  1947   000F52                     PR4             equ	3922	;# 
  1948   000F53                     TMR4            equ	3923	;# 
  1949   000F54                     CCP5CON         equ	3924	;# 
  1950   000F55                     CCPR5           equ	3925	;# 
  1951   000F55                     CCPR5L          equ	3925	;# 
  1952   000F56                     CCPR5H          equ	3926	;# 
  1953   000F57                     CCP4CON         equ	3927	;# 
  1954   000F58                     CCPR4           equ	3928	;# 
  1955   000F58                     CCPR4L          equ	3928	;# 
  1956   000F59                     CCPR4H          equ	3929	;# 
  1957   000F5A                     PSTR3CON        equ	3930	;# 
  1958   000F5B                     ECCP3AS         equ	3931	;# 
  1959   000F5B                     CCP3AS          equ	3931	;# 
  1960   000F5C                     PWM3CON         equ	3932	;# 
  1961   000F5D                     CCP3CON         equ	3933	;# 
  1962   000F5E                     CCPR3           equ	3934	;# 
  1963   000F5E                     CCPR3L          equ	3934	;# 
  1964   000F5F                     CCPR3H          equ	3935	;# 
  1965   000F60                     SLRCON          equ	3936	;# 
  1966   000F61                     WPUB            equ	3937	;# 
  1967   000F62                     IOCB            equ	3938	;# 
  1968   000F63                     PSTR2CON        equ	3939	;# 
  1969   000F64                     ECCP2AS         equ	3940	;# 
  1970   000F64                     CCP2AS          equ	3940	;# 
  1971   000F65                     PWM2CON         equ	3941	;# 
  1972   000F66                     CCP2CON         equ	3942	;# 
  1973   000F67                     CCPR2           equ	3943	;# 
  1974   000F67                     CCPR2L          equ	3943	;# 
  1975   000F68                     CCPR2H          equ	3944	;# 
  1976   000F69                     SSP2CON3        equ	3945	;# 
  1977   000F6A                     SSP2MSK         equ	3946	;# 
  1978   000F6B                     SSP2CON2        equ	3947	;# 
  1979   000F6C                     SSP2CON1        equ	3948	;# 
  1980   000F6D                     SSP2STAT        equ	3949	;# 
  1981   000F6E                     SSP2ADD         equ	3950	;# 
  1982   000F6F                     SSP2BUF         equ	3951	;# 
  1983   000F70                     BAUDCON2        equ	3952	;# 
  1984   000F70                     BAUD2CON        equ	3952	;# 
  1985   000F71                     RCSTA2          equ	3953	;# 
  1986   000F71                     RC2STA          equ	3953	;# 
  1987   000F72                     TXSTA2          equ	3954	;# 
  1988   000F72                     TX2STA          equ	3954	;# 
  1989   000F73                     TXREG2          equ	3955	;# 
  1990   000F73                     TX2REG          equ	3955	;# 
  1991   000F74                     RCREG2          equ	3956	;# 
  1992   000F74                     RC2REG          equ	3956	;# 
  1993   000F75                     SPBRG2          equ	3957	;# 
  1994   000F75                     SP2BRG          equ	3957	;# 
  1995   000F76                     SPBRGH2         equ	3958	;# 
  1996   000F76                     SP2BRGH         equ	3958	;# 
  1997   000F77                     CM2CON1         equ	3959	;# 
  1998   000F77                     CM12CON         equ	3959	;# 
  1999   000F78                     CM2CON0         equ	3960	;# 
  2000   000F78                     CM2CON          equ	3960	;# 
  2001   000F79                     CM1CON0         equ	3961	;# 
  2002   000F79                     CM1CON          equ	3961	;# 
  2003   000F7A                     PIE4            equ	3962	;# 
  2004   000F7B                     PIR4            equ	3963	;# 
  2005   000F7C                     IPR4            equ	3964	;# 
  2006   000F7D                     PIE5            equ	3965	;# 
  2007   000F7E                     PIR5            equ	3966	;# 
  2008   000F7F                     IPR5            equ	3967	;# 
  2009   000F80                     PORTA           equ	3968	;# 
  2010   000F81                     PORTB           equ	3969	;# 
  2011   000F82                     PORTC           equ	3970	;# 
  2012   000F83                     PORTD           equ	3971	;# 
  2013   000F84                     PORTE           equ	3972	;# 
  2014   000F89                     LATA            equ	3977	;# 
  2015   000F8A                     LATB            equ	3978	;# 
  2016   000F8B                     LATC            equ	3979	;# 
  2017   000F8C                     LATD            equ	3980	;# 
  2018   000F8D                     LATE            equ	3981	;# 
  2019   000F92                     TRISA           equ	3986	;# 
  2020   000F92                     DDRA            equ	3986	;# 
  2021   000F93                     TRISB           equ	3987	;# 
  2022   000F93                     DDRB            equ	3987	;# 
  2023   000F94                     TRISC           equ	3988	;# 
  2024   000F94                     DDRC            equ	3988	;# 
  2025   000F95                     TRISD           equ	3989	;# 
  2026   000F95                     DDRD            equ	3989	;# 
  2027   000F96                     TRISE           equ	3990	;# 
  2028   000F96                     DDRE            equ	3990	;# 
  2029   000F9B                     OSCTUNE         equ	3995	;# 
  2030   000F9C                     HLVDCON         equ	3996	;# 
  2031   000F9C                     LVDCON          equ	3996	;# 
  2032   000F9D                     PIE1            equ	3997	;# 
  2033   000F9E                     PIR1            equ	3998	;# 
  2034   000F9F                     IPR1            equ	3999	;# 
  2035   000FA0                     PIE2            equ	4000	;# 
  2036   000FA1                     PIR2            equ	4001	;# 
  2037   000FA2                     IPR2            equ	4002	;# 
  2038   000FA3                     PIE3            equ	4003	;# 
  2039   000FA4                     PIR3            equ	4004	;# 
  2040   000FA5                     IPR3            equ	4005	;# 
  2041   000FA6                     EECON1          equ	4006	;# 
  2042   000FA7                     EECON2          equ	4007	;# 
  2043   000FA8                     EEDATA          equ	4008	;# 
  2044   000FA9                     EEADR           equ	4009	;# 
  2045   000FAA                     EEADRH          equ	4010	;# 
  2046   000FAB                     RCSTA1          equ	4011	;# 
  2047   000FAB                     RCSTA           equ	4011	;# 
  2048   000FAB                     RC1STA          equ	4011	;# 
  2049   000FAC                     TXSTA1          equ	4012	;# 
  2050   000FAC                     TXSTA           equ	4012	;# 
  2051   000FAC                     TX1STA          equ	4012	;# 
  2052   000FAD                     TXREG1          equ	4013	;# 
  2053   000FAD                     TXREG           equ	4013	;# 
  2054   000FAD                     TX1REG          equ	4013	;# 
  2055   000FAE                     RCREG1          equ	4014	;# 
  2056   000FAE                     RCREG           equ	4014	;# 
  2057   000FAE                     RC1REG          equ	4014	;# 
  2058   000FAF                     SPBRG1          equ	4015	;# 
  2059   000FAF                     SPBRG           equ	4015	;# 
  2060   000FAF                     SP1BRG          equ	4015	;# 
  2061   000FB0                     SPBRGH1         equ	4016	;# 
  2062   000FB0                     SPBRGH          equ	4016	;# 
  2063   000FB0                     SP1BRGH         equ	4016	;# 
  2064   000FB1                     T3CON           equ	4017	;# 
  2065   000FB2                     TMR3            equ	4018	;# 
  2066   000FB2                     TMR3L           equ	4018	;# 
  2067   000FB3                     TMR3H           equ	4019	;# 
  2068   000FB4                     T3GCON          equ	4020	;# 
  2069   000FB6                     ECCP1AS         equ	4022	;# 
  2070   000FB6                     ECCPAS          equ	4022	;# 
  2071   000FB7                     PWM1CON         equ	4023	;# 
  2072   000FB7                     PWMCON          equ	4023	;# 
  2073   000FB8                     BAUDCON1        equ	4024	;# 
  2074   000FB8                     BAUDCON         equ	4024	;# 
  2075   000FB8                     BAUDCTL         equ	4024	;# 
  2076   000FB8                     BAUD1CON        equ	4024	;# 
  2077   000FB9                     PSTR1CON        equ	4025	;# 
  2078   000FB9                     PSTRCON         equ	4025	;# 
  2079   000FBA                     T2CON           equ	4026	;# 
  2080   000FBB                     PR2             equ	4027	;# 
  2081   000FBC                     TMR2            equ	4028	;# 
  2082   000FBD                     CCP1CON         equ	4029	;# 
  2083   000FBE                     CCPR1           equ	4030	;# 
  2084   000FBE                     CCPR1L          equ	4030	;# 
  2085   000FBF                     CCPR1H          equ	4031	;# 
  2086   000FC0                     ADCON2          equ	4032	;# 
  2087   000FC1                     ADCON1          equ	4033	;# 
  2088   000FC2                     ADCON0          equ	4034	;# 
  2089   000FC3                     ADRES           equ	4035	;# 
  2090   000FC3                     ADRESL          equ	4035	;# 
  2091   000FC4                     ADRESH          equ	4036	;# 
  2092   000FC5                     SSP1CON2        equ	4037	;# 
  2093   000FC5                     SSPCON2         equ	4037	;# 
  2094   000FC6                     SSP1CON1        equ	4038	;# 
  2095   000FC6                     SSPCON1         equ	4038	;# 
  2096   000FC7                     SSP1STAT        equ	4039	;# 
  2097   000FC7                     SSPSTAT         equ	4039	;# 
  2098   000FC8                     SSP1ADD         equ	4040	;# 
  2099   000FC8                     SSPADD          equ	4040	;# 
  2100   000FC9                     SSP1BUF         equ	4041	;# 
  2101   000FC9                     SSPBUF          equ	4041	;# 
  2102   000FCA                     SSP1MSK         equ	4042	;# 
  2103   000FCA                     SSPMSK          equ	4042	;# 
  2104   000FCB                     SSP1CON3        equ	4043	;# 
  2105   000FCB                     SSPCON3         equ	4043	;# 
  2106   000FCC                     T1GCON          equ	4044	;# 
  2107   000FCD                     T1CON           equ	4045	;# 
  2108   000FCE                     TMR1            equ	4046	;# 
  2109   000FCE                     TMR1L           equ	4046	;# 
  2110   000FCF                     TMR1H           equ	4047	;# 
  2111   000FD0                     RCON            equ	4048	;# 
  2112   000FD1                     WDTCON          equ	4049	;# 
  2113   000FD2                     OSCCON2         equ	4050	;# 
  2114   000FD3                     OSCCON          equ	4051	;# 
  2115   000FD5                     T0CON           equ	4053	;# 
  2116   000FD6                     TMR0            equ	4054	;# 
  2117   000FD6                     TMR0L           equ	4054	;# 
  2118   000FD7                     TMR0H           equ	4055	;# 
  2119   000FD8                     STATUS          equ	4056	;# 
  2120   000FD9                     FSR2            equ	4057	;# 
  2121   000FD9                     FSR2L           equ	4057	;# 
  2122   000FDA                     FSR2H           equ	4058	;# 
  2123   000FDB                     PLUSW2          equ	4059	;# 
  2124   000FDC                     PREINC2         equ	4060	;# 
  2125   000FDD                     POSTDEC2        equ	4061	;# 
  2126   000FDE                     POSTINC2        equ	4062	;# 
  2127   000FDF                     INDF2           equ	4063	;# 
  2128   000FE0                     BSR             equ	4064	;# 
  2129   000FE1                     FSR1            equ	4065	;# 
  2130   000FE1                     FSR1L           equ	4065	;# 
  2131   000FE2                     FSR1H           equ	4066	;# 
  2132   000FE3                     PLUSW1          equ	4067	;# 
  2133   000FE4                     PREINC1         equ	4068	;# 
  2134   000FE5                     POSTDEC1        equ	4069	;# 
  2135   000FE6                     POSTINC1        equ	4070	;# 
  2136   000FE7                     INDF1           equ	4071	;# 
  2137   000FE8                     WREG            equ	4072	;# 
  2138   000FE9                     FSR0            equ	4073	;# 
  2139   000FE9                     FSR0L           equ	4073	;# 
  2140   000FEA                     FSR0H           equ	4074	;# 
  2141   000FEB                     PLUSW0          equ	4075	;# 
  2142   000FEC                     PREINC0         equ	4076	;# 
  2143   000FED                     POSTDEC0        equ	4077	;# 
  2144   000FEE                     POSTINC0        equ	4078	;# 
  2145   000FEF                     INDF0           equ	4079	;# 
  2146   000FF0                     INTCON3         equ	4080	;# 
  2147   000FF1                     INTCON2         equ	4081	;# 
  2148   000FF2                     INTCON          equ	4082	;# 
  2149   000FF3                     PROD            equ	4083	;# 
  2150   000FF3                     PRODL           equ	4083	;# 
  2151   000FF4                     PRODH           equ	4084	;# 
  2152   000FF5                     TABLAT          equ	4085	;# 
  2153   000FF6                     TBLPTR          equ	4086	;# 
  2154   000FF6                     TBLPTRL         equ	4086	;# 
  2155   000FF7                     TBLPTRH         equ	4087	;# 
  2156   000FF8                     TBLPTRU         equ	4088	;# 
  2157   000FF9                     PCLAT           equ	4089	;# 
  2158   000FF9                     PC              equ	4089	;# 
  2159   000FF9                     PCL             equ	4089	;# 
  2160   000FFA                     PCLATH          equ	4090	;# 
  2161   000FFB                     PCLATU          equ	4091	;# 
  2162   000FFC                     STKPTR          equ	4092	;# 
  2163   000FFD                     TOS             equ	4093	;# 
  2164   000FFD                     TOSL            equ	4093	;# 
  2165   000FFE                     TOSH            equ	4094	;# 
  2166   000FFF                     TOSU            equ	4095	;# 
  2167                           
  2168                           	psect	smallconst
  2169   001000                     __psmallconst:
  2170                           	callstack 0
  2171   001000  00                 	db	0
  2172   001001                     _Get_PPM:
  2173                           	callstack 0
  2174   001001  01                 	db	1
  2175   001002  20                 	db	32
  2176   001003  00                 	db	0
  2177   001004  39                 	db	57
  2178   001005  C0                 	db	192
  2179   001006                     __end_of_Get_PPM:
  2180                           	callstack 0
  2181   000F3B                     _ANSELDbits     set	3899
  2182   000F3A                     _ANSELCbits     set	3898
  2183   000F38                     _ANSELAbits     set	3896
  2184   000F56                     _CCPR5H         set	3926
  2185   000F55                     _CCPR5L         set	3925
  2186   000F54                     _CCP5CON        set	3924
  2187   000F38                     _ANSELA         set	3896
  2188   000F3C                     _ANSELE         set	3900
  2189   000F39                     _ANSELB         set	3897
  2190   000F3A                     _ANSELC         set	3898
  2191   000F3B                     _ANSELD         set	3899
  2192   000F73                     _TXREG2         set	3955
  2193   000FAD                     _TXREG1         set	4013
  2194   000FA3                     _PIE3bits       set	4003
  2195   000F71                     _RCSTA2bits     set	3953
  2196   000F75                     _SPBRG2         set	3957
  2197   000F76                     _SPBRGH2        set	3958
  2198   000F72                     _TXSTA2bits     set	3954
  2199   000F70                     _BAUDCON2bits   set	3952
  2200   000F70                     _BAUDCON2       set	3952
  2201   000F72                     _TXSTA2         set	3954
  2202   000F71                     _RCSTA2         set	3953
  2203   000FAB                     _RCSTA1bits     set	4011
  2204   000FAF                     _SPBRG1         set	4015
  2205   000FB0                     _SPBRGH1        set	4016
  2206   000FAC                     _TXSTA1bits     set	4012
  2207   000FB8                     _BAUDCON1bits   set	4024
  2208   000FB8                     _BAUDCON1       set	4024
  2209   000FAC                     _TXSTA1         set	4012
  2210   000FAB                     _RCSTA1         set	4011
  2211   000F74                     _RCREG2         set	3956
  2212   000FA4                     _PIR3bits       set	4004
  2213   000FAE                     _RCREG1         set	4014
  2214   000FBC                     _TMR2           set	4028
  2215   000FBB                     _PR2            set	4027
  2216   000FBA                     _T2CON          set	4026
  2217   000F9D                     _PIE1bits       set	3997
  2218   000FCE                     _TMR1L          set	4046
  2219   000FCF                     _TMR1H          set	4047
  2220   000FCC                     _T1GCON         set	4044
  2221   000FCD                     _T1CON          set	4045
  2222   000FD6                     _TMR0L          set	4054
  2223   000FD7                     _TMR0H          set	4055
  2224   000FD5                     _T0CON          set	4053
  2225   000FCD                     _T1CONbits      set	4045
  2226   000F9E                     _PIR1bits       set	3998
  2227   000FD5                     _T0CONbits      set	4053
  2228   000F94                     _TRISCbits      set	3988
  2229   000F8C                     _LATDbits       set	3980
  2230   000F8A                     _LATBbits       set	3978
  2231   000F95                     _TRISDbits      set	3989
  2232   000F93                     _TRISBbits      set	3987
  2233   000FF1                     _INTCON2bits    set	4081
  2234   000F61                     _WPUB           set	3937
  2235   000F95                     _TRISD          set	3989
  2236   000F94                     _TRISC          set	3988
  2237   000F93                     _TRISB          set	3987
  2238   000F92                     _TRISA          set	3986
  2239   000F96                     _TRISE          set	3990
  2240   000F8B                     _LATC           set	3979
  2241   000F8A                     _LATB           set	3978
  2242   000F89                     _LATA           set	3977
  2243   000F8C                     _LATD           set	3980
  2244   000F8D                     _LATE           set	3981
  2245   000FD3                     _OSCCONbits     set	4051
  2246   000F9B                     _OSCTUNE        set	3995
  2247   000FD2                     _OSCCON2        set	4050
  2248   000FD3                     _OSCCON         set	4051
  2249   000F8B                     _LATCbits       set	3979
  2250   000FF2                     _INTCONbits     set	4082
  2251   001006                     STR_7:
  2252   001006  41                 	db	65	;'A'
  2253   001007  47                 	db	71	;'G'
  2254   001008  52                 	db	82	;'R'
  2255   001009  4F                 	db	79	;'O'
  2256   00100A  4C                 	db	76	;'L'
  2257   00100B  41                 	db	65	;'A'
  2258   00100C  54                 	db	84	;'T'
  2259   00100D  49                 	db	73	;'I'
  2260   00100E  4E                 	db	78	;'N'
  2261   00100F  41                 	db	65	;'A'
  2262   001010  5F                 	db	95	;'_'
  2263   001011  47                 	db	71	;'G'
  2264   001012  30                 	db	48	;'0'
  2265   001013  31                 	db	49	;'1'
  2266   001014  5F                 	db	95	;'_'
  2267   001015  43                 	db	67	;'C'
  2268   001016  42                 	db	66	;'B'
  2269   001017  30                 	db	48	;'0'
  2270   001018  31                 	db	49	;'1'
  2271   001019  5F                 	db	95	;'_'
  2272   00101A  53                 	db	83	;'S'
  2273   00101B  54                 	db	84	;'T'
  2274   00101C  41                 	db	65	;'A'
  2275   00101D  54                 	db	84	;'T'
  2276   00101E  55                 	db	85	;'U'
  2277   00101F  53                 	db	83	;'S'
  2278   001020  5F                 	db	95	;'_'
  2279   001021  00                 	db	0
  2280   001022                     STR_3:
  2281   001022  3A                 	db	58	;':'
  2282   001023  25                 	db	37
  2283   001024  30                 	db	48	;'0'
  2284   001025  32                 	db	50	;'2'
  2285   001026  58                 	db	88	;'X'
  2286   001027  30                 	db	48	;'0'
  2287   001028  31                 	db	49	;'1'
  2288   001029  25                 	db	37
  2289   00102A  30                 	db	48	;'0'
  2290   00102B  32                 	db	50	;'2'
  2291   00102C  58                 	db	88	;'X'
  2292   00102D  25                 	db	37
  2293   00102E  30                 	db	48	;'0'
  2294   00102F  32                 	db	50	;'2'
  2295   001030  58                 	db	88	;'X'
  2296   001031  25                 	db	37
  2297   001032  30                 	db	48	;'0'
  2298   001033  32                 	db	50	;'2'
  2299   001034  58                 	db	88	;'X'
  2300   001035  0D                 	db	13
  2301   001036  0A                 	db	10
  2302   001037  00                 	db	0
  2303   001038                     STR_4:
  2304   001038  3A                 	db	58	;':'
  2305   001039  25                 	db	37
  2306   00103A  30                 	db	48	;'0'
  2307   00103B  32                 	db	50	;'2'
  2308   00103C  58                 	db	88	;'X'
  2309   00103D  30                 	db	48	;'0'
  2310   00103E  33                 	db	51	;'3'
  2311   00103F  25                 	db	37
  2312   001040  30                 	db	48	;'0'
  2313   001041  32                 	db	50	;'2'
  2314   001042  58                 	db	88	;'X'
  2315   001043  00                 	db	0
  2316   001044                     STR_1:
  2317   001044  4D                 	db	77	;'M'
  2318   001045  4F                 	db	79	;'O'
  2319   001046  44                 	db	68	;'D'
  2320   001047  5F                 	db	95	;'_'
  2321   001048  52                 	db	82	;'R'
  2322   001049  45                 	db	69	;'E'
  2323   00104A  4C                 	db	76	;'L'
  2324   00104B  45                 	db	69	;'E'
  2325   00104C  3A                 	db	58	;':'
  2326   00104D  00                 	db	0
  2327   00104E                     STR_8:
  2328   00104E  50                 	db	80	;'P'
  2329   00104F  50                 	db	80	;'P'
  2330   001050  4D                 	db	77	;'M'
  2331   001051  3A                 	db	58	;':'
  2332   001052  00                 	db	0
  2333   001053                     STR_5:
  2334   001053  25                 	db	37
  2335   001054  30                 	db	48	;'0'
  2336   001055  34                 	db	52	;'4'
  2337   001056  58                 	db	88	;'X'
  2338   001057  00                 	db	0
  2339   001058                     STR_9:
  2340   001058  25                 	db	37
  2341   001059  64                 	db	100	;'d'
  2342   00105A  00                 	db	0
  2343   00104C                     STR_2           equ	STR_1+8
  2344   001031                     STR_6           equ	STR_3+15
  2345   00105B  00                 	db	0	; dummy byte at the end
  2346   001000                     __smallconst    set	__psmallconst
  2347   001000                     __mediumconst   set	__psmallconst
  2348   000002                     __activetblptr  equ	2
  2349                           
  2350                           ; #config settings
  2351                           
  2352                           	psect	cinit
  2353   0032CE                     __pcinit:
  2354                           	callstack 0
  2355   0032CE                     start_initialization:
  2356                           	callstack 0
  2357   0032CE                     __initialization:
  2358                           	callstack 0
  2359                           
  2360                           ; Clear objects allocated to BANK2 (201 bytes)
  2361   0032CE  EE02  F000         	lfsr	0,__pbssBANK2
  2362   0032D2  0EC9               	movlw	201
  2363   0032D4                     clear_0:
  2364   0032D4  6AEE               	clrf	postinc0,c
  2365   0032D6  06E8               	decf	wreg,f,c
  2366   0032D8  E1FD               	bnz	clear_0
  2367                           
  2368                           ; Clear objects allocated to BANK1 (101 bytes)
  2369   0032DA  EE01  F000         	lfsr	0,__pbssBANK1
  2370   0032DE  0E65               	movlw	101
  2371   0032E0                     clear_1:
  2372   0032E0  6AEE               	clrf	postinc0,c
  2373   0032E2  06E8               	decf	wreg,f,c
  2374   0032E4  E1FD               	bnz	clear_1
  2375                           
  2376                           ; Clear objects allocated to BANK0 (109 bytes)
  2377   0032E6  EE00  F060         	lfsr	0,__pbssBANK0
  2378   0032EA  0E6D               	movlw	109
  2379   0032EC                     clear_2:
  2380   0032EC  6AEE               	clrf	postinc0,c
  2381   0032EE  06E8               	decf	wreg,f,c
  2382   0032F0  E1FD               	bnz	clear_2
  2383                           
  2384                           ; Clear objects allocated to COMRAM (5 bytes)
  2385   0032F2  6A59               	clrf	(__pbssCOMRAM+4)& (0+255),c
  2386   0032F4  6A58               	clrf	(__pbssCOMRAM+3)& (0+255),c
  2387   0032F6  6A57               	clrf	(__pbssCOMRAM+2)& (0+255),c
  2388   0032F8  6A56               	clrf	(__pbssCOMRAM+1)& (0+255),c
  2389   0032FA  6A55               	clrf	__pbssCOMRAM& (0+255),c
  2390   0032FC                     end_of_initialization:
  2391                           	callstack 0
  2392   0032FC                     __end_of__initialization:
  2393                           	callstack 0
  2394   0032FC  905A               	bcf	int$flags,0,c	;clear compiler interrupt flag (level 1)
  2395   0032FE  925A               	bcf	int$flags,1,c	;clear compiler interrupt flag (level 2)
  2396   003300  0E00               	movlw	low (__Lmediumconst shr (0+16))
  2397   003302  6EF8               	movwf	tblptru,c
  2398   003304  0100               	movlb	0
  2399   003306  EFF1  F012         	goto	_main	;jump to C main() function
  2400                           
  2401                           	psect	bssCOMRAM
  2402   000055                     __pbssCOMRAM:
  2403                           	callstack 0
  2404   000055                     _flags:
  2405                           	callstack 0
  2406   000055                     	ds	1
  2407   000056                     _M_ID:
  2408                           	callstack 0
  2409   000056                     	ds	1
  2410   000057                     _Paso_Control:
  2411                           	callstack 0
  2412   000057                     	ds	1
  2413   000058                     _Valor_Salida:
  2414                           	callstack 0
  2415   000058                     	ds	1
  2416   000059                     _M_Led:
  2417                           	callstack 0
  2418   000059                     	ds	1
  2419                           
  2420                           	psect	bssBANK0
  2421   000060                     __pbssBANK0:
  2422                           	callstack 0
  2423   000060                     _Gasificado:
  2424                           	callstack 0
  2425   000060                     	ds	30
  2426   00007E                     _width:
  2427                           	callstack 0
  2428   00007E                     	ds	2
  2429   000080                     _prec:
  2430                           	callstack 0
  2431   000080                     	ds	2
  2432   000082                     _M_Cantidad:
  2433                           	callstack 0
  2434   000082                     	ds	2
  2435   000084                     _M_Direccion:
  2436                           	callstack 0
  2437   000084                     	ds	2
  2438   000086                     _PPM:
  2439                           	callstack 0
  2440   000086                     	ds	2
  2441   000088                     _SP_Agua:
  2442                           	callstack 0
  2443   000088                     	ds	2
  2444   00008A                     _SP_PPM:
  2445                           	callstack 0
  2446   00008A                     	ds	2
  2447   00008C                     _M_LR:
  2448                           	callstack 0
  2449   00008C                     	ds	1
  2450   00008D                     _M_Funcion:
  2451                           	callstack 0
  2452   00008D                     	ds	1
  2453   00008E                     _Tiempo_Control:
  2454                           	callstack 0
  2455   00008E                     	ds	1
  2456   00008F                     _S_Led:
  2457                           	callstack 0
  2458   00008F                     	ds	1
  2459   000090                     _W_Led:
  2460                           	callstack 0
  2461   000090                     	ds	1
  2462   000091                     _T_Led:
  2463                           	callstack 0
  2464   000091                     	ds	1
  2465   000092                     _Z_Led:
  2466                           	callstack 0
  2467   000092                     	ds	1
  2468   000093                     _Flag_100ms:
  2469                           	callstack 0
  2470   000093                     	ds	1
  2471   000094                     _Flag_1000ms:
  2472                           	callstack 0
  2473   000094                     	ds	1
  2474   000095                     _Flag_U2:
  2475                           	callstack 0
  2476   000095                     	ds	1
  2477   000096                     _Length_U2:
  2478                           	callstack 0
  2479   000096                     	ds	1
  2480   000097                     _Flag_U1:
  2481                           	callstack 0
  2482   000097                     	ds	1
  2483   000098                     _Length_U1:
  2484                           	callstack 0
  2485   000098                     	ds	1
  2486   000099                     _dbuf:
  2487                           	callstack 0
  2488   000099                     	ds	32
  2489   0000B9                     _txt:
  2490                           	callstack 0
  2491   0000B9                     	ds	20
  2492                           
  2493                           	psect	bssBANK1
  2494   000100                     __pbssBANK1:
  2495                           	callstack 0
  2496   000100                     _Buffer_U1:
  2497                           	callstack 0
  2498   000100                     	ds	101
  2499                           
  2500                           	psect	bssBANK2
  2501   000200                     __pbssBANK2:
  2502                           	callstack 0
  2503   000200                     _Buffer_U2:
  2504                           	callstack 0
  2505   000200                     	ds	201
  2506                           
  2507                           	psect	cstackBANK0
  2508   0000CD                     __pcstackBANK0:
  2509                           	callstack 0
  2510   0000CD                     Read_Cmd@Data:
  2511                           	callstack 0
  2512                           
  2513                           ; 2 bytes @ 0x0
  2514   0000CD                     	ds	2
  2515   0000CF                     ??_Read_Cmd:
  2516                           
  2517                           ; 1 bytes @ 0x2
  2518   0000CF                     	ds	3
  2519   0000D2                     Read_Cmd@lrc:
  2520                           	callstack 0
  2521                           
  2522                           ; 2 bytes @ 0x5
  2523   0000D2                     	ds	2
  2524   0000D4                     Read_Cmd@alto:
  2525                           	callstack 0
  2526                           
  2527                           ; 2 bytes @ 0x7
  2528   0000D4                     	ds	2
  2529   0000D6                     Read_Cmd@bajo:
  2530                           	callstack 0
  2531                           
  2532                           ; 2 bytes @ 0x9
  2533   0000D6                     	ds	2
  2534   0000D8                     Read_Cmd@Index:
  2535                           	callstack 0
  2536                           
  2537                           ; 2 bytes @ 0xB
  2538   0000D8                     	ds	2
  2539   0000DA                     UART_Read@i:
  2540                           	callstack 0
  2541                           
  2542                           ; 2 bytes @ 0xD
  2543   0000DA                     	ds	2
  2544   0000DC                     UART_Read@i_1524:
  2545                           	callstack 0
  2546                           
  2547                           ; 2 bytes @ 0xF
  2548   0000DC                     	ds	2
  2549                           
  2550                           	psect	cstackCOMRAM
  2551   000001                     __pcstackCOMRAM:
  2552                           	callstack 0
  2553   000001                     UART_Interrupt@c:
  2554                           	callstack 0
  2555   000001                     
  2556                           ; 1 bytes @ 0x0
  2557   000001                     	ds	1
  2558   000002                     UART_Interrupt@c_1521:
  2559                           	callstack 0
  2560                           
  2561                           ; 1 bytes @ 0x1
  2562   000002                     	ds	1
  2563   000003                     ??_Interrupcion:
  2564                           
  2565                           ; 1 bytes @ 0x2
  2566   000003                     	ds	2
  2567   000005                     ?_Leer_1Byte:
  2568                           	callstack 0
  2569   000005                     ?___awdiv:
  2570                           	callstack 0
  2571   000005                     ?___awmod:
  2572                           	callstack 0
  2573   000005                     ?_read_prec_or_width:
  2574                           	callstack 0
  2575   000005                     ?___fldiv:
  2576                           	callstack 0
  2577   000005                     ?___lldiv:
  2578                           	callstack 0
  2579   000005                     ?___fltol:
  2580                           	callstack 0
  2581   000005                     ?___xxtofl:
  2582                           	callstack 0
  2583   000005                     UART1_Write@dato:
  2584                           	callstack 0
  2585   000005                     UART2_Write@dato:
  2586                           	callstack 0
  2587   000005                     HexToNum@c:
  2588                           	callstack 0
  2589   000005                     read_prec_or_width@fmt:
  2590                           	callstack 0
  2591   000005                     Pic_Clock_Init@guarda:
  2592                           	callstack 0
  2593   000005                     Texto_Length@texto:
  2594                           	callstack 0
  2595   000005                     Leer_1Bit@Direccion:
  2596                           	callstack 0
  2597   000005                     Leer_1Byte@Direccion:
  2598                           	callstack 0
  2599   000005                     ___awdiv@dividend:
  2600                           	callstack 0
  2601   000005                     ___awmod@dividend:
  2602                           	callstack 0
  2603   000005                     fputc@c:
  2604                           	callstack 0
  2605   000005                     ___lldiv@dividend:
  2606                           	callstack 0
  2607   000005                     ___fltol@f1:
  2608                           	callstack 0
  2609   000005                     ___fldiv@b:
  2610                           	callstack 0
  2611   000005                     ___xxtofl@val:
  2612                           	callstack 0
  2613   000005                     ??_Proceso_Led:
  2614   000005                     
  2615                           ; 1 bytes @ 0x4
  2616   000005                     	ds	1
  2617   000006                     read_prec_or_width@ap:
  2618                           	callstack 0
  2619   000006                     UART1_Write@g:
  2620                           	callstack 0
  2621   000006                     UART2_Write@g:
  2622                           	callstack 0
  2623                           
  2624                           ; 2 bytes @ 0x5
  2625   000006                     	ds	1
  2626   000007                     Texto_Length@contador:
  2627                           	callstack 0
  2628   000007                     fputc@fp:
  2629                           	callstack 0
  2630   000007                     ___awdiv@divisor:
  2631                           	callstack 0
  2632   000007                     ___awmod@divisor:
  2633                           	callstack 0
  2634   000007                     ??_read_prec_or_width:
  2635                           
  2636                           ; 1 bytes @ 0x6
  2637   000007                     	ds	1
  2638   000008                     UART2_WriteString@cad:
  2639                           	callstack 0
  2640   000008                     UART1_WriteString@cad:
  2641                           	callstack 0
  2642   000008                     IndexOf_Str@buf:
  2643                           	callstack 0
  2644   000008                     Write_X0@Direccion:
  2645                           	callstack 0
  2646   000008                     Write_X4@Direccion:
  2647                           	callstack 0
  2648   000008                     ??_Consulta_Sensor:
  2649   000008                     ??_fputc:
  2650                           
  2651                           ; 1 bytes @ 0x7
  2652   000008                     	ds	1
  2653   000009                     ___awdiv@counter:
  2654                           	callstack 0
  2655   000009                     ___awmod@counter:
  2656                           	callstack 0
  2657   000009                     read_prec_or_width@c:
  2658                           	callstack 0
  2659   000009                     Consulta_Sensor@i:
  2660                           	callstack 0
  2661   000009                     ___lldiv@divisor:
  2662                           	callstack 0
  2663   000009                     ___fldiv@a:
  2664                           	callstack 0
  2665   000009                     ??___fltol:
  2666   000009                     ??___xxtofl:
  2667                           
  2668                           ; 1 bytes @ 0x8
  2669   000009                     	ds	1
  2670   00000A                     IndexOf_Str@patron:
  2671                           	callstack 0
  2672   00000A                     ___awdiv@sign:
  2673                           	callstack 0
  2674   00000A                     ___awmod@sign:
  2675                           	callstack 0
  2676   00000A                     Write_X0@Valor:
  2677                           	callstack 0
  2678   00000A                     Write_X4@Valor:
  2679                           	callstack 0
  2680   00000A                     read_prec_or_width@n:
  2681                           	callstack 0
  2682   00000A                     ??_Consulta_Relay:
  2683   00000A                     
  2684                           ; 1 bytes @ 0x9
  2685   00000A                     	ds	1
  2686   00000B                     ?_abs:
  2687                           	callstack 0
  2688   00000B                     ___awdiv@quotient:
  2689                           	callstack 0
  2690   00000B                     abs@a:
  2691                           	callstack 0
  2692   00000B                     ??_IndexOf_Str:
  2693                           
  2694                           ; 1 bytes @ 0xA
  2695   00000B                     	ds	1
  2696   00000C                     Write_X0@i:
  2697                           	callstack 0
  2698   00000C                     Write_X4@i:
  2699                           	callstack 0
  2700   00000C                     
  2701                           ; 1 bytes @ 0xB
  2702   00000C                     	ds	1
  2703   00000D                     ___fltol@sign1:
  2704                           	callstack 0
  2705   00000D                     ___xxtofl@sign:
  2706                           	callstack 0
  2707   00000D                     fputs@s:
  2708                           	callstack 0
  2709   00000D                     ___lldiv@quotient:
  2710                           	callstack 0
  2711   00000D                     ??___fldiv:
  2712   00000D                     ??_abs:
  2713   00000D                     
  2714                           ; 1 bytes @ 0xC
  2715   00000D                     	ds	1
  2716   00000E                     ___fltol@exp1:
  2717                           	callstack 0
  2718   00000E                     ___xxtofl@exp:
  2719                           	callstack 0
  2720   00000E                     fputs@fp:
  2721                           	callstack 0
  2722                           
  2723                           ; 1 bytes @ 0xD
  2724   00000E                     	ds	1
  2725   00000F                     IndexOf_Str@len:
  2726                           	callstack 0
  2727   00000F                     fputs@c:
  2728                           	callstack 0
  2729   00000F                     ___xxtofl@arg:
  2730                           	callstack 0
  2731   00000F                     
  2732                           ; 1 bytes @ 0xE
  2733   00000F                     	ds	1
  2734   000010                     IndexOf_Str@i:
  2735                           	callstack 0
  2736   000010                     fputs@i:
  2737                           	callstack 0
  2738                           
  2739                           ; 2 bytes @ 0xF
  2740   000010                     	ds	1
  2741   000011                     IndexOf_Str@j:
  2742                           	callstack 0
  2743   000011                     ___lldiv@counter:
  2744                           	callstack 0
  2745   000011                     ___fldiv@rem:
  2746                           	callstack 0
  2747                           
  2748                           ; 4 bytes @ 0x10
  2749   000011                     	ds	1
  2750   000012                     IndexOf_Str@lp:
  2751                           	callstack 0
  2752   000012                     pad@fp:
  2753                           	callstack 0
  2754   000012                     UART1_Init@Baud:
  2755                           	callstack 0
  2756   000012                     UART2_Init@Baud:
  2757                           	callstack 0
  2758                           
  2759                           ; 4 bytes @ 0x11
  2760   000012                     	ds	1
  2761   000013                     pad@buf:
  2762                           	callstack 0
  2763                           
  2764                           ; 1 bytes @ 0x12
  2765   000013                     	ds	1
  2766   000014                     pad@p:
  2767                           	callstack 0
  2768                           
  2769                           ; 2 bytes @ 0x13
  2770   000014                     	ds	1
  2771   000015                     ___fldiv@sign:
  2772                           	callstack 0
  2773                           
  2774                           ; 1 bytes @ 0x14
  2775   000015                     	ds	1
  2776   000016                     ___fldiv@new_exp:
  2777                           	callstack 0
  2778   000016                     ??_UART1_Init:
  2779   000016                     ??_UART2_Init:
  2780   000016                     ??_pad:
  2781                           
  2782                           ; 1 bytes @ 0x15
  2783   000016                     	ds	1
  2784   000017                     pad@i:
  2785                           	callstack 0
  2786                           
  2787                           ; 2 bytes @ 0x16
  2788   000017                     	ds	1
  2789   000018                     ___fldiv@grs:
  2790                           	callstack 0
  2791                           
  2792                           ; 4 bytes @ 0x17
  2793   000018                     	ds	1
  2794   000019                     dtoa@fp:
  2795                           	callstack 0
  2796   000019                     xtoa@fp:
  2797                           	callstack 0
  2798                           
  2799                           ; 1 bytes @ 0x18
  2800   000019                     	ds	1
  2801   00001A                     UART1_Init@brg:
  2802                           	callstack 0
  2803   00001A                     UART2_Init@brg:
  2804                           	callstack 0
  2805   00001A                     dtoa@d:
  2806                           	callstack 0
  2807   00001A                     xtoa@d:
  2808                           	callstack 0
  2809                           
  2810                           ; 2 bytes @ 0x19
  2811   00001A                     	ds	2
  2812   00001C                     ___fldiv@bexp:
  2813                           	callstack 0
  2814   00001C                     _dtoa$2369:
  2815                           	callstack 0
  2816   00001C                     ??_xtoa:
  2817                           
  2818                           ; 1 bytes @ 0x1B
  2819   00001C                     	ds	1
  2820   00001D                     ___fldiv@aexp:
  2821                           	callstack 0
  2822                           
  2823                           ; 1 bytes @ 0x1C
  2824   00001D                     	ds	1
  2825   00001E                     dtoa@p:
  2826                           	callstack 0
  2827   00001E                     Get_Comando@Data:
  2828                           	callstack 0
  2829                           
  2830                           ; 2 bytes @ 0x1D
  2831   00001E                     	ds	1
  2832   00001F                     xtoa@p:
  2833                           	callstack 0
  2834   00001F                     dtoa@w:
  2835                           	callstack 0
  2836                           
  2837                           ; 2 bytes @ 0x1E
  2838   00001F                     	ds	1
  2839   000020                     xtoa@w:
  2840                           	callstack 0
  2841   000020                     ??_Get_Comando:
  2842                           
  2843                           ; 1 bytes @ 0x1F
  2844   000020                     	ds	1
  2845   000021                     dtoa@s:
  2846                           	callstack 0
  2847                           
  2848                           ; 1 bytes @ 0x20
  2849   000021                     	ds	1
  2850   000022                     xtoa@c:
  2851                           	callstack 0
  2852   000022                     dtoa@i:
  2853                           	callstack 0
  2854                           
  2855                           ; 2 bytes @ 0x21
  2856   000022                     	ds	1
  2857   000023                     xtoa@i:
  2858                           	callstack 0
  2859   000023                     Get_Comando@iBuffer:
  2860                           	callstack 0
  2861                           
  2862                           ; 20 bytes @ 0x22
  2863   000023                     	ds	2
  2864   000025                     vfpfcnvrt@fp:
  2865                           	callstack 0
  2866                           
  2867                           ; 1 bytes @ 0x24
  2868   000025                     	ds	1
  2869   000026                     vfpfcnvrt@fmt:
  2870                           	callstack 0
  2871                           
  2872                           ; 1 bytes @ 0x25
  2873   000026                     	ds	1
  2874   000027                     vfpfcnvrt@ap:
  2875                           	callstack 0
  2876                           
  2877                           ; 1 bytes @ 0x26
  2878   000027                     	ds	1
  2879   000028                     vfpfcnvrt@done:
  2880                           	callstack 0
  2881   000028                     
  2882                           ; 1 bytes @ 0x27
  2883   000028                     	ds	1
  2884   000029                     vfpfcnvrt@convarg:
  2885                           	callstack 0
  2886                           
  2887                           ; 4 bytes @ 0x28
  2888   000029                     	ds	4
  2889   00002D                     vfpfcnvrt@cp:
  2890                           	callstack 0
  2891                           
  2892                           ; 1 bytes @ 0x2C
  2893   00002D                     	ds	1
  2894   00002E                     ?_vfprintf:
  2895                           	callstack 0
  2896   00002E                     vfprintf@fp:
  2897                           	callstack 0
  2898                           
  2899                           ; 1 bytes @ 0x2D
  2900   00002E                     	ds	1
  2901   00002F                     vfprintf@fmt:
  2902                           	callstack 0
  2903                           
  2904                           ; 1 bytes @ 0x2E
  2905   00002F                     	ds	1
  2906   000030                     vfprintf@ap:
  2907                           	callstack 0
  2908                           
  2909                           ; 1 bytes @ 0x2F
  2910   000030                     	ds	1
  2911   000031                     vfprintf@cfmt:
  2912                           	callstack 0
  2913   000031                     
  2914                           ; 1 bytes @ 0x30
  2915   000031                     	ds	1
  2916   000032                     ?_sprintf:
  2917                           	callstack 0
  2918   000032                     sprintf@s:
  2919                           	callstack 0
  2920                           
  2921                           ; 1 bytes @ 0x31
  2922   000032                     	ds	1
  2923   000033                     sprintf@fmt:
  2924                           	callstack 0
  2925                           
  2926                           ; 1 bytes @ 0x32
  2927   000033                     	ds	4
  2928   000037                     Get_Comando@Index:
  2929                           	callstack 0
  2930                           
  2931                           ; 2 bytes @ 0x36
  2932   000037                     	ds	2
  2933   000039                     Get_Comando@iCntEthy:
  2934                           	callstack 0
  2935                           
  2936                           ; 2 bytes @ 0x38
  2937   000039                     	ds	2
  2938   00003B                     Get_Comando@rEthy:
  2939                           	callstack 0
  2940                           
  2941                           ; 4 bytes @ 0x3A
  2942   00003B                     	ds	1
  2943   00003C                     sprintf@ap:
  2944                           	callstack 0
  2945   00003C                     
  2946                           ; 1 bytes @ 0x3B
  2947   00003C                     	ds	1
  2948   00003D                     sprintf@f:
  2949                           	callstack 0
  2950                           
  2951                           ; 11 bytes @ 0x3C
  2952   00003D                     	ds	2
  2953   00003F                     Get_Comando@uE:
  2954                           	callstack 0
  2955                           
  2956                           ; 2 bytes @ 0x3E
  2957   00003F                     	ds	2
  2958   000041                     Get_Comando@cFlagEthy:
  2959                           	callstack 0
  2960                           
  2961                           ; 1 bytes @ 0x40
  2962   000041                     	ds	1
  2963   000042                     Get_Comando@i:
  2964                           	callstack 0
  2965                           
  2966                           ; 2 bytes @ 0x41
  2967   000042                     	ds	6
  2968   000048                     Read_X0@Direccion:
  2969                           	callstack 0
  2970   000048                     Read_X4@Direccion:
  2971                           	callstack 0
  2972   000048                     ??_Consulta_Server:
  2973                           
  2974                           ; 1 bytes @ 0x47
  2975   000048                     	ds	2
  2976   00004A                     Read_X0@Cantidad:
  2977                           	callstack 0
  2978   00004A                     Read_X4@Cantidad:
  2979                           	callstack 0
  2980                           
  2981                           ; 2 bytes @ 0x49
  2982   00004A                     	ds	2
  2983   00004C                     ??_Read_X0:
  2984   00004C                     ??_Read_X4:
  2985                           
  2986                           ; 1 bytes @ 0x4B
  2987   00004C                     	ds	1
  2988   00004D                     Read_X4@hi:
  2989                           	callstack 0
  2990                           
  2991                           ; 1 bytes @ 0x4C
  2992   00004D                     	ds	1
  2993   00004E                     Read_X0@bit:
  2994                           	callstack 0
  2995   00004E                     Read_X4@lo:
  2996                           	callstack 0
  2997                           
  2998                           ; 1 bytes @ 0x4D
  2999   00004E                     	ds	1
  3000   00004F                     Read_X0@nb:
  3001                           	callstack 0
  3002   00004F                     Read_X4@i:
  3003                           	callstack 0
  3004                           
  3005                           ; 2 bytes @ 0x4E
  3006   00004F                     	ds	1
  3007   000050                     Read_X0@data:
  3008                           	callstack 0
  3009                           
  3010                           ; 1 bytes @ 0x4F
  3011   000050                     	ds	1
  3012   000051                     Read_X4@nb:
  3013                           	callstack 0
  3014   000051                     Read_X0@i:
  3015                           	callstack 0
  3016                           
  3017                           ; 2 bytes @ 0x50
  3018   000051                     	ds	1
  3019   000052                     Read_X4@val:
  3020                           	callstack 0
  3021                           
  3022                           ; 2 bytes @ 0x51
  3023   000052                     	ds	1
  3024   000053                     Read_X0@lrc:
  3025                           	callstack 0
  3026                           
  3027                           ; 1 bytes @ 0x52
  3028   000053                     	ds	1
  3029   000054                     Read_X4@lrc:
  3030                           	callstack 0
  3031                           
  3032                           ; 1 bytes @ 0x53
  3033   000054                     	ds	1
  3034   000055                     
  3035                           ; 1 bytes @ 0x54
  3036 ;;
  3037 ;;Main: autosize = 0, tempsize = 0, incstack = 0, save=0
  3038 ;;
  3039 ;; *************** function _main *****************
  3040 ;; Defined at:
  3041 ;;		line 20 in file "main.c"
  3042 ;; Parameters:    Size  Location     Type
  3043 ;;		None
  3044 ;; Auto vars:     Size  Location     Type
  3045 ;;		None
  3046 ;; Return value:  Size  Location     Type
  3047 ;;                  1    wreg      void 
  3048 ;; Registers used:
  3049 ;;		wreg, fsr1l, fsr1h, fsr2l, fsr2h, status,2, status,0, tblptrl, tblptrh, tblptru, prodl, prodh, cstack
  3050 ;; Tracked objects:
  3051 ;;		On entry : 0/0
  3052 ;;		On exit  : 0/0
  3053 ;;		Unchanged: 0/0
  3054 ;; Data sizes:     COMRAM   BANK0   BANK1   BANK2   BANK3   BANK4   BANK5   BANK6   BANK7   BANK8   BANK9  BANK10  BANK1
      +1  BANK12  BANK13  BANK14  BANK15
  3055 ;;      Params:         0       0       0       0       0       0       0       0       0       0       0       0       
      +0       0       0       0       0
  3056 ;;      Locals:         0       0       0       0       0       0       0       0       0       0       0       0       
      +0       0       0       0       0
  3057 ;;      Temps:          0       0       0       0       0       0       0       0       0       0       0       0       
      +0       0       0       0       0
  3058 ;;      Totals:         0       0       0       0       0       0       0       0       0       0       0       0       
      +0       0       0       0       0
  3059 ;;Total ram usage:        0 bytes
  3060 ;; Hardware stack levels required when called: 13
  3061 ;; This function calls:
  3062 ;;		_Consulta_Relay
  3063 ;;		_Consulta_Sensor
  3064 ;;		_Consulta_Server
  3065 ;;		_Pic_Clock_Init
  3066 ;;		_Pic_Gpio_Init
  3067 ;;		_Proceso_Led
  3068 ;;		_Set_Led_Conectado
  3069 ;;		_Timer0_Init
  3070 ;;		_Timer1_Init
  3071 ;;		_Timer2_Init
  3072 ;;		_UART1_Init
  3073 ;;		_UART2_Init
  3074 ;;		_UART_Read
  3075 ;; This function is called by:
  3076 ;;		Startup code after reset
  3077 ;; This function uses a non-reentrant model
  3078 ;;
  3079                           
  3080                           	psect	text0
  3081   0025E2                     __ptext0:
  3082                           	callstack 0
  3083   0025E2                     _main:
  3084                           	callstack 18
  3085   0025E2                     
  3086                           ;main.c: 21:     Pic_Clock_Init();
  3087   0025E2  EC27  F019         	call	_Pic_Clock_Init	;wreg free
  3088   0025E6                     
  3089                           ;main.c: 22:     Pic_Gpio_Init();
  3090   0025E6  ECA0  F018         	call	_Pic_Gpio_Init	;wreg free
  3091   0025EA                     
  3092                           ;main.c: 23:     Timer0_Init();
  3093   0025EA  EC43  F01A         	call	_Timer0_Init	;wreg free
  3094   0025EE                     
  3095                           ;main.c: 24:     Timer1_Init();
  3096   0025EE  EC38  F01A         	call	_Timer1_Init	;wreg free
  3097   0025F2                     
  3098                           ;main.c: 25:     Timer2_Init();
  3099   0025F2  EC4D  F01A         	call	_Timer2_Init	;wreg free
  3100   0025F6                     
  3101                           ;main.c: 26:     UART1_Init(9600);
  3102   0025F6  0E80               	movlw	128
  3103   0025F8  6E12               	movwf	UART1_Init@Baud^0,c
  3104   0025FA  0E25               	movlw	37
  3105   0025FC  6E13               	movwf	(UART1_Init@Baud+1)^0,c
  3106   0025FE  0E00               	movlw	0
  3107   002600  6E14               	movwf	(UART1_Init@Baud+2)^0,c
  3108   002602  0E00               	movlw	0
  3109   002604  6E15               	movwf	(UART1_Init@Baud+3)^0,c
  3110   002606  EC45  F016         	call	_UART1_Init	;wreg free
  3111   00260A                     
  3112                           ;main.c: 27:     UART2_Init(9600);
  3113   00260A  0E80               	movlw	128
  3114   00260C  6E12               	movwf	UART2_Init@Baud^0,c
  3115   00260E  0E25               	movlw	37
  3116   002610  6E13               	movwf	(UART2_Init@Baud+1)^0,c
  3117   002612  0E00               	movlw	0
  3118   002614  6E14               	movwf	(UART2_Init@Baud+2)^0,c
  3119   002616  0E00               	movlw	0
  3120   002618  6E15               	movwf	(UART2_Init@Baud+3)^0,c
  3121   00261A  ECF8  F015         	call	_UART2_Init	;wreg free
  3122   00261E                     
  3123                           ;main.c: 28:     INTCONbits.PEIE = 1;
  3124   00261E  8CF2               	bsf	242,6,c	;volatile
  3125   002620                     
  3126                           ;main.c: 29:     INTCONbits.GIE = 1;
  3127   002620  8EF2               	bsf	242,7,c	;volatile
  3128   002622                     
  3129                           ;main.c: 31:     Set_Led_Conectado();
  3130   002622  EC56  F01A         	call	_Set_Led_Conectado	;wreg free
  3131   002626                     l4294:
  3132                           
  3133                           ;main.c: 33:         UART_Read();
  3134   002626  EC50  F013         	call	_UART_Read	;wreg free
  3135   00262A                     
  3136                           ;main.c: 34:         Proceso_Led();
  3137   00262A  EC5C  F00E         	call	_Proceso_Led	;wreg free
  3138   00262E                     
  3139                           ;main.c: 35:         if (Tiempo_Control >= 4) {
  3140   00262E  0E03               	movlw	3
  3141   002630  0100               	movlb	0	; () banked
  3142   002632  658E               	cpfsgt	_Tiempo_Control& (0+255),b
  3143   002634  EF1E  F013         	goto	u3621
  3144   002638  EF20  F013         	goto	u3620
  3145   00263C                     u3621:
  3146   00263C  EF4B  F013         	goto	l83
  3147   002640                     u3620:
  3148   002640                     
  3149                           ; BSR set to: 0
  3150                           ;main.c: 36:             if (Paso_Control == 0) {
  3151   002640  5057               	movf	_Paso_Control^0,w,c
  3152   002642  A4D8               	btfss	status,2,c
  3153   002644  EF26  F013         	goto	u3631
  3154   002648  EF28  F013         	goto	u3630
  3155   00264C                     u3631:
  3156   00264C  EF2A  F013         	goto	l4304
  3157   002650                     u3630:
  3158   002650                     
  3159                           ; BSR set to: 0
  3160                           ;main.c: 37:                 Consulta_Relay();
  3161   002650  EC04  F019         	call	_Consulta_Relay	;wreg free
  3162   002654                     l4304:
  3163                           
  3164                           ;main.c: 39:             if (Paso_Control == 1) {
  3165   002654  0457               	decf	_Paso_Control^0,w,c
  3166   002656  A4D8               	btfss	status,2,c
  3167   002658  EF30  F013         	goto	u3641
  3168   00265C  EF32  F013         	goto	u3640
  3169   002660                     u3641:
  3170   002660  EF34  F013         	goto	l4308
  3171   002664                     u3640:
  3172   002664                     
  3173                           ;main.c: 40:                 Consulta_Sensor();
  3174   002664  ECDE  F016         	call	_Consulta_Sensor	;wreg free
  3175   002668                     l4308:
  3176                           
  3177                           ;main.c: 42:             if (Paso_Control == 2) {
  3178   002668  0E02               	movlw	2
  3179   00266A  1857               	xorwf	_Paso_Control^0,w,c
  3180   00266C  A4D8               	btfss	status,2,c
  3181   00266E  EF3B  F013         	goto	u3651
  3182   002672  EF3D  F013         	goto	u3650
  3183   002676                     u3651:
  3184   002676  EF3F  F013         	goto	l4312
  3185   00267A                     u3650:
  3186   00267A                     
  3187                           ;main.c: 43:                 Consulta_Server();
  3188   00267A  ECAF  F017         	call	_Consulta_Server	;wreg free
  3189   00267E                     l4312:
  3190                           
  3191                           ;main.c: 45:             Paso_Control++;
  3192   00267E  2A57               	incf	_Paso_Control^0,f,c
  3193   002680                     
  3194                           ;main.c: 46:             if (Paso_Control >= 3) Paso_Control = 0;
  3195   002680  0E02               	movlw	2
  3196   002682  6457               	cpfsgt	_Paso_Control^0,c
  3197   002684  EF46  F013         	goto	u3661
  3198   002688  EF48  F013         	goto	u3660
  3199   00268C                     u3661:
  3200   00268C  EF49  F013         	goto	l87
  3201   002690                     u3660:
  3202   002690  6A57               	clrf	_Paso_Control^0,c
  3203   002692                     l87:
  3204                           
  3205                           ;main.c: 47:             Tiempo_Control = 0;
  3206   002692  0100               	movlb	0	; () banked
  3207   002694  6B8E               	clrf	_Tiempo_Control& (0+255),b
  3208   002696                     l83:
  3209                           
  3210                           ; BSR set to: 0
  3211   002696  0004               	clrwdt		;# 
  3212   002698  EF13  F013         	goto	l4294
  3213   00269C  EF13  F000         	goto	start
  3214   0026A0                     __end_of_main:
  3215                           	callstack 0
  3216                           
  3217 ;; *************** function _UART_Read *****************
  3218 ;; Defined at:
  3219 ;;		line 31 in file "Uarts.c"
  3220 ;; Parameters:    Size  Location     Type
  3221 ;;		None
  3222 ;; Auto vars:     Size  Location     Type
  3223 ;;  i               2   15[BANK0 ] int 
  3224 ;;  i               2   13[BANK0 ] int 
  3225 ;; Return value:  Size  Location     Type
  3226 ;;                  1    wreg      void 
  3227 ;; Registers used:
  3228 ;;		wreg, fsr1l, fsr1h, fsr2l, fsr2h, status,2, status,0, tblptrl, tblptrh, tblptru, prodl, prodh, cstack
  3229 ;; Tracked objects:
  3230 ;;		On entry : 0/0
  3231 ;;		On exit  : 0/0
  3232 ;;		Unchanged: 0/0
  3233 ;; Data sizes:     COMRAM   BANK0   BANK1   BANK2   BANK3   BANK4   BANK5   BANK6   BANK7   BANK8   BANK9  BANK10  BANK1
      +1  BANK12  BANK13  BANK14  BANK15
  3234 ;;      Params:         0       0       0       0       0       0       0       0       0       0       0       0       
      +0       0       0       0       0
  3235 ;;      Locals:         0       4       0       0       0       0       0       0       0       0       0       0       
      +0       0       0       0       0
  3236 ;;      Temps:          0       0       0       0       0       0       0       0       0       0       0       0       
      +0       0       0       0       0
  3237 ;;      Totals:         0       4       0       0       0       0       0       0       0       0       0       0       
      +0       0       0       0       0
  3238 ;;Total ram usage:        4 bytes
  3239 ;; Hardware stack levels used: 1
  3240 ;; Hardware stack levels required when called: 12
  3241 ;; This function calls:
  3242 ;;		_Get_Comando
  3243 ;;		_Read_Cmd
  3244 ;; This function is called by:
  3245 ;;		_main
  3246 ;; This function uses a non-reentrant model
  3247 ;;
  3248                           
  3249                           	psect	text1
  3250   0026A0                     __ptext1:
  3251                           	callstack 0
  3252   0026A0                     _UART_Read:
  3253                           	callstack 18
  3254   0026A0                     
  3255                           ;Uarts.c: 33:     if (Flag_U1 == 1) {
  3256   0026A0  0100               	movlb	0	; () banked
  3257   0026A2  0597               	decf	_Flag_U1& (0+255),w,b
  3258   0026A4  A4D8               	btfss	status,2,c
  3259   0026A6  EF57  F013         	goto	u3581
  3260   0026AA  EF59  F013         	goto	u3580
  3261   0026AE                     u3581:
  3262   0026AE  EF7F  F013         	goto	l4258
  3263   0026B2                     u3580:
  3264   0026B2                     
  3265                           ; BSR set to: 0
  3266                           ;Uarts.c: 34:         Get_Comando(Buffer_U1);
  3267   0026B2  0E00               	movlw	low _Buffer_U1
  3268   0026B4  6E1E               	movwf	Get_Comando@Data^0,c
  3269   0026B6  0E01               	movlw	high _Buffer_U1
  3270   0026B8  6E1F               	movwf	(Get_Comando@Data+1)^0,c
  3271   0026BA  EC32  F00F         	call	_Get_Comando	;wreg free
  3272   0026BE                     
  3273                           ;Uarts.c: 36:         for (int i = 0; i < 100; i++) {
  3274   0026BE  0E00               	movlw	0
  3275   0026C0  0100               	movlb	0	; () banked
  3276   0026C2  6FDB               	movwf	(UART_Read@i+1)& (0+255),b
  3277   0026C4  0E00               	movlw	0
  3278   0026C6  6FDA               	movwf	UART_Read@i& (0+255),b
  3279   0026C8                     l4252:
  3280                           
  3281                           ; BSR set to: 0
  3282                           ;Uarts.c: 37:             Buffer_U1[i] = '\0';
  3283   0026C8  0E00               	movlw	low _Buffer_U1
  3284   0026CA  25DA               	addwf	UART_Read@i& (0+255),w,b
  3285   0026CC  6ED9               	movwf	fsr2l,c
  3286   0026CE  0E01               	movlw	high _Buffer_U1
  3287   0026D0  21DB               	addwfc	(UART_Read@i+1)& (0+255),w,b
  3288   0026D2  6EDA               	movwf	fsr2h,c
  3289   0026D4  6ADF               	clrf	indf2,c
  3290   0026D6  0004               	clrwdt		;# 
  3291   0026D8                     
  3292                           ;Uarts.c: 39:         }
  3293   0026D8  0100               	movlb	0	; () banked
  3294   0026DA  4BDA               	infsnz	UART_Read@i& (0+255),f,b
  3295   0026DC  2BDB               	incf	(UART_Read@i+1)& (0+255),f,b
  3296   0026DE                     
  3297                           ; BSR set to: 0
  3298   0026DE  BFDB               	btfsc	(UART_Read@i+1)& (0+255),7,b
  3299   0026E0  EF7B  F013         	goto	u3591
  3300   0026E4  51DB               	movf	(UART_Read@i+1)& (0+255),w,b
  3301   0026E6  E109               	bnz	u3590
  3302   0026E8  0E64               	movlw	100
  3303   0026EA  5DDA               	subwf	UART_Read@i& (0+255),w,b
  3304   0026EC  A0D8               	btfss	status,0,c
  3305   0026EE  EF7B  F013         	goto	u3591
  3306   0026F2  EF7D  F013         	goto	u3590
  3307   0026F6                     u3591:
  3308   0026F6  EF64  F013         	goto	l4252
  3309   0026FA                     u3590:
  3310   0026FA                     
  3311                           ; BSR set to: 0
  3312                           ;Uarts.c: 40:         Length_U1 = 0;
  3313   0026FA  6B98               	clrf	_Length_U1& (0+255),b
  3314                           
  3315                           ;Uarts.c: 41:         Flag_U1 = 0;
  3316   0026FC  6B97               	clrf	_Flag_U1& (0+255),b
  3317   0026FE                     l4258:
  3318                           
  3319                           ; BSR set to: 0
  3320                           ;Uarts.c: 44:     if (Flag_U2 == 1) {
  3321   0026FE  0595               	decf	_Flag_U2& (0+255),w,b
  3322   002700  A4D8               	btfss	status,2,c
  3323   002702  EF85  F013         	goto	u3601
  3324   002706  EF87  F013         	goto	u3600
  3325   00270A                     u3601:
  3326   00270A  EFAD  F013         	goto	l405
  3327   00270E                     u3600:
  3328   00270E                     
  3329                           ; BSR set to: 0
  3330                           ;Uarts.c: 46:         Read_Cmd(Buffer_U2);
  3331   00270E  0E00               	movlw	low _Buffer_U2
  3332   002710  6FCD               	movwf	Read_Cmd@Data& (0+255),b
  3333   002712  0E02               	movlw	high _Buffer_U2
  3334   002714  6FCE               	movwf	(Read_Cmd@Data+1)& (0+255),b
  3335   002716  EC2E  F008         	call	_Read_Cmd	;wreg free
  3336   00271A                     
  3337                           ;Uarts.c: 47:         for (int i = 0; i < 200; i++) {
  3338   00271A  0E00               	movlw	0
  3339   00271C  0100               	movlb	0	; () banked
  3340   00271E  6FDD               	movwf	(UART_Read@i_1524+1)& (0+255),b
  3341   002720  0E00               	movlw	0
  3342   002722  6FDC               	movwf	UART_Read@i_1524& (0+255),b
  3343   002724                     l4268:
  3344                           
  3345                           ; BSR set to: 0
  3346                           ;Uarts.c: 48:             Buffer_U2[i] = '\0';
  3347   002724  0E00               	movlw	low _Buffer_U2
  3348   002726  25DC               	addwf	UART_Read@i_1524& (0+255),w,b
  3349   002728  6ED9               	movwf	fsr2l,c
  3350   00272A  0E02               	movlw	high _Buffer_U2
  3351   00272C  21DD               	addwfc	(UART_Read@i_1524+1)& (0+255),w,b
  3352   00272E  6EDA               	movwf	fsr2h,c
  3353   002730  6ADF               	clrf	indf2,c
  3354   002732  0004               	clrwdt		;# 
  3355   002734                     
  3356                           ;Uarts.c: 50:         }
  3357   002734  0100               	movlb	0	; () banked
  3358   002736  4BDC               	infsnz	UART_Read@i_1524& (0+255),f,b
  3359   002738  2BDD               	incf	(UART_Read@i_1524+1)& (0+255),f,b
  3360   00273A                     
  3361                           ; BSR set to: 0
  3362   00273A  BFDD               	btfsc	(UART_Read@i_1524+1)& (0+255),7,b
  3363   00273C  EFA9  F013         	goto	u3611
  3364   002740  51DD               	movf	(UART_Read@i_1524+1)& (0+255),w,b
  3365   002742  E109               	bnz	u3610
  3366   002744  0EC8               	movlw	200
  3367   002746  5DDC               	subwf	UART_Read@i_1524& (0+255),w,b
  3368   002748  A0D8               	btfss	status,0,c
  3369   00274A  EFA9  F013         	goto	u3611
  3370   00274E  EFAB  F013         	goto	u3610
  3371   002752                     u3611:
  3372   002752  EF92  F013         	goto	l4268
  3373   002756                     u3610:
  3374   002756                     
  3375                           ; BSR set to: 0
  3376                           ;Uarts.c: 51:         Length_U2 = 0;
  3377   002756  6B96               	clrf	_Length_U2& (0+255),b
  3378                           
  3379                           ;Uarts.c: 52:         Flag_U2 = 0;
  3380   002758  6B95               	clrf	_Flag_U2& (0+255),b
  3381   00275A                     l405:
  3382                           
  3383                           ; BSR set to: 0
  3384   00275A  0012               	return		;funcret
  3385   00275C                     __end_of_UART_Read:
  3386                           	callstack 0
  3387                           
  3388 ;; *************** function _Read_Cmd *****************
  3389 ;; Defined at:
  3390 ;;		line 6 in file "Kinco.c"
  3391 ;; Parameters:    Size  Location     Type
  3392 ;;  Data            2    0[BANK0 ] PTR unsigned char 
  3393 ;;		 -> Buffer_U2(201), 
  3394 ;; Auto vars:     Size  Location     Type
  3395 ;;  Index           2   11[BANK0 ] int 
  3396 ;;  bajo            2    9[BANK0 ] unsigned int 
  3397 ;;  alto            2    7[BANK0 ] unsigned int 
  3398 ;;  lrc             2    5[BANK0 ] unsigned int 
  3399 ;; Return value:  Size  Location     Type
  3400 ;;                  1    wreg      void 
  3401 ;; Registers used:
  3402 ;;		wreg, fsr1l, fsr1h, fsr2l, fsr2h, status,2, status,0, tblptrl, tblptrh, tblptru, prodl, prodh, cstack
  3403 ;; Tracked objects:
  3404 ;;		On entry : 0/0
  3405 ;;		On exit  : 0/0
  3406 ;;		Unchanged: 0/0
  3407 ;; Data sizes:     COMRAM   BANK0   BANK1   BANK2   BANK3   BANK4   BANK5   BANK6   BANK7   BANK8   BANK9  BANK10  BANK1
      +1  BANK12  BANK13  BANK14  BANK15
  3408 ;;      Params:         0       2       0       0       0       0       0       0       0       0       0       0       
      +0       0       0       0       0
  3409 ;;      Locals:         0       8       0       0       0       0       0       0       0       0       0       0       
      +0       0       0       0       0
  3410 ;;      Temps:          0       3       0       0       0       0       0       0       0       0       0       0       
      +0       0       0       0       0
  3411 ;;      Totals:         0      13       0       0       0       0       0       0       0       0       0       0       
      +0       0       0       0       0
  3412 ;;Total ram usage:       13 bytes
  3413 ;; Hardware stack levels used: 1
  3414 ;; Hardware stack levels required when called: 11
  3415 ;; This function calls:
  3416 ;;		_HexToNum
  3417 ;;		_IndexOf_Str
  3418 ;;		_Read_X0
  3419 ;;		_Read_X4
  3420 ;;		_Write_X0
  3421 ;;		_Write_X4
  3422 ;; This function is called by:
  3423 ;;		_UART_Read
  3424 ;; This function uses a non-reentrant model
  3425 ;;
  3426                           
  3427                           	psect	text2
  3428   00105C                     __ptext2:
  3429                           	callstack 0
  3430   00105C                     _Read_Cmd:
  3431                           	callstack 18
  3432   00105C                     
  3433                           ;Kinco.c: 7:     int Index = IndexOf_Str((unsigned char*) Data, ":");
  3434   00105C  C0CD  F008         	movff	Read_Cmd@Data,IndexOf_Str@buf
  3435   001060  C0CE  F009         	movff	Read_Cmd@Data+1,IndexOf_Str@buf+1
  3436   001064  0E4C               	movlw	low (STR_1+8)
  3437   001066  6E0A               	movwf	IndexOf_Str@patron^0,c
  3438   001068  EC32  F011         	call	_IndexOf_Str	;wreg free
  3439   00106C  0100               	movlb	0	; () banked
  3440   00106E  6FD8               	movwf	Read_Cmd@Index& (0+255),b
  3441   001070  6BD9               	clrf	(Read_Cmd@Index+1)& (0+255),b
  3442   001072  BFD8               	btfsc	Read_Cmd@Index& (0+255),7,b
  3443   001074  07D9               	decf	(Read_Cmd@Index+1)& (0+255),f,b
  3444   001076                     
  3445                           ; BSR set to: 0
  3446                           ;Kinco.c: 8:     if (Index == -1) return;
  3447   001076  29D8               	incf	Read_Cmd@Index& (0+255),w,b
  3448   001078  E106               	bnz	u3551
  3449   00107A  29D9               	incf	(Read_Cmd@Index+1)& (0+255),w,b
  3450   00107C  A4D8               	btfss	status,2,c
  3451   00107E  EF43  F008         	goto	u3551
  3452   001082  EF45  F008         	goto	u3550
  3453   001086                     u3551:
  3454   001086  EF47  F008         	goto	l592
  3455   00108A                     u3550:
  3456   00108A  EFD4  F00A         	goto	l593
  3457   00108E                     l592:
  3458                           
  3459                           ; BSR set to: 0
  3460                           ;Kinco.c: 11:     M_ID = 0;
  3461   00108E  6A56               	clrf	_M_ID^0,c
  3462                           
  3463                           ;Kinco.c: 12:     M_Funcion = 0;
  3464   001090  6B8D               	clrf	_M_Funcion& (0+255),b
  3465   001092                     
  3466                           ; BSR set to: 0
  3467                           ;Kinco.c: 13:     M_Direccion = 0;
  3468   001092  0E00               	movlw	0
  3469   001094  6F85               	movwf	(_M_Direccion+1)& (0+255),b
  3470   001096  0E00               	movlw	0
  3471   001098  6F84               	movwf	_M_Direccion& (0+255),b
  3472                           
  3473                           ;Kinco.c: 14:     M_Cantidad = 0;
  3474   00109A  0E00               	movlw	0
  3475   00109C  6F83               	movwf	(_M_Cantidad+1)& (0+255),b
  3476   00109E  0E00               	movlw	0
  3477   0010A0  6F82               	movwf	_M_Cantidad& (0+255),b
  3478   0010A2                     
  3479                           ; BSR set to: 0
  3480                           ;Kinco.c: 15:     M_LR = 0;
  3481   0010A2  6B8C               	clrf	_M_LR& (0+255),b
  3482                           
  3483                           ;Kinco.c: 17:     unsigned int alto, bajo, lrc = 0;
  3484   0010A4  0E00               	movlw	0
  3485   0010A6  6FD3               	movwf	(Read_Cmd@lrc+1)& (0+255),b
  3486   0010A8  0E00               	movlw	0
  3487   0010AA  6FD2               	movwf	Read_Cmd@lrc& (0+255),b
  3488   0010AC                     
  3489                           ; BSR set to: 0
  3490                           ;Kinco.c: 20:     alto = HexToNum(Data[Index + 1]);
  3491   0010AC  51D8               	movf	Read_Cmd@Index& (0+255),w,b
  3492   0010AE  25CD               	addwf	Read_Cmd@Data& (0+255),w,b
  3493   0010B0  6FCF               	movwf	??_Read_Cmd& (0+255),b
  3494   0010B2  51D9               	movf	(Read_Cmd@Index+1)& (0+255),w,b
  3495   0010B4  21CE               	addwfc	(Read_Cmd@Data+1)& (0+255),w,b
  3496   0010B6  6FD0               	movwf	(??_Read_Cmd+1)& (0+255),b
  3497   0010B8  0E01               	movlw	1
  3498   0010BA  25CF               	addwf	??_Read_Cmd& (0+255),w,b
  3499   0010BC  6ED9               	movwf	fsr2l,c
  3500   0010BE  0E00               	movlw	0
  3501   0010C0  21D0               	addwfc	(??_Read_Cmd+1)& (0+255),w,b
  3502   0010C2  6EDA               	movwf	fsr2h,c
  3503   0010C4  50DF               	movf	indf2,w,c
  3504   0010C6  ECEF  F017         	call	_HexToNum
  3505   0010CA  0100               	movlb	0	; () banked
  3506   0010CC  6FD1               	movwf	(??_Read_Cmd+2)& (0+255),b
  3507   0010CE  51D1               	movf	(??_Read_Cmd+2)& (0+255),w,b
  3508   0010D0  6FD4               	movwf	Read_Cmd@alto& (0+255),b
  3509   0010D2  6BD5               	clrf	(Read_Cmd@alto+1)& (0+255),b
  3510   0010D4                     
  3511                           ; BSR set to: 0
  3512                           ;Kinco.c: 21:     bajo = HexToNum(Data[Index + 2]);
  3513   0010D4  51D8               	movf	Read_Cmd@Index& (0+255),w,b
  3514   0010D6  25CD               	addwf	Read_Cmd@Data& (0+255),w,b
  3515   0010D8  6FCF               	movwf	??_Read_Cmd& (0+255),b
  3516   0010DA  51D9               	movf	(Read_Cmd@Index+1)& (0+255),w,b
  3517   0010DC  21CE               	addwfc	(Read_Cmd@Data+1)& (0+255),w,b
  3518   0010DE  6FD0               	movwf	(??_Read_Cmd+1)& (0+255),b
  3519   0010E0  0E02               	movlw	2
  3520   0010E2  25CF               	addwf	??_Read_Cmd& (0+255),w,b
  3521   0010E4  6ED9               	movwf	fsr2l,c
  3522   0010E6  0E00               	movlw	0
  3523   0010E8  21D0               	addwfc	(??_Read_Cmd+1)& (0+255),w,b
  3524   0010EA  6EDA               	movwf	fsr2h,c
  3525   0010EC  50DF               	movf	indf2,w,c
  3526   0010EE  ECEF  F017         	call	_HexToNum
  3527   0010F2  0100               	movlb	0	; () banked
  3528   0010F4  6FD1               	movwf	(??_Read_Cmd+2)& (0+255),b
  3529   0010F6  51D1               	movf	(??_Read_Cmd+2)& (0+255),w,b
  3530   0010F8  6FD6               	movwf	Read_Cmd@bajo& (0+255),b
  3531   0010FA  6BD7               	clrf	(Read_Cmd@bajo+1)& (0+255),b
  3532   0010FC                     
  3533                           ; BSR set to: 0
  3534                           ;Kinco.c: 22:     M_ID = (char) ((alto << 4) | bajo);
  3535   0010FC  39D4               	swapf	Read_Cmd@alto& (0+255),w,b
  3536   0010FE  0BF0               	andlw	240
  3537   001100  11D6               	iorwf	Read_Cmd@bajo& (0+255),w,b
  3538   001102  6E56               	movwf	_M_ID^0,c
  3539   001104                     
  3540                           ; BSR set to: 0
  3541                           ;Kinco.c: 23:     lrc += (alto << 4) | bajo;
  3542   001104  C0D4  F0CF         	movff	Read_Cmd@alto,??_Read_Cmd
  3543   001108  C0D5  F0D0         	movff	Read_Cmd@alto+1,??_Read_Cmd+1
  3544   00110C  3BCF               	swapf	??_Read_Cmd& (0+255),f,b
  3545   00110E  3BD0               	swapf	(??_Read_Cmd+1)& (0+255),f,b
  3546   001110  0EF0               	movlw	240
  3547   001112  17D0               	andwf	(??_Read_Cmd+1)& (0+255),f,b
  3548   001114  51CF               	movf	??_Read_Cmd& (0+255),w,b
  3549   001116  0B0F               	andlw	15
  3550   001118  13D0               	iorwf	(??_Read_Cmd+1)& (0+255),f,b
  3551   00111A  0EF0               	movlw	240
  3552   00111C  17CF               	andwf	??_Read_Cmd& (0+255),f,b
  3553   00111E  51D6               	movf	Read_Cmd@bajo& (0+255),w,b
  3554   001120  13CF               	iorwf	??_Read_Cmd& (0+255),f,b
  3555   001122  51D7               	movf	(Read_Cmd@bajo+1)& (0+255),w,b
  3556   001124  13D0               	iorwf	(??_Read_Cmd+1)& (0+255),f,b
  3557   001126  51CF               	movf	??_Read_Cmd& (0+255),w,b
  3558   001128  27D2               	addwf	Read_Cmd@lrc& (0+255),f,b
  3559   00112A  51D0               	movf	(??_Read_Cmd+1)& (0+255),w,b
  3560   00112C  23D3               	addwfc	(Read_Cmd@lrc+1)& (0+255),f,b
  3561   00112E                     
  3562                           ; BSR set to: 0
  3563                           ;Kinco.c: 24:     lrc &= 0xFF;
  3564   00112E  0EFF               	movlw	255
  3565   001130  17D2               	andwf	Read_Cmd@lrc& (0+255),f,b
  3566   001132  0E00               	movlw	0
  3567   001134  17D3               	andwf	(Read_Cmd@lrc+1)& (0+255),f,b
  3568   001136                     
  3569                           ; BSR set to: 0
  3570                           ;Kinco.c: 27:     alto = HexToNum(Data[Index + 3]);
  3571   001136  51D8               	movf	Read_Cmd@Index& (0+255),w,b
  3572   001138  25CD               	addwf	Read_Cmd@Data& (0+255),w,b
  3573   00113A  6FCF               	movwf	??_Read_Cmd& (0+255),b
  3574   00113C  51D9               	movf	(Read_Cmd@Index+1)& (0+255),w,b
  3575   00113E  21CE               	addwfc	(Read_Cmd@Data+1)& (0+255),w,b
  3576   001140  6FD0               	movwf	(??_Read_Cmd+1)& (0+255),b
  3577   001142  0E03               	movlw	3
  3578   001144  25CF               	addwf	??_Read_Cmd& (0+255),w,b
  3579   001146  6ED9               	movwf	fsr2l,c
  3580   001148  0E00               	movlw	0
  3581   00114A  21D0               	addwfc	(??_Read_Cmd+1)& (0+255),w,b
  3582   00114C  6EDA               	movwf	fsr2h,c
  3583   00114E  50DF               	movf	indf2,w,c
  3584   001150  ECEF  F017         	call	_HexToNum
  3585   001154  0100               	movlb	0	; () banked
  3586   001156  6FD1               	movwf	(??_Read_Cmd+2)& (0+255),b
  3587   001158  51D1               	movf	(??_Read_Cmd+2)& (0+255),w,b
  3588   00115A  6FD4               	movwf	Read_Cmd@alto& (0+255),b
  3589   00115C  6BD5               	clrf	(Read_Cmd@alto+1)& (0+255),b
  3590   00115E                     
  3591                           ; BSR set to: 0
  3592                           ;Kinco.c: 28:     bajo = HexToNum(Data[Index + 4]);
  3593   00115E  51D8               	movf	Read_Cmd@Index& (0+255),w,b
  3594   001160  25CD               	addwf	Read_Cmd@Data& (0+255),w,b
  3595   001162  6FCF               	movwf	??_Read_Cmd& (0+255),b
  3596   001164  51D9               	movf	(Read_Cmd@Index+1)& (0+255),w,b
  3597   001166  21CE               	addwfc	(Read_Cmd@Data+1)& (0+255),w,b
  3598   001168  6FD0               	movwf	(??_Read_Cmd+1)& (0+255),b
  3599   00116A  0E04               	movlw	4
  3600   00116C  25CF               	addwf	??_Read_Cmd& (0+255),w,b
  3601   00116E  6ED9               	movwf	fsr2l,c
  3602   001170  0E00               	movlw	0
  3603   001172  21D0               	addwfc	(??_Read_Cmd+1)& (0+255),w,b
  3604   001174  6EDA               	movwf	fsr2h,c
  3605   001176  50DF               	movf	indf2,w,c
  3606   001178  ECEF  F017         	call	_HexToNum
  3607   00117C  0100               	movlb	0	; () banked
  3608   00117E  6FD1               	movwf	(??_Read_Cmd+2)& (0+255),b
  3609   001180  51D1               	movf	(??_Read_Cmd+2)& (0+255),w,b
  3610   001182  6FD6               	movwf	Read_Cmd@bajo& (0+255),b
  3611   001184  6BD7               	clrf	(Read_Cmd@bajo+1)& (0+255),b
  3612   001186                     
  3613                           ; BSR set to: 0
  3614                           ;Kinco.c: 29:     M_Funcion = (char) ((alto << 4) | bajo);
  3615   001186  39D4               	swapf	Read_Cmd@alto& (0+255),w,b
  3616   001188  0BF0               	andlw	240
  3617   00118A  11D6               	iorwf	Read_Cmd@bajo& (0+255),w,b
  3618   00118C  6F8D               	movwf	_M_Funcion& (0+255),b
  3619   00118E                     
  3620                           ; BSR set to: 0
  3621                           ;Kinco.c: 30:     lrc += (alto << 4) | bajo;
  3622   00118E  C0D4  F0CF         	movff	Read_Cmd@alto,??_Read_Cmd
  3623   001192  C0D5  F0D0         	movff	Read_Cmd@alto+1,??_Read_Cmd+1
  3624   001196  3BCF               	swapf	??_Read_Cmd& (0+255),f,b
  3625   001198  3BD0               	swapf	(??_Read_Cmd+1)& (0+255),f,b
  3626   00119A  0EF0               	movlw	240
  3627   00119C  17D0               	andwf	(??_Read_Cmd+1)& (0+255),f,b
  3628   00119E  51CF               	movf	??_Read_Cmd& (0+255),w,b
  3629   0011A0  0B0F               	andlw	15
  3630   0011A2  13D0               	iorwf	(??_Read_Cmd+1)& (0+255),f,b
  3631   0011A4  0EF0               	movlw	240
  3632   0011A6  17CF               	andwf	??_Read_Cmd& (0+255),f,b
  3633   0011A8  51D6               	movf	Read_Cmd@bajo& (0+255),w,b
  3634   0011AA  13CF               	iorwf	??_Read_Cmd& (0+255),f,b
  3635   0011AC  51D7               	movf	(Read_Cmd@bajo+1)& (0+255),w,b
  3636   0011AE  13D0               	iorwf	(??_Read_Cmd+1)& (0+255),f,b
  3637   0011B0  51CF               	movf	??_Read_Cmd& (0+255),w,b
  3638   0011B2  27D2               	addwf	Read_Cmd@lrc& (0+255),f,b
  3639   0011B4  51D0               	movf	(??_Read_Cmd+1)& (0+255),w,b
  3640   0011B6  23D3               	addwfc	(Read_Cmd@lrc+1)& (0+255),f,b
  3641   0011B8                     
  3642                           ; BSR set to: 0
  3643                           ;Kinco.c: 31:     lrc &= 0xFF;
  3644   0011B8  0EFF               	movlw	255
  3645   0011BA  17D2               	andwf	Read_Cmd@lrc& (0+255),f,b
  3646   0011BC  0E00               	movlw	0
  3647   0011BE  17D3               	andwf	(Read_Cmd@lrc+1)& (0+255),f,b
  3648   0011C0                     
  3649                           ; BSR set to: 0
  3650                           ;Kinco.c: 34:     alto = HexToNum(Data[Index + 5]);
  3651   0011C0  51D8               	movf	Read_Cmd@Index& (0+255),w,b
  3652   0011C2  25CD               	addwf	Read_Cmd@Data& (0+255),w,b
  3653   0011C4  6FCF               	movwf	??_Read_Cmd& (0+255),b
  3654   0011C6  51D9               	movf	(Read_Cmd@Index+1)& (0+255),w,b
  3655   0011C8  21CE               	addwfc	(Read_Cmd@Data+1)& (0+255),w,b
  3656   0011CA  6FD0               	movwf	(??_Read_Cmd+1)& (0+255),b
  3657   0011CC  0E05               	movlw	5
  3658   0011CE  25CF               	addwf	??_Read_Cmd& (0+255),w,b
  3659   0011D0  6ED9               	movwf	fsr2l,c
  3660   0011D2  0E00               	movlw	0
  3661   0011D4  21D0               	addwfc	(??_Read_Cmd+1)& (0+255),w,b
  3662   0011D6  6EDA               	movwf	fsr2h,c
  3663   0011D8  50DF               	movf	indf2,w,c
  3664   0011DA  ECEF  F017         	call	_HexToNum
  3665   0011DE  0100               	movlb	0	; () banked
  3666   0011E0  6FD1               	movwf	(??_Read_Cmd+2)& (0+255),b
  3667   0011E2  51D1               	movf	(??_Read_Cmd+2)& (0+255),w,b
  3668   0011E4  6FD4               	movwf	Read_Cmd@alto& (0+255),b
  3669   0011E6  6BD5               	clrf	(Read_Cmd@alto+1)& (0+255),b
  3670   0011E8                     
  3671                           ; BSR set to: 0
  3672                           ;Kinco.c: 35:     bajo = HexToNum(Data[Index + 6]);
  3673   0011E8  51D8               	movf	Read_Cmd@Index& (0+255),w,b
  3674   0011EA  25CD               	addwf	Read_Cmd@Data& (0+255),w,b
  3675   0011EC  6FCF               	movwf	??_Read_Cmd& (0+255),b
  3676   0011EE  51D9               	movf	(Read_Cmd@Index+1)& (0+255),w,b
  3677   0011F0  21CE               	addwfc	(Read_Cmd@Data+1)& (0+255),w,b
  3678   0011F2  6FD0               	movwf	(??_Read_Cmd+1)& (0+255),b
  3679   0011F4  0E06               	movlw	6
  3680   0011F6  25CF               	addwf	??_Read_Cmd& (0+255),w,b
  3681   0011F8  6ED9               	movwf	fsr2l,c
  3682   0011FA  0E00               	movlw	0
  3683   0011FC  21D0               	addwfc	(??_Read_Cmd+1)& (0+255),w,b
  3684   0011FE  6EDA               	movwf	fsr2h,c
  3685   001200  50DF               	movf	indf2,w,c
  3686   001202  ECEF  F017         	call	_HexToNum
  3687   001206  0100               	movlb	0	; () banked
  3688   001208  6FD1               	movwf	(??_Read_Cmd+2)& (0+255),b
  3689   00120A  51D1               	movf	(??_Read_Cmd+2)& (0+255),w,b
  3690   00120C  6FD6               	movwf	Read_Cmd@bajo& (0+255),b
  3691   00120E  6BD7               	clrf	(Read_Cmd@bajo+1)& (0+255),b
  3692   001210                     
  3693                           ; BSR set to: 0
  3694                           ;Kinco.c: 36:     lrc += (alto << 4) | bajo;
  3695   001210  C0D4  F0CF         	movff	Read_Cmd@alto,??_Read_Cmd
  3696   001214  C0D5  F0D0         	movff	Read_Cmd@alto+1,??_Read_Cmd+1
  3697   001218  3BCF               	swapf	??_Read_Cmd& (0+255),f,b
  3698   00121A  3BD0               	swapf	(??_Read_Cmd+1)& (0+255),f,b
  3699   00121C  0EF0               	movlw	240
  3700   00121E  17D0               	andwf	(??_Read_Cmd+1)& (0+255),f,b
  3701   001220  51CF               	movf	??_Read_Cmd& (0+255),w,b
  3702   001222  0B0F               	andlw	15
  3703   001224  13D0               	iorwf	(??_Read_Cmd+1)& (0+255),f,b
  3704   001226  0EF0               	movlw	240
  3705   001228  17CF               	andwf	??_Read_Cmd& (0+255),f,b
  3706   00122A  51D6               	movf	Read_Cmd@bajo& (0+255),w,b
  3707   00122C  13CF               	iorwf	??_Read_Cmd& (0+255),f,b
  3708   00122E  51D7               	movf	(Read_Cmd@bajo+1)& (0+255),w,b
  3709   001230  13D0               	iorwf	(??_Read_Cmd+1)& (0+255),f,b
  3710   001232  51CF               	movf	??_Read_Cmd& (0+255),w,b
  3711   001234  27D2               	addwf	Read_Cmd@lrc& (0+255),f,b
  3712   001236  51D0               	movf	(??_Read_Cmd+1)& (0+255),w,b
  3713   001238  23D3               	addwfc	(Read_Cmd@lrc+1)& (0+255),f,b
  3714   00123A                     
  3715                           ; BSR set to: 0
  3716                           ;Kinco.c: 37:     lrc &= 0xFF;
  3717   00123A  0EFF               	movlw	255
  3718   00123C  17D2               	andwf	Read_Cmd@lrc& (0+255),f,b
  3719   00123E  0E00               	movlw	0
  3720   001240  17D3               	andwf	(Read_Cmd@lrc+1)& (0+255),f,b
  3721   001242                     
  3722                           ; BSR set to: 0
  3723                           ;Kinco.c: 38:     M_Direccion = ((alto << 4) | bajo) << 8;
  3724   001242  C0D4  F0CF         	movff	Read_Cmd@alto,??_Read_Cmd
  3725   001246  C0D5  F0D0         	movff	Read_Cmd@alto+1,??_Read_Cmd+1
  3726   00124A  3BCF               	swapf	??_Read_Cmd& (0+255),f,b
  3727   00124C  3BD0               	swapf	(??_Read_Cmd+1)& (0+255),f,b
  3728   00124E  0EF0               	movlw	240
  3729   001250  17D0               	andwf	(??_Read_Cmd+1)& (0+255),f,b
  3730   001252  51CF               	movf	??_Read_Cmd& (0+255),w,b
  3731   001254  0B0F               	andlw	15
  3732   001256  13D0               	iorwf	(??_Read_Cmd+1)& (0+255),f,b
  3733   001258  0EF0               	movlw	240
  3734   00125A  17CF               	andwf	??_Read_Cmd& (0+255),f,b
  3735   00125C  51D6               	movf	Read_Cmd@bajo& (0+255),w,b
  3736   00125E  13CF               	iorwf	??_Read_Cmd& (0+255),f,b
  3737   001260  51D7               	movf	(Read_Cmd@bajo+1)& (0+255),w,b
  3738   001262  13D0               	iorwf	(??_Read_Cmd+1)& (0+255),f,b
  3739   001264  C0CF  F0D0         	movff	??_Read_Cmd,??_Read_Cmd+1
  3740   001268  6BCF               	clrf	??_Read_Cmd& (0+255),b
  3741   00126A  C0CF  F084         	movff	??_Read_Cmd,_M_Direccion
  3742   00126E  C0D0  F085         	movff	??_Read_Cmd+1,_M_Direccion+1
  3743   001272                     
  3744                           ; BSR set to: 0
  3745                           ;Kinco.c: 40:     alto = HexToNum(Data[Index + 7]);
  3746   001272  51D8               	movf	Read_Cmd@Index& (0+255),w,b
  3747   001274  25CD               	addwf	Read_Cmd@Data& (0+255),w,b
  3748   001276  6FCF               	movwf	??_Read_Cmd& (0+255),b
  3749   001278  51D9               	movf	(Read_Cmd@Index+1)& (0+255),w,b
  3750   00127A  21CE               	addwfc	(Read_Cmd@Data+1)& (0+255),w,b
  3751   00127C  6FD0               	movwf	(??_Read_Cmd+1)& (0+255),b
  3752   00127E  0E07               	movlw	7
  3753   001280  25CF               	addwf	??_Read_Cmd& (0+255),w,b
  3754   001282  6ED9               	movwf	fsr2l,c
  3755   001284  0E00               	movlw	0
  3756   001286  21D0               	addwfc	(??_Read_Cmd+1)& (0+255),w,b
  3757   001288  6EDA               	movwf	fsr2h,c
  3758   00128A  50DF               	movf	indf2,w,c
  3759   00128C  ECEF  F017         	call	_HexToNum
  3760   001290  0100               	movlb	0	; () banked
  3761   001292  6FD1               	movwf	(??_Read_Cmd+2)& (0+255),b
  3762   001294  51D1               	movf	(??_Read_Cmd+2)& (0+255),w,b
  3763   001296  6FD4               	movwf	Read_Cmd@alto& (0+255),b
  3764   001298  6BD5               	clrf	(Read_Cmd@alto+1)& (0+255),b
  3765   00129A                     
  3766                           ; BSR set to: 0
  3767                           ;Kinco.c: 41:     bajo = HexToNum(Data[Index + 8]);
  3768   00129A  51D8               	movf	Read_Cmd@Index& (0+255),w,b
  3769   00129C  25CD               	addwf	Read_Cmd@Data& (0+255),w,b
  3770   00129E  6FCF               	movwf	??_Read_Cmd& (0+255),b
  3771   0012A0  51D9               	movf	(Read_Cmd@Index+1)& (0+255),w,b
  3772   0012A2  21CE               	addwfc	(Read_Cmd@Data+1)& (0+255),w,b
  3773   0012A4  6FD0               	movwf	(??_Read_Cmd+1)& (0+255),b
  3774   0012A6  0E08               	movlw	8
  3775   0012A8  25CF               	addwf	??_Read_Cmd& (0+255),w,b
  3776   0012AA  6ED9               	movwf	fsr2l,c
  3777   0012AC  0E00               	movlw	0
  3778   0012AE  21D0               	addwfc	(??_Read_Cmd+1)& (0+255),w,b
  3779   0012B0  6EDA               	movwf	fsr2h,c
  3780   0012B2  50DF               	movf	indf2,w,c
  3781   0012B4  ECEF  F017         	call	_HexToNum
  3782   0012B8  0100               	movlb	0	; () banked
  3783   0012BA  6FD1               	movwf	(??_Read_Cmd+2)& (0+255),b
  3784   0012BC  51D1               	movf	(??_Read_Cmd+2)& (0+255),w,b
  3785   0012BE  6FD6               	movwf	Read_Cmd@bajo& (0+255),b
  3786   0012C0  6BD7               	clrf	(Read_Cmd@bajo+1)& (0+255),b
  3787   0012C2                     
  3788                           ; BSR set to: 0
  3789                           ;Kinco.c: 42:     lrc += (alto << 4) | bajo;
  3790   0012C2  C0D4  F0CF         	movff	Read_Cmd@alto,??_Read_Cmd
  3791   0012C6  C0D5  F0D0         	movff	Read_Cmd@alto+1,??_Read_Cmd+1
  3792   0012CA  3BCF               	swapf	??_Read_Cmd& (0+255),f,b
  3793   0012CC  3BD0               	swapf	(??_Read_Cmd+1)& (0+255),f,b
  3794   0012CE  0EF0               	movlw	240
  3795   0012D0  17D0               	andwf	(??_Read_Cmd+1)& (0+255),f,b
  3796   0012D2  51CF               	movf	??_Read_Cmd& (0+255),w,b
  3797   0012D4  0B0F               	andlw	15
  3798   0012D6  13D0               	iorwf	(??_Read_Cmd+1)& (0+255),f,b
  3799   0012D8  0EF0               	movlw	240
  3800   0012DA  17CF               	andwf	??_Read_Cmd& (0+255),f,b
  3801   0012DC  51D6               	movf	Read_Cmd@bajo& (0+255),w,b
  3802   0012DE  13CF               	iorwf	??_Read_Cmd& (0+255),f,b
  3803   0012E0  51D7               	movf	(Read_Cmd@bajo+1)& (0+255),w,b
  3804   0012E2  13D0               	iorwf	(??_Read_Cmd+1)& (0+255),f,b
  3805   0012E4  51CF               	movf	??_Read_Cmd& (0+255),w,b
  3806   0012E6  27D2               	addwf	Read_Cmd@lrc& (0+255),f,b
  3807   0012E8  51D0               	movf	(??_Read_Cmd+1)& (0+255),w,b
  3808   0012EA  23D3               	addwfc	(Read_Cmd@lrc+1)& (0+255),f,b
  3809   0012EC                     
  3810                           ; BSR set to: 0
  3811                           ;Kinco.c: 43:     lrc &= 0xFF;
  3812   0012EC  0EFF               	movlw	255
  3813   0012EE  17D2               	andwf	Read_Cmd@lrc& (0+255),f,b
  3814   0012F0  0E00               	movlw	0
  3815   0012F2  17D3               	andwf	(Read_Cmd@lrc+1)& (0+255),f,b
  3816   0012F4                     
  3817                           ; BSR set to: 0
  3818                           ;Kinco.c: 44:     M_Direccion |= (alto << 4) | bajo;
  3819   0012F4  C0D4  F0CF         	movff	Read_Cmd@alto,??_Read_Cmd
  3820   0012F8  C0D5  F0D0         	movff	Read_Cmd@alto+1,??_Read_Cmd+1
  3821   0012FC  3BCF               	swapf	??_Read_Cmd& (0+255),f,b
  3822   0012FE  3BD0               	swapf	(??_Read_Cmd+1)& (0+255),f,b
  3823   001300  0EF0               	movlw	240
  3824   001302  17D0               	andwf	(??_Read_Cmd+1)& (0+255),f,b
  3825   001304  51CF               	movf	??_Read_Cmd& (0+255),w,b
  3826   001306  0B0F               	andlw	15
  3827   001308  13D0               	iorwf	(??_Read_Cmd+1)& (0+255),f,b
  3828   00130A  0EF0               	movlw	240
  3829   00130C  17CF               	andwf	??_Read_Cmd& (0+255),f,b
  3830   00130E  51D6               	movf	Read_Cmd@bajo& (0+255),w,b
  3831   001310  13CF               	iorwf	??_Read_Cmd& (0+255),f,b
  3832   001312  51D7               	movf	(Read_Cmd@bajo+1)& (0+255),w,b
  3833   001314  13D0               	iorwf	(??_Read_Cmd+1)& (0+255),f,b
  3834   001316  51CF               	movf	??_Read_Cmd& (0+255),w,b
  3835   001318  1384               	iorwf	_M_Direccion& (0+255),f,b
  3836   00131A  51D0               	movf	(??_Read_Cmd+1)& (0+255),w,b
  3837   00131C  1385               	iorwf	(_M_Direccion+1)& (0+255),f,b
  3838   00131E                     
  3839                           ; BSR set to: 0
  3840                           ;Kinco.c: 47:     alto = HexToNum(Data[Index + 9]);
  3841   00131E  51D8               	movf	Read_Cmd@Index& (0+255),w,b
  3842   001320  25CD               	addwf	Read_Cmd@Data& (0+255),w,b
  3843   001322  6FCF               	movwf	??_Read_Cmd& (0+255),b
  3844   001324  51D9               	movf	(Read_Cmd@Index+1)& (0+255),w,b
  3845   001326  21CE               	addwfc	(Read_Cmd@Data+1)& (0+255),w,b
  3846   001328  6FD0               	movwf	(??_Read_Cmd+1)& (0+255),b
  3847   00132A  0E09               	movlw	9
  3848   00132C  25CF               	addwf	??_Read_Cmd& (0+255),w,b
  3849   00132E  6ED9               	movwf	fsr2l,c
  3850   001330  0E00               	movlw	0
  3851   001332  21D0               	addwfc	(??_Read_Cmd+1)& (0+255),w,b
  3852   001334  6EDA               	movwf	fsr2h,c
  3853   001336  50DF               	movf	indf2,w,c
  3854   001338  ECEF  F017         	call	_HexToNum
  3855   00133C  0100               	movlb	0	; () banked
  3856   00133E  6FD1               	movwf	(??_Read_Cmd+2)& (0+255),b
  3857   001340  51D1               	movf	(??_Read_Cmd+2)& (0+255),w,b
  3858   001342  6FD4               	movwf	Read_Cmd@alto& (0+255),b
  3859   001344  6BD5               	clrf	(Read_Cmd@alto+1)& (0+255),b
  3860   001346                     
  3861                           ; BSR set to: 0
  3862                           ;Kinco.c: 48:     bajo = HexToNum(Data[Index + 10]);
  3863   001346  51D8               	movf	Read_Cmd@Index& (0+255),w,b
  3864   001348  25CD               	addwf	Read_Cmd@Data& (0+255),w,b
  3865   00134A  6FCF               	movwf	??_Read_Cmd& (0+255),b
  3866   00134C  51D9               	movf	(Read_Cmd@Index+1)& (0+255),w,b
  3867   00134E  21CE               	addwfc	(Read_Cmd@Data+1)& (0+255),w,b
  3868   001350  6FD0               	movwf	(??_Read_Cmd+1)& (0+255),b
  3869   001352  0E0A               	movlw	10
  3870   001354  25CF               	addwf	??_Read_Cmd& (0+255),w,b
  3871   001356  6ED9               	movwf	fsr2l,c
  3872   001358  0E00               	movlw	0
  3873   00135A  21D0               	addwfc	(??_Read_Cmd+1)& (0+255),w,b
  3874   00135C  6EDA               	movwf	fsr2h,c
  3875   00135E  50DF               	movf	indf2,w,c
  3876   001360  ECEF  F017         	call	_HexToNum
  3877   001364  0100               	movlb	0	; () banked
  3878   001366  6FD1               	movwf	(??_Read_Cmd+2)& (0+255),b
  3879   001368  51D1               	movf	(??_Read_Cmd+2)& (0+255),w,b
  3880   00136A  6FD6               	movwf	Read_Cmd@bajo& (0+255),b
  3881   00136C  6BD7               	clrf	(Read_Cmd@bajo+1)& (0+255),b
  3882   00136E                     
  3883                           ; BSR set to: 0
  3884                           ;Kinco.c: 49:     lrc += (alto << 4) | bajo;
  3885   00136E  C0D4  F0CF         	movff	Read_Cmd@alto,??_Read_Cmd
  3886   001372  C0D5  F0D0         	movff	Read_Cmd@alto+1,??_Read_Cmd+1
  3887   001376  3BCF               	swapf	??_Read_Cmd& (0+255),f,b
  3888   001378  3BD0               	swapf	(??_Read_Cmd+1)& (0+255),f,b
  3889   00137A  0EF0               	movlw	240
  3890   00137C  17D0               	andwf	(??_Read_Cmd+1)& (0+255),f,b
  3891   00137E  51CF               	movf	??_Read_Cmd& (0+255),w,b
  3892   001380  0B0F               	andlw	15
  3893   001382  13D0               	iorwf	(??_Read_Cmd+1)& (0+255),f,b
  3894   001384  0EF0               	movlw	240
  3895   001386  17CF               	andwf	??_Read_Cmd& (0+255),f,b
  3896   001388  51D6               	movf	Read_Cmd@bajo& (0+255),w,b
  3897   00138A  13CF               	iorwf	??_Read_Cmd& (0+255),f,b
  3898   00138C  51D7               	movf	(Read_Cmd@bajo+1)& (0+255),w,b
  3899   00138E  13D0               	iorwf	(??_Read_Cmd+1)& (0+255),f,b
  3900   001390  51CF               	movf	??_Read_Cmd& (0+255),w,b
  3901   001392  27D2               	addwf	Read_Cmd@lrc& (0+255),f,b
  3902   001394  51D0               	movf	(??_Read_Cmd+1)& (0+255),w,b
  3903   001396  23D3               	addwfc	(Read_Cmd@lrc+1)& (0+255),f,b
  3904   001398                     
  3905                           ; BSR set to: 0
  3906                           ;Kinco.c: 50:     lrc &= 0xFF;
  3907   001398  0EFF               	movlw	255
  3908   00139A  17D2               	andwf	Read_Cmd@lrc& (0+255),f,b
  3909   00139C  0E00               	movlw	0
  3910   00139E  17D3               	andwf	(Read_Cmd@lrc+1)& (0+255),f,b
  3911   0013A0                     
  3912                           ; BSR set to: 0
  3913                           ;Kinco.c: 51:     M_Cantidad = ((alto << 4) | bajo) << 8;
  3914   0013A0  C0D4  F0CF         	movff	Read_Cmd@alto,??_Read_Cmd
  3915   0013A4  C0D5  F0D0         	movff	Read_Cmd@alto+1,??_Read_Cmd+1
  3916   0013A8  3BCF               	swapf	??_Read_Cmd& (0+255),f,b
  3917   0013AA  3BD0               	swapf	(??_Read_Cmd+1)& (0+255),f,b
  3918   0013AC  0EF0               	movlw	240
  3919   0013AE  17D0               	andwf	(??_Read_Cmd+1)& (0+255),f,b
  3920   0013B0  51CF               	movf	??_Read_Cmd& (0+255),w,b
  3921   0013B2  0B0F               	andlw	15
  3922   0013B4  13D0               	iorwf	(??_Read_Cmd+1)& (0+255),f,b
  3923   0013B6  0EF0               	movlw	240
  3924   0013B8  17CF               	andwf	??_Read_Cmd& (0+255),f,b
  3925   0013BA  51D6               	movf	Read_Cmd@bajo& (0+255),w,b
  3926   0013BC  13CF               	iorwf	??_Read_Cmd& (0+255),f,b
  3927   0013BE  51D7               	movf	(Read_Cmd@bajo+1)& (0+255),w,b
  3928   0013C0  13D0               	iorwf	(??_Read_Cmd+1)& (0+255),f,b
  3929   0013C2  C0CF  F0D0         	movff	??_Read_Cmd,??_Read_Cmd+1
  3930   0013C6  6BCF               	clrf	??_Read_Cmd& (0+255),b
  3931   0013C8  C0CF  F082         	movff	??_Read_Cmd,_M_Cantidad
  3932   0013CC  C0D0  F083         	movff	??_Read_Cmd+1,_M_Cantidad+1
  3933   0013D0                     
  3934                           ; BSR set to: 0
  3935                           ;Kinco.c: 53:     alto = HexToNum(Data[Index + 11]);
  3936   0013D0  51D8               	movf	Read_Cmd@Index& (0+255),w,b
  3937   0013D2  25CD               	addwf	Read_Cmd@Data& (0+255),w,b
  3938   0013D4  6FCF               	movwf	??_Read_Cmd& (0+255),b
  3939   0013D6  51D9               	movf	(Read_Cmd@Index+1)& (0+255),w,b
  3940   0013D8  21CE               	addwfc	(Read_Cmd@Data+1)& (0+255),w,b
  3941   0013DA  6FD0               	movwf	(??_Read_Cmd+1)& (0+255),b
  3942   0013DC  0E0B               	movlw	11
  3943   0013DE  25CF               	addwf	??_Read_Cmd& (0+255),w,b
  3944   0013E0  6ED9               	movwf	fsr2l,c
  3945   0013E2  0E00               	movlw	0
  3946   0013E4  21D0               	addwfc	(??_Read_Cmd+1)& (0+255),w,b
  3947   0013E6  6EDA               	movwf	fsr2h,c
  3948   0013E8  50DF               	movf	indf2,w,c
  3949   0013EA  ECEF  F017         	call	_HexToNum
  3950   0013EE  0100               	movlb	0	; () banked
  3951   0013F0  6FD1               	movwf	(??_Read_Cmd+2)& (0+255),b
  3952   0013F2  51D1               	movf	(??_Read_Cmd+2)& (0+255),w,b
  3953   0013F4  6FD4               	movwf	Read_Cmd@alto& (0+255),b
  3954   0013F6  6BD5               	clrf	(Read_Cmd@alto+1)& (0+255),b
  3955   0013F8                     
  3956                           ; BSR set to: 0
  3957                           ;Kinco.c: 54:     bajo = HexToNum(Data[Index + 12]);
  3958   0013F8  51D8               	movf	Read_Cmd@Index& (0+255),w,b
  3959   0013FA  25CD               	addwf	Read_Cmd@Data& (0+255),w,b
  3960   0013FC  6FCF               	movwf	??_Read_Cmd& (0+255),b
  3961   0013FE  51D9               	movf	(Read_Cmd@Index+1)& (0+255),w,b
  3962   001400  21CE               	addwfc	(Read_Cmd@Data+1)& (0+255),w,b
  3963   001402  6FD0               	movwf	(??_Read_Cmd+1)& (0+255),b
  3964   001404  0E0C               	movlw	12
  3965   001406  25CF               	addwf	??_Read_Cmd& (0+255),w,b
  3966   001408  6ED9               	movwf	fsr2l,c
  3967   00140A  0E00               	movlw	0
  3968   00140C  21D0               	addwfc	(??_Read_Cmd+1)& (0+255),w,b
  3969   00140E  6EDA               	movwf	fsr2h,c
  3970   001410  50DF               	movf	indf2,w,c
  3971   001412  ECEF  F017         	call	_HexToNum
  3972   001416  0100               	movlb	0	; () banked
  3973   001418  6FD1               	movwf	(??_Read_Cmd+2)& (0+255),b
  3974   00141A  51D1               	movf	(??_Read_Cmd+2)& (0+255),w,b
  3975   00141C  6FD6               	movwf	Read_Cmd@bajo& (0+255),b
  3976   00141E  6BD7               	clrf	(Read_Cmd@bajo+1)& (0+255),b
  3977   001420                     
  3978                           ; BSR set to: 0
  3979                           ;Kinco.c: 55:     lrc += (alto << 4) | bajo;
  3980   001420  C0D4  F0CF         	movff	Read_Cmd@alto,??_Read_Cmd
  3981   001424  C0D5  F0D0         	movff	Read_Cmd@alto+1,??_Read_Cmd+1
  3982   001428  3BCF               	swapf	??_Read_Cmd& (0+255),f,b
  3983   00142A  3BD0               	swapf	(??_Read_Cmd+1)& (0+255),f,b
  3984   00142C  0EF0               	movlw	240
  3985   00142E  17D0               	andwf	(??_Read_Cmd+1)& (0+255),f,b
  3986   001430  51CF               	movf	??_Read_Cmd& (0+255),w,b
  3987   001432  0B0F               	andlw	15
  3988   001434  13D0               	iorwf	(??_Read_Cmd+1)& (0+255),f,b
  3989   001436  0EF0               	movlw	240
  3990   001438  17CF               	andwf	??_Read_Cmd& (0+255),f,b
  3991   00143A  51D6               	movf	Read_Cmd@bajo& (0+255),w,b
  3992   00143C  13CF               	iorwf	??_Read_Cmd& (0+255),f,b
  3993   00143E  51D7               	movf	(Read_Cmd@bajo+1)& (0+255),w,b
  3994   001440  13D0               	iorwf	(??_Read_Cmd+1)& (0+255),f,b
  3995   001442  51CF               	movf	??_Read_Cmd& (0+255),w,b
  3996   001444  27D2               	addwf	Read_Cmd@lrc& (0+255),f,b
  3997   001446  51D0               	movf	(??_Read_Cmd+1)& (0+255),w,b
  3998   001448  23D3               	addwfc	(Read_Cmd@lrc+1)& (0+255),f,b
  3999   00144A                     
  4000                           ; BSR set to: 0
  4001                           ;Kinco.c: 56:     lrc &= 0xFF;
  4002   00144A  0EFF               	movlw	255
  4003   00144C  17D2               	andwf	Read_Cmd@lrc& (0+255),f,b
  4004   00144E  0E00               	movlw	0
  4005   001450  17D3               	andwf	(Read_Cmd@lrc+1)& (0+255),f,b
  4006   001452                     
  4007                           ; BSR set to: 0
  4008                           ;Kinco.c: 57:     M_Cantidad |= (alto << 4) | bajo;
  4009   001452  C0D4  F0CF         	movff	Read_Cmd@alto,??_Read_Cmd
  4010   001456  C0D5  F0D0         	movff	Read_Cmd@alto+1,??_Read_Cmd+1
  4011   00145A  3BCF               	swapf	??_Read_Cmd& (0+255),f,b
  4012   00145C  3BD0               	swapf	(??_Read_Cmd+1)& (0+255),f,b
  4013   00145E  0EF0               	movlw	240
  4014   001460  17D0               	andwf	(??_Read_Cmd+1)& (0+255),f,b
  4015   001462  51CF               	movf	??_Read_Cmd& (0+255),w,b
  4016   001464  0B0F               	andlw	15
  4017   001466  13D0               	iorwf	(??_Read_Cmd+1)& (0+255),f,b
  4018   001468  0EF0               	movlw	240
  4019   00146A  17CF               	andwf	??_Read_Cmd& (0+255),f,b
  4020   00146C  51D6               	movf	Read_Cmd@bajo& (0+255),w,b
  4021   00146E  13CF               	iorwf	??_Read_Cmd& (0+255),f,b
  4022   001470  51D7               	movf	(Read_Cmd@bajo+1)& (0+255),w,b
  4023   001472  13D0               	iorwf	(??_Read_Cmd+1)& (0+255),f,b
  4024   001474  51CF               	movf	??_Read_Cmd& (0+255),w,b
  4025   001476  1382               	iorwf	_M_Cantidad& (0+255),f,b
  4026   001478  51D0               	movf	(??_Read_Cmd+1)& (0+255),w,b
  4027   00147A  1383               	iorwf	(_M_Cantidad+1)& (0+255),f,b
  4028   00147C                     
  4029                           ; BSR set to: 0
  4030                           ;Kinco.c: 60:     alto = HexToNum(Data[Index + 13]);
  4031   00147C  51D8               	movf	Read_Cmd@Index& (0+255),w,b
  4032   00147E  25CD               	addwf	Read_Cmd@Data& (0+255),w,b
  4033   001480  6FCF               	movwf	??_Read_Cmd& (0+255),b
  4034   001482  51D9               	movf	(Read_Cmd@Index+1)& (0+255),w,b
  4035   001484  21CE               	addwfc	(Read_Cmd@Data+1)& (0+255),w,b
  4036   001486  6FD0               	movwf	(??_Read_Cmd+1)& (0+255),b
  4037   001488  0E0D               	movlw	13
  4038   00148A  25CF               	addwf	??_Read_Cmd& (0+255),w,b
  4039   00148C  6ED9               	movwf	fsr2l,c
  4040   00148E  0E00               	movlw	0
  4041   001490  21D0               	addwfc	(??_Read_Cmd+1)& (0+255),w,b
  4042   001492  6EDA               	movwf	fsr2h,c
  4043   001494  50DF               	movf	indf2,w,c
  4044   001496  ECEF  F017         	call	_HexToNum
  4045   00149A  0100               	movlb	0	; () banked
  4046   00149C  6FD1               	movwf	(??_Read_Cmd+2)& (0+255),b
  4047   00149E  51D1               	movf	(??_Read_Cmd+2)& (0+255),w,b
  4048   0014A0  6FD4               	movwf	Read_Cmd@alto& (0+255),b
  4049   0014A2  6BD5               	clrf	(Read_Cmd@alto+1)& (0+255),b
  4050   0014A4                     
  4051                           ; BSR set to: 0
  4052                           ;Kinco.c: 61:     bajo = HexToNum(Data[Index + 14]);
  4053   0014A4  51D8               	movf	Read_Cmd@Index& (0+255),w,b
  4054   0014A6  25CD               	addwf	Read_Cmd@Data& (0+255),w,b
  4055   0014A8  6FCF               	movwf	??_Read_Cmd& (0+255),b
  4056   0014AA  51D9               	movf	(Read_Cmd@Index+1)& (0+255),w,b
  4057   0014AC  21CE               	addwfc	(Read_Cmd@Data+1)& (0+255),w,b
  4058   0014AE  6FD0               	movwf	(??_Read_Cmd+1)& (0+255),b
  4059   0014B0  0E0E               	movlw	14
  4060   0014B2  25CF               	addwf	??_Read_Cmd& (0+255),w,b
  4061   0014B4  6ED9               	movwf	fsr2l,c
  4062   0014B6  0E00               	movlw	0
  4063   0014B8  21D0               	addwfc	(??_Read_Cmd+1)& (0+255),w,b
  4064   0014BA  6EDA               	movwf	fsr2h,c
  4065   0014BC  50DF               	movf	indf2,w,c
  4066   0014BE  ECEF  F017         	call	_HexToNum
  4067   0014C2  0100               	movlb	0	; () banked
  4068   0014C4  6FD1               	movwf	(??_Read_Cmd+2)& (0+255),b
  4069   0014C6  51D1               	movf	(??_Read_Cmd+2)& (0+255),w,b
  4070   0014C8  6FD6               	movwf	Read_Cmd@bajo& (0+255),b
  4071   0014CA  6BD7               	clrf	(Read_Cmd@bajo+1)& (0+255),b
  4072   0014CC                     
  4073                           ; BSR set to: 0
  4074                           ;Kinco.c: 62:     M_LR = (char) ((alto << 4) | bajo);
  4075   0014CC  39D4               	swapf	Read_Cmd@alto& (0+255),w,b
  4076   0014CE  0BF0               	andlw	240
  4077   0014D0  11D6               	iorwf	Read_Cmd@bajo& (0+255),w,b
  4078   0014D2  6F8C               	movwf	_M_LR& (0+255),b
  4079   0014D4                     
  4080                           ; BSR set to: 0
  4081                           ;Kinco.c: 65:     lrc = (unsigned char) (~lrc + 1);
  4082   0014D4  51D2               	movf	Read_Cmd@lrc& (0+255),w,b
  4083   0014D6  0800               	sublw	0
  4084   0014D8  6FCF               	movwf	??_Read_Cmd& (0+255),b
  4085   0014DA  51CF               	movf	??_Read_Cmd& (0+255),w,b
  4086   0014DC  6FD2               	movwf	Read_Cmd@lrc& (0+255),b
  4087   0014DE  6BD3               	clrf	(Read_Cmd@lrc+1)& (0+255),b
  4088   0014E0                     
  4089                           ; BSR set to: 0
  4090                           ;Kinco.c: 67:     if (M_ID == 1) {
  4091   0014E0  0456               	decf	_M_ID^0,w,c
  4092   0014E2  A4D8               	btfss	status,2,c
  4093   0014E4  EF76  F00A         	goto	u3561
  4094   0014E8  EF78  F00A         	goto	u3560
  4095   0014EC                     u3561:
  4096   0014EC  EFD4  F00A         	goto	l593
  4097   0014F0                     u3560:
  4098   0014F0                     
  4099                           ; BSR set to: 0
  4100                           ;Kinco.c: 68:         if (M_LR == lrc) {
  4101   0014F0  518C               	movf	_M_LR& (0+255),w,b
  4102   0014F2  6FCF               	movwf	??_Read_Cmd& (0+255),b
  4103   0014F4  6BD0               	clrf	(??_Read_Cmd+1)& (0+255),b
  4104   0014F6  51D2               	movf	Read_Cmd@lrc& (0+255),w,b
  4105   0014F8  19CF               	xorwf	??_Read_Cmd& (0+255),w,b
  4106   0014FA  E107               	bnz	u3571
  4107   0014FC  51D3               	movf	(Read_Cmd@lrc+1)& (0+255),w,b
  4108   0014FE  19D0               	xorwf	(??_Read_Cmd+1)& (0+255),w,b
  4109   001500  A4D8               	btfss	status,2,c
  4110   001502  EF85  F00A         	goto	u3571
  4111   001506  EF87  F00A         	goto	u3570
  4112   00150A                     u3571:
  4113   00150A  EFD4  F00A         	goto	l593
  4114   00150E                     u3570:
  4115   00150E  EFC1  F00A         	goto	l4240
  4116   001512                     l4230:
  4117                           
  4118                           ; BSR set to: 0
  4119                           ;Kinco.c: 71:                     Read_X0(M_Direccion + 1, M_Cantidad);
  4120   001512  0E01               	movlw	1
  4121   001514  2584               	addwf	_M_Direccion& (0+255),w,b
  4122   001516  6E48               	movwf	Read_X0@Direccion^0,c
  4123   001518  0E00               	movlw	0
  4124   00151A  2185               	addwfc	(_M_Direccion+1)& (0+255),w,b
  4125   00151C  6E49               	movwf	(Read_X0@Direccion+1)^0,c
  4126   00151E  C082  F04A         	movff	_M_Cantidad,Read_X0@Cantidad
  4127   001522  C083  F04B         	movff	_M_Cantidad+1,Read_X0@Cantidad+1
  4128   001526  ECAE  F013         	call	_Read_X0	;wreg free
  4129                           
  4130                           ;Kinco.c: 72:                     break;
  4131   00152A  EFD4  F00A         	goto	l593
  4132   00152E                     l4232:
  4133                           
  4134                           ; BSR set to: 0
  4135                           ;Kinco.c: 74:                     Read_X4(M_Direccion + 1, M_Cantidad);
  4136   00152E  0E01               	movlw	1
  4137   001530  2584               	addwf	_M_Direccion& (0+255),w,b
  4138   001532  6E48               	movwf	Read_X4@Direccion^0,c
  4139   001534  0E00               	movlw	0
  4140   001536  2185               	addwfc	(_M_Direccion+1)& (0+255),w,b
  4141   001538  6E49               	movwf	(Read_X4@Direccion+1)^0,c
  4142   00153A  C082  F04A         	movff	_M_Cantidad,Read_X4@Cantidad
  4143   00153E  C083  F04B         	movff	_M_Cantidad+1,Read_X4@Cantidad+1
  4144   001542  EC2A  F012         	call	_Read_X4	;wreg free
  4145                           
  4146                           ;Kinco.c: 75:                     break;
  4147   001546  EFD4  F00A         	goto	l593
  4148   00154A                     l4234:
  4149                           
  4150                           ; BSR set to: 0
  4151                           ;Kinco.c: 77:                     Write_X0(M_Direccion + 1, M_Cantidad);
  4152   00154A  0E01               	movlw	1
  4153   00154C  2584               	addwf	_M_Direccion& (0+255),w,b
  4154   00154E  6E08               	movwf	Write_X0@Direccion^0,c
  4155   001550  0E00               	movlw	0
  4156   001552  2185               	addwfc	(_M_Direccion+1)& (0+255),w,b
  4157   001554  6E09               	movwf	(Write_X0@Direccion+1)^0,c
  4158   001556  C082  F00A         	movff	_M_Cantidad,Write_X0@Valor
  4159   00155A  C083  F00B         	movff	_M_Cantidad+1,Write_X0@Valor+1
  4160   00155E  EC92  F016         	call	_Write_X0	;wreg free
  4161                           
  4162                           ;Kinco.c: 78:                     break;
  4163   001562  EFD4  F00A         	goto	l593
  4164   001566                     l4236:
  4165                           
  4166                           ; BSR set to: 0
  4167   001566  0E01               	movlw	1
  4168   001568  2584               	addwf	_M_Direccion& (0+255),w,b
  4169   00156A  6E08               	movwf	Write_X4@Direccion^0,c
  4170   00156C  0E00               	movlw	0
  4171   00156E  2185               	addwfc	(_M_Direccion+1)& (0+255),w,b
  4172   001570  6E09               	movwf	(Write_X4@Direccion+1)^0,c
  4173   001572  C082  F00A         	movff	_M_Cantidad,Write_X4@Valor
  4174   001576  C083  F00B         	movff	_M_Cantidad+1,Write_X4@Valor+1
  4175   00157A  EC2E  F018         	call	_Write_X4	;wreg free
  4176                           
  4177                           ;Kinco.c: 80:                     break;
  4178   00157E  EFD4  F00A         	goto	l593
  4179   001582                     l4240:
  4180                           
  4181                           ; BSR set to: 0
  4182   001582  518D               	movf	_M_Funcion& (0+255),w,b
  4183                           
  4184                           ; Switch size 1, requested type "simple"
  4185                           ; Number of cases is 4, Range of values is 1 to 6
  4186                           ; switch strategies available:
  4187                           ; Name         Instructions Cycles
  4188                           ; simple_byte           13     7 (average)
  4189                           ;	Chosen strategy is simple_byte
  4190   001584  0A01               	xorlw	1	; case 1
  4191   001586  B4D8               	btfsc	status,2,c
  4192   001588  EF89  F00A         	goto	l4230
  4193   00158C  0A02               	xorlw	2	; case 3
  4194   00158E  B4D8               	btfsc	status,2,c
  4195   001590  EF97  F00A         	goto	l4232
  4196   001594  0A06               	xorlw	6	; case 5
  4197   001596  B4D8               	btfsc	status,2,c
  4198   001598  EFA5  F00A         	goto	l4234
  4199   00159C  0A03               	xorlw	3	; case 6
  4200   00159E  B4D8               	btfsc	status,2,c
  4201   0015A0  EFB3  F00A         	goto	l4236
  4202   0015A4  EFD4  F00A         	goto	l593
  4203   0015A8                     l593:
  4204   0015A8  0012               	return		;funcret
  4205   0015AA                     __end_of_Read_Cmd:
  4206                           	callstack 0
  4207                           
  4208 ;; *************** function _Write_X4 *****************
  4209 ;; Defined at:
  4210 ;;		line 151 in file "Kinco.c"
  4211 ;; Parameters:    Size  Location     Type
  4212 ;;  Direccion       2    7[COMRAM] unsigned int 
  4213 ;;  Valor           2    9[COMRAM] unsigned int 
  4214 ;; Auto vars:     Size  Location     Type
  4215 ;;  i               2   11[COMRAM] int 
  4216 ;; Return value:  Size  Location     Type
  4217 ;;                  1    wreg      void 
  4218 ;; Registers used:
  4219 ;;		wreg, fsr2l, fsr2h, status,2, status,0, prodl, prodh, cstack
  4220 ;; Tracked objects:
  4221 ;;		On entry : 0/0
  4222 ;;		On exit  : 0/0
  4223 ;;		Unchanged: 0/0
  4224 ;; Data sizes:     COMRAM   BANK0   BANK1   BANK2   BANK3   BANK4   BANK5   BANK6   BANK7   BANK8   BANK9  BANK10  BANK1
      +1  BANK12  BANK13  BANK14  BANK15
  4225 ;;      Params:         4       0       0       0       0       0       0       0       0       0       0       0       
      +0       0       0       0       0
  4226 ;;      Locals:         2       0       0       0       0       0       0       0       0       0       0       0       
      +0       0       0       0       0
  4227 ;;      Temps:          0       0       0       0       0       0       0       0       0       0       0       0       
      +0       0       0       0       0
  4228 ;;      Totals:         6       0       0       0       0       0       0       0       0       0       0       0       
      +0       0       0       0       0
  4229 ;;Total ram usage:        6 bytes
  4230 ;; Hardware stack levels used: 1
  4231 ;; Hardware stack levels required when called: 3
  4232 ;; This function calls:
  4233 ;;		_UART2_Write
  4234 ;; This function is called by:
  4235 ;;		_Read_Cmd
  4236 ;; This function uses a non-reentrant model
  4237 ;;
  4238                           
  4239                           	psect	text3
  4240   00305C                     __ptext3:
  4241                           	callstack 0
  4242   00305C                     _Write_X4:
  4243                           	callstack 25
  4244   00305C                     
  4245                           ;Kinco.c: 152:     if (Direccion < 8 + 1) {
  4246   00305C  5009               	movf	(Write_X4@Direccion+1)^0,w,c
  4247   00305E  E107               	bnz	u2631
  4248   003060  0E09               	movlw	9
  4249   003062  5C08               	subwf	Write_X4@Direccion^0,w,c
  4250   003064  B0D8               	btfsc	status,0,c
  4251   003066  EF37  F018         	goto	u2631
  4252   00306A  EF39  F018         	goto	u2630
  4253   00306E                     u2631:
  4254   00306E  EF43  F018         	goto	l3362
  4255   003072                     u2630:
  4256   003072                     
  4257                           ;Kinco.c: 153:         Gasificado.Variables[Direccion] = Valor;
  4258   003072  5008               	movf	Write_X4@Direccion^0,w,c
  4259   003074  0D02               	mullw	2
  4260   003076  50F3               	movf	243,w,c
  4261   003078  0F6C               	addlw	low (_Gasificado+12)
  4262   00307A  6ED9               	movwf	fsr2l,c
  4263   00307C  6ADA               	clrf	fsr2h,c
  4264   00307E  C00A  FFDE         	movff	Write_X4@Valor,postinc2
  4265   003082  C00B  FFDD         	movff	Write_X4@Valor+1,postdec2
  4266   003086                     l3362:
  4267                           
  4268                           ;Kinco.c: 157:     for (int i = 0; i < 15; i++) UART2_Write(Buffer_U2[i]);
  4269   003086  0E00               	movlw	0
  4270   003088  6E0D               	movwf	(Write_X4@i+1)^0,c
  4271   00308A  0E00               	movlw	0
  4272   00308C  6E0C               	movwf	Write_X4@i^0,c
  4273   00308E                     l3368:
  4274   00308E  0E00               	movlw	low _Buffer_U2
  4275   003090  240C               	addwf	Write_X4@i^0,w,c
  4276   003092  6ED9               	movwf	fsr2l,c
  4277   003094  0E02               	movlw	high _Buffer_U2
  4278   003096  200D               	addwfc	(Write_X4@i+1)^0,w,c
  4279   003098  6EDA               	movwf	fsr2h,c
  4280   00309A  50DF               	movf	indf2,w,c
  4281   00309C  EC5A  F015         	call	_UART2_Write
  4282   0030A0  4A0C               	infsnz	Write_X4@i^0,f,c
  4283   0030A2  2A0D               	incf	(Write_X4@i+1)^0,f,c
  4284   0030A4  BE0D               	btfsc	(Write_X4@i+1)^0,7,c
  4285   0030A6  EF5E  F018         	goto	u2641
  4286   0030AA  500D               	movf	(Write_X4@i+1)^0,w,c
  4287   0030AC  E109               	bnz	u2640
  4288   0030AE  0E0F               	movlw	15
  4289   0030B0  5C0C               	subwf	Write_X4@i^0,w,c
  4290   0030B2  A0D8               	btfss	status,0,c
  4291   0030B4  EF5E  F018         	goto	u2641
  4292   0030B8  EF60  F018         	goto	u2640
  4293   0030BC                     u2641:
  4294   0030BC  EF47  F018         	goto	l3368
  4295   0030C0                     u2640:
  4296   0030C0                     
  4297                           ;Kinco.c: 158:     UART2_Write(0x0D);
  4298   0030C0  0E0D               	movlw	13
  4299   0030C2  EC5A  F015         	call	_UART2_Write
  4300                           
  4301                           ;Kinco.c: 159:     UART2_Write(0x0A);
  4302   0030C6  0E0A               	movlw	10
  4303   0030C8  EC5A  F015         	call	_UART2_Write
  4304   0030CC  0012               	return		;funcret
  4305   0030CE                     __end_of_Write_X4:
  4306                           	callstack 0
  4307                           
  4308 ;; *************** function _Write_X0 *****************
  4309 ;; Defined at:
  4310 ;;		line 134 in file "Kinco.c"
  4311 ;; Parameters:    Size  Location     Type
  4312 ;;  Direccion       2    7[COMRAM] unsigned int 
  4313 ;;  Valor           2    9[COMRAM] unsigned int 
  4314 ;; Auto vars:     Size  Location     Type
  4315 ;;  i               2   11[COMRAM] int 
  4316 ;; Return value:  Size  Location     Type
  4317 ;;                  1    wreg      void 
  4318 ;; Registers used:
  4319 ;;		wreg, fsr2l, fsr2h, status,2, status,0, cstack
  4320 ;; Tracked objects:
  4321 ;;		On entry : 0/0
  4322 ;;		On exit  : 0/0
  4323 ;;		Unchanged: 0/0
  4324 ;; Data sizes:     COMRAM   BANK0   BANK1   BANK2   BANK3   BANK4   BANK5   BANK6   BANK7   BANK8   BANK9  BANK10  BANK1
      +1  BANK12  BANK13  BANK14  BANK15
  4325 ;;      Params:         4       0       0       0       0       0       0       0       0       0       0       0       
      +0       0       0       0       0
  4326 ;;      Locals:         2       0       0       0       0       0       0       0       0       0       0       0       
      +0       0       0       0       0
  4327 ;;      Temps:          0       0       0       0       0       0       0       0       0       0       0       0       
      +0       0       0       0       0
  4328 ;;      Totals:         6       0       0       0       0       0       0       0       0       0       0       0       
      +0       0       0       0       0
  4329 ;;Total ram usage:        6 bytes
  4330 ;; Hardware stack levels used: 1
  4331 ;; Hardware stack levels required when called: 3
  4332 ;; This function calls:
  4333 ;;		_UART2_Write
  4334 ;; This function is called by:
  4335 ;;		_Read_Cmd
  4336 ;; This function uses a non-reentrant model
  4337 ;;
  4338                           
  4339                           	psect	text4
  4340   002D24                     __ptext4:
  4341                           	callstack 0
  4342   002D24                     _Write_X0:
  4343                           	callstack 25
  4344   002D24                     
  4345                           ;Kinco.c: 136:     if (Direccion < 11 + 1) {
  4346   002D24  5009               	movf	(Write_X0@Direccion+1)^0,w,c
  4347   002D26  E107               	bnz	u2591
  4348   002D28  0E0C               	movlw	12
  4349   002D2A  5C08               	subwf	Write_X0@Direccion^0,w,c
  4350   002D2C  B0D8               	btfsc	status,0,c
  4351   002D2E  EF9B  F016         	goto	u2591
  4352   002D32  EF9D  F016         	goto	u2590
  4353   002D36                     u2591:
  4354   002D36  EFBA  F016         	goto	l3344
  4355   002D3A                     u2590:
  4356   002D3A                     
  4357                           ;Kinco.c: 137:         if (Valor == 0xFF00) {
  4358   002D3A  280B               	incf	(Write_X0@Valor+1)^0,w,c
  4359   002D3C  100A               	iorwf	Write_X0@Valor^0,w,c
  4360   002D3E  A4D8               	btfss	status,2,c
  4361   002D40  EFA4  F016         	goto	u2601
  4362   002D44  EFA6  F016         	goto	u2600
  4363   002D48                     u2601:
  4364   002D48  EFAC  F016         	goto	l3340
  4365   002D4C                     u2600:
  4366   002D4C                     
  4367                           ;Kinco.c: 138:             Gasificado.Control[Direccion] = 1;
  4368   002D4C  5008               	movf	Write_X0@Direccion^0,w,c
  4369   002D4E  0F60               	addlw	low _Gasificado
  4370   002D50  6ED9               	movwf	fsr2l,c
  4371   002D52  6ADA               	clrf	fsr2h,c
  4372   002D54  0E01               	movlw	1
  4373   002D56  6EDF               	movwf	indf2,c
  4374   002D58                     l3340:
  4375                           
  4376                           ;Kinco.c: 140:         if (Valor == 0x0000) {
  4377   002D58  500A               	movf	Write_X0@Valor^0,w,c
  4378   002D5A  100B               	iorwf	(Write_X0@Valor+1)^0,w,c
  4379   002D5C  A4D8               	btfss	status,2,c
  4380   002D5E  EFB3  F016         	goto	u2611
  4381   002D62  EFB5  F016         	goto	u2610
  4382   002D66                     u2611:
  4383   002D66  EFBA  F016         	goto	l3344
  4384   002D6A                     u2610:
  4385   002D6A                     
  4386                           ;Kinco.c: 141:             Gasificado.Control[Direccion] = 0;
  4387   002D6A  5008               	movf	Write_X0@Direccion^0,w,c
  4388   002D6C  0F60               	addlw	low _Gasificado
  4389   002D6E  6ED9               	movwf	fsr2l,c
  4390   002D70  6ADA               	clrf	fsr2h,c
  4391   002D72  6ADF               	clrf	indf2,c
  4392   002D74                     l3344:
  4393                           
  4394                           ;Kinco.c: 146:     for (int i = 0; i < 15; i++) UART2_Write(Buffer_U2[i]);
  4395   002D74  0E00               	movlw	0
  4396   002D76  6E0D               	movwf	(Write_X0@i+1)^0,c
  4397   002D78  0E00               	movlw	0
  4398   002D7A  6E0C               	movwf	Write_X0@i^0,c
  4399   002D7C                     l3350:
  4400   002D7C  0E00               	movlw	low _Buffer_U2
  4401   002D7E  240C               	addwf	Write_X0@i^0,w,c
  4402   002D80  6ED9               	movwf	fsr2l,c
  4403   002D82  0E02               	movlw	high _Buffer_U2
  4404   002D84  200D               	addwfc	(Write_X0@i+1)^0,w,c
  4405   002D86  6EDA               	movwf	fsr2h,c
  4406   002D88  50DF               	movf	indf2,w,c
  4407   002D8A  EC5A  F015         	call	_UART2_Write
  4408   002D8E  4A0C               	infsnz	Write_X0@i^0,f,c
  4409   002D90  2A0D               	incf	(Write_X0@i+1)^0,f,c
  4410   002D92  BE0D               	btfsc	(Write_X0@i+1)^0,7,c
  4411   002D94  EFD5  F016         	goto	u2621
  4412   002D98  500D               	movf	(Write_X0@i+1)^0,w,c
  4413   002D9A  E109               	bnz	u2620
  4414   002D9C  0E0F               	movlw	15
  4415   002D9E  5C0C               	subwf	Write_X0@i^0,w,c
  4416   002DA0  A0D8               	btfss	status,0,c
  4417   002DA2  EFD5  F016         	goto	u2621
  4418   002DA6  EFD7  F016         	goto	u2620
  4419   002DAA                     u2621:
  4420   002DAA  EFBE  F016         	goto	l3350
  4421   002DAE                     u2620:
  4422   002DAE                     
  4423                           ;Kinco.c: 147:     UART2_Write(0x0D);
  4424   002DAE  0E0D               	movlw	13
  4425   002DB0  EC5A  F015         	call	_UART2_Write
  4426                           
  4427                           ;Kinco.c: 148:     UART2_Write(0x0A);
  4428   002DB4  0E0A               	movlw	10
  4429   002DB6  EC5A  F015         	call	_UART2_Write
  4430   002DBA  0012               	return		;funcret
  4431   002DBC                     __end_of_Write_X0:
  4432                           	callstack 0
  4433                           
  4434 ;; *************** function _Read_X4 *****************
  4435 ;; Defined at:
  4436 ;;		line 106 in file "Kinco.c"
  4437 ;; Parameters:    Size  Location     Type
  4438 ;;  Direccion       2   71[COMRAM] unsigned int 
  4439 ;;  Cantidad        2   73[COMRAM] unsigned int 
  4440 ;; Auto vars:     Size  Location     Type
  4441 ;;  val             2   81[COMRAM] unsigned int 
  4442 ;;  lo              1   77[COMRAM] unsigned char 
  4443 ;;  hi              1   76[COMRAM] unsigned char 
  4444 ;;  i               2   78[COMRAM] unsigned int 
  4445 ;;  lrc             1   83[COMRAM] unsigned char 
  4446 ;;  nb              1   80[COMRAM] unsigned char 
  4447 ;; Return value:  Size  Location     Type
  4448 ;;                  1    wreg      void 
  4449 ;; Registers used:
  4450 ;;		wreg, fsr1l, fsr1h, fsr2l, fsr2h, status,2, status,0, tblptrl, tblptrh, tblptru, prodl, prodh, cstack
  4451 ;; Tracked objects:
  4452 ;;		On entry : 0/0
  4453 ;;		On exit  : 0/0
  4454 ;;		Unchanged: 0/0
  4455 ;; Data sizes:     COMRAM   BANK0   BANK1   BANK2   BANK3   BANK4   BANK5   BANK6   BANK7   BANK8   BANK9  BANK10  BANK1
      +1  BANK12  BANK13  BANK14  BANK15
  4456 ;;      Params:         4       0       0       0       0       0       0       0       0       0       0       0       
      +0       0       0       0       0
  4457 ;;      Locals:         8       0       0       0       0       0       0       0       0       0       0       0       
      +0       0       0       0       0
  4458 ;;      Temps:          1       0       0       0       0       0       0       0       0       0       0       0       
      +0       0       0       0       0
  4459 ;;      Totals:        13       0       0       0       0       0       0       0       0       0       0       0       
      +0       0       0       0       0
  4460 ;;Total ram usage:       13 bytes
  4461 ;; Hardware stack levels used: 1
  4462 ;; Hardware stack levels required when called: 10
  4463 ;; This function calls:
  4464 ;;		_Leer_1Byte
  4465 ;;		_UART2_WriteString
  4466 ;;		_sprintf
  4467 ;; This function is called by:
  4468 ;;		_Read_Cmd
  4469 ;; This function uses a non-reentrant model
  4470 ;;
  4471                           
  4472                           	psect	text5
  4473   002454                     __ptext5:
  4474                           	callstack 0
  4475   002454                     _Read_X4:
  4476                           	callstack 18
  4477   002454                     
  4478                           ;Kinco.c: 107:     unsigned char nb = (unsigned char) (Cantidad * 2);
  4479   002454  504A               	movf	Read_X4@Cantidad^0,w,c
  4480   002456  244A               	addwf	Read_X4@Cantidad^0,w,c
  4481   002458  6E51               	movwf	Read_X4@nb^0,c
  4482   00245A                     
  4483                           ;Kinco.c: 108:     unsigned char lrc = 0;
  4484   00245A  6A54               	clrf	Read_X4@lrc^0,c
  4485                           
  4486                           ;Kinco.c: 110:     lrc += (unsigned char) M_ID;
  4487   00245C  5056               	movf	_M_ID^0,w,c
  4488   00245E  2654               	addwf	Read_X4@lrc^0,f,c
  4489                           
  4490                           ;Kinco.c: 111:     lrc += 0x03;
  4491   002460  0E03               	movlw	3
  4492   002462  2654               	addwf	Read_X4@lrc^0,f,c
  4493                           
  4494                           ;Kinco.c: 112:     lrc += nb;
  4495   002464  5051               	movf	Read_X4@nb^0,w,c
  4496   002466  2654               	addwf	Read_X4@lrc^0,f,c
  4497   002468                     
  4498                           ;Kinco.c: 114:     _delay((unsigned long)((5)*(16000000/4000.0)));
  4499   002468  0E1A               	movlw	26
  4500   00246A  6E4C               	movwf	??_Read_X4^0,c
  4501   00246C  0EF8               	movlw	248
  4502   00246E                     u3677:
  4503   00246E  2EE8               	decfsz	wreg,f,c
  4504   002470  D7FE               	bra	u3677
  4505   002472  2E4C               	decfsz	??_Read_X4^0,f,c
  4506   002474  D7FC               	bra	u3677
  4507   002476  D000               	nop2	
  4508   002478                     
  4509                           ;Kinco.c: 115:     sprintf(txt, ":%02X03%02X", (unsigned char) M_ID, nb);
  4510   002478  0EB9               	movlw	low _txt
  4511   00247A  6E32               	movwf	sprintf@s^0,c
  4512   00247C  0E38               	movlw	low STR_4
  4513   00247E  6E33               	movwf	sprintf@fmt^0,c
  4514   002480  C056  F034         	movff	_M_ID,?_sprintf+2
  4515   002484  6A35               	clrf	(?_sprintf+3)^0,c
  4516   002486  C051  F036         	movff	Read_X4@nb,?_sprintf+4
  4517   00248A  6A37               	clrf	(?_sprintf+5)^0,c
  4518   00248C  ECDB  F019         	call	_sprintf	;wreg free
  4519   002490                     
  4520                           ;Kinco.c: 116:     UART2_WriteString(txt);
  4521   002490  0EB9               	movlw	low _txt
  4522   002492  6E08               	movwf	UART2_WriteString@cad^0,c
  4523   002494  EC0F  F01A         	call	_UART2_WriteString	;wreg free
  4524   002498                     
  4525                           ;Kinco.c: 119:     for (unsigned int i = 0; i < Cantidad; i++) {
  4526   002498  0E00               	movlw	0
  4527   00249A  6E50               	movwf	(Read_X4@i+1)^0,c
  4528   00249C  0E00               	movlw	0
  4529   00249E  6E4F               	movwf	Read_X4@i^0,c
  4530   0024A0  EF76  F012         	goto	l3326
  4531   0024A4                     l3310:
  4532                           
  4533                           ;Kinco.c: 120:         unsigned int val = Leer_1Byte(Direccion + i);
  4534   0024A4  504F               	movf	Read_X4@i^0,w,c
  4535   0024A6  2448               	addwf	Read_X4@Direccion^0,w,c
  4536   0024A8  6E05               	movwf	Leer_1Byte@Direccion^0,c
  4537   0024AA  5050               	movf	(Read_X4@i+1)^0,w,c
  4538   0024AC  2049               	addwfc	(Read_X4@Direccion+1)^0,w,c
  4539   0024AE  6E06               	movwf	(Leer_1Byte@Direccion+1)^0,c
  4540   0024B0  ECA3  F019         	call	_Leer_1Byte	;wreg free
  4541   0024B4  C005  F052         	movff	?_Leer_1Byte,Read_X4@val
  4542   0024B8  C006  F053         	movff	?_Leer_1Byte+1,Read_X4@val+1
  4543   0024BC                     
  4544                           ;Kinco.c: 121:         unsigned char hi = (unsigned char) ((val >> 8) & 0xFF);
  4545   0024BC  5053               	movf	(Read_X4@val+1)^0,w,c
  4546   0024BE  6E4D               	movwf	Read_X4@hi^0,c
  4547   0024C0                     
  4548                           ;Kinco.c: 122:         unsigned char lo = (unsigned char) (val & 0xFF);
  4549   0024C0  C052  F04E         	movff	Read_X4@val,Read_X4@lo
  4550   0024C4                     
  4551                           ;Kinco.c: 123:         lrc += hi;
  4552   0024C4  504D               	movf	Read_X4@hi^0,w,c
  4553   0024C6  2654               	addwf	Read_X4@lrc^0,f,c
  4554   0024C8                     
  4555                           ;Kinco.c: 124:         lrc += lo;
  4556   0024C8  504E               	movf	Read_X4@lo^0,w,c
  4557   0024CA  2654               	addwf	Read_X4@lrc^0,f,c
  4558   0024CC                     
  4559                           ;Kinco.c: 125:         sprintf(txt, "%04X", val);
  4560   0024CC  0EB9               	movlw	low _txt
  4561   0024CE  6E32               	movwf	sprintf@s^0,c
  4562   0024D0  0E53               	movlw	low STR_5
  4563   0024D2  6E33               	movwf	sprintf@fmt^0,c
  4564   0024D4  C052  F034         	movff	Read_X4@val,?_sprintf+2
  4565   0024D8  C053  F035         	movff	Read_X4@val+1,?_sprintf+3
  4566   0024DC  ECDB  F019         	call	_sprintf	;wreg free
  4567   0024E0                     
  4568                           ;Kinco.c: 126:         UART2_WriteString(txt);
  4569   0024E0  0EB9               	movlw	low _txt
  4570   0024E2  6E08               	movwf	UART2_WriteString@cad^0,c
  4571   0024E4  EC0F  F01A         	call	_UART2_WriteString	;wreg free
  4572   0024E8                     
  4573                           ;Kinco.c: 127:     }
  4574   0024E8  4A4F               	infsnz	Read_X4@i^0,f,c
  4575   0024EA  2A50               	incf	(Read_X4@i+1)^0,f,c
  4576   0024EC                     l3326:
  4577   0024EC  504A               	movf	Read_X4@Cantidad^0,w,c
  4578   0024EE  5C4F               	subwf	Read_X4@i^0,w,c
  4579   0024F0  504B               	movf	(Read_X4@Cantidad+1)^0,w,c
  4580   0024F2  5850               	subwfb	(Read_X4@i+1)^0,w,c
  4581   0024F4  A0D8               	btfss	status,0,c
  4582   0024F6  EF7F  F012         	goto	u2581
  4583   0024FA  EF81  F012         	goto	u2580
  4584   0024FE                     u2581:
  4585   0024FE  EF52  F012         	goto	l3310
  4586   002502                     u2580:
  4587   002502                     
  4588                           ;Kinco.c: 129:     lrc = (unsigned char) (~lrc + 1);
  4589   002502  6C54               	negf	Read_X4@lrc^0,c
  4590   002504                     
  4591                           ;Kinco.c: 130:     sprintf(txt, "%02X\r\n", lrc);
  4592   002504  0EB9               	movlw	low _txt
  4593   002506  6E32               	movwf	sprintf@s^0,c
  4594   002508  0E31               	movlw	low (STR_3+15)
  4595   00250A  6E33               	movwf	sprintf@fmt^0,c
  4596   00250C  C054  F034         	movff	Read_X4@lrc,?_sprintf+2
  4597   002510  6A35               	clrf	(?_sprintf+3)^0,c
  4598   002512  ECDB  F019         	call	_sprintf	;wreg free
  4599   002516                     
  4600                           ;Kinco.c: 131:     UART2_WriteString(txt);
  4601   002516  0EB9               	movlw	low _txt
  4602   002518  6E08               	movwf	UART2_WriteString@cad^0,c
  4603   00251A  EC0F  F01A         	call	_UART2_WriteString	;wreg free
  4604   00251E  0012               	return		;funcret
  4605   002520                     __end_of_Read_X4:
  4606                           	callstack 0
  4607                           
  4608 ;; *************** function _Leer_1Byte *****************
  4609 ;; Defined at:
  4610 ;;		line 169 in file "Kinco.c"
  4611 ;; Parameters:    Size  Location     Type
  4612 ;;  Direccion       2    4[COMRAM] unsigned int 
  4613 ;; Auto vars:     Size  Location     Type
  4614 ;;		None
  4615 ;; Return value:  Size  Location     Type
  4616 ;;                  2    4[COMRAM] unsigned int 
  4617 ;; Registers used:
  4618 ;;		wreg, fsr2l, fsr2h, status,2, status,0, prodl, prodh
  4619 ;; Tracked objects:
  4620 ;;		On entry : 0/0
  4621 ;;		On exit  : 0/0
  4622 ;;		Unchanged: 0/0
  4623 ;; Data sizes:     COMRAM   BANK0   BANK1   BANK2   BANK3   BANK4   BANK5   BANK6   BANK7   BANK8   BANK9  BANK10  BANK1
      +1  BANK12  BANK13  BANK14  BANK15
  4624 ;;      Params:         2       0       0       0       0       0       0       0       0       0       0       0       
      +0       0       0       0       0
  4625 ;;      Locals:         0       0       0       0       0       0       0       0       0       0       0       0       
      +0       0       0       0       0
  4626 ;;      Temps:          0       0       0       0       0       0       0       0       0       0       0       0       
      +0       0       0       0       0
  4627 ;;      Totals:         2       0       0       0       0       0       0       0       0       0       0       0       
      +0       0       0       0       0
  4628 ;;Total ram usage:        2 bytes
  4629 ;; Hardware stack levels used: 1
  4630 ;; Hardware stack levels required when called: 2
  4631 ;; This function calls:
  4632 ;;		Nothing
  4633 ;; This function is called by:
  4634 ;;		_Read_X4
  4635 ;; This function uses a non-reentrant model
  4636 ;;
  4637                           
  4638                           	psect	text6
  4639   003346                     __ptext6:
  4640                           	callstack 0
  4641   003346                     _Leer_1Byte:
  4642                           	callstack 25
  4643   003346                     
  4644                           ;Kinco.c: 170:     if (Direccion < 8 + 1) {
  4645   003346  5006               	movf	(Leer_1Byte@Direccion+1)^0,w,c
  4646   003348  E107               	bnz	u2361
  4647   00334A  0E09               	movlw	9
  4648   00334C  5C05               	subwf	Leer_1Byte@Direccion^0,w,c
  4649   00334E  B0D8               	btfsc	status,0,c
  4650   003350  EFAC  F019         	goto	u2361
  4651   003354  EFAE  F019         	goto	u2360
  4652   003358                     u2361:
  4653   003358  EFBA  F019         	goto	l3184
  4654   00335C                     u2360:
  4655   00335C                     
  4656                           ;Kinco.c: 171:         return Gasificado.Variables[Direccion];
  4657   00335C  5005               	movf	Leer_1Byte@Direccion^0,w,c
  4658   00335E  0D02               	mullw	2
  4659   003360  50F3               	movf	243,w,c
  4660   003362  0F6C               	addlw	low (_Gasificado+12)
  4661   003364  6ED9               	movwf	fsr2l,c
  4662   003366  6ADA               	clrf	fsr2h,c
  4663   003368  CFDE F005          	movff	postinc2,?_Leer_1Byte
  4664   00336C  CFDD F006          	movff	postdec2,?_Leer_1Byte+1
  4665   003370  EFBE  F019         	goto	l635
  4666   003374                     l3184:
  4667                           
  4668                           ;Kinco.c: 173:     return 0;
  4669   003374  0E00               	movlw	0
  4670   003376  6E06               	movwf	(?_Leer_1Byte+1)^0,c
  4671   003378  0E00               	movlw	0
  4672   00337A  6E05               	movwf	?_Leer_1Byte^0,c
  4673   00337C                     l635:
  4674   00337C  0012               	return		;funcret
  4675   00337E                     __end_of_Leer_1Byte:
  4676                           	callstack 0
  4677                           
  4678 ;; *************** function _Read_X0 *****************
  4679 ;; Defined at:
  4680 ;;		line 86 in file "Kinco.c"
  4681 ;; Parameters:    Size  Location     Type
  4682 ;;  Direccion       2   71[COMRAM] unsigned int 
  4683 ;;  Cantidad        2   73[COMRAM] unsigned int 
  4684 ;; Auto vars:     Size  Location     Type
  4685 ;;  bit             1   77[COMRAM] unsigned char 
  4686 ;;  i               2   80[COMRAM] unsigned int 
  4687 ;;  lrc             1   82[COMRAM] unsigned char 
  4688 ;;  data            1   79[COMRAM] unsigned char 
  4689 ;;  nb              1   78[COMRAM] unsigned char 
  4690 ;; Return value:  Size  Location     Type
  4691 ;;                  1    wreg      void 
  4692 ;; Registers used:
  4693 ;;		wreg, fsr1l, fsr1h, fsr2l, fsr2h, status,2, status,0, tblptrl, tblptrh, tblptru, prodl, prodh, cstack
  4694 ;; Tracked objects:
  4695 ;;		On entry : 0/0
  4696 ;;		On exit  : 0/0
  4697 ;;		Unchanged: 0/0
  4698 ;; Data sizes:     COMRAM   BANK0   BANK1   BANK2   BANK3   BANK4   BANK5   BANK6   BANK7   BANK8   BANK9  BANK10  BANK1
      +1  BANK12  BANK13  BANK14  BANK15
  4699 ;;      Params:         4       0       0       0       0       0       0       0       0       0       0       0       
      +0       0       0       0       0
  4700 ;;      Locals:         6       0       0       0       0       0       0       0       0       0       0       0       
      +0       0       0       0       0
  4701 ;;      Temps:          2       0       0       0       0       0       0       0       0       0       0       0       
      +0       0       0       0       0
  4702 ;;      Totals:        12       0       0       0       0       0       0       0       0       0       0       0       
      +0       0       0       0       0
  4703 ;;Total ram usage:       12 bytes
  4704 ;; Hardware stack levels used: 1
  4705 ;; Hardware stack levels required when called: 10
  4706 ;; This function calls:
  4707 ;;		_Leer_1Bit
  4708 ;;		_UART2_WriteString
  4709 ;;		_sprintf
  4710 ;; This function is called by:
  4711 ;;		_Read_Cmd
  4712 ;; This function uses a non-reentrant model
  4713 ;;
  4714                           
  4715                           	psect	text7
  4716   00275C                     __ptext7:
  4717                           	callstack 0
  4718   00275C                     _Read_X0:
  4719                           	callstack 18
  4720   00275C                     
  4721                           ;Kinco.c: 87:     unsigned char data = 0;
  4722   00275C  6A50               	clrf	Read_X0@data^0,c
  4723   00275E                     
  4724                           ;Kinco.c: 89:     for (unsigned int i = 0; i < Cantidad; i++) {
  4725   00275E  0E00               	movlw	0
  4726   002760  6E52               	movwf	(Read_X0@i+1)^0,c
  4727   002762  0E00               	movlw	0
  4728   002764  6E51               	movwf	Read_X0@i^0,c
  4729   002766  EFCE  F013         	goto	l3280
  4730   00276A                     l3274:
  4731                           
  4732                           ;Kinco.c: 90:         unsigned char bit = Leer_1Bit(Direccion + i);
  4733   00276A  5051               	movf	Read_X0@i^0,w,c
  4734   00276C  2448               	addwf	Read_X0@Direccion^0,w,c
  4735   00276E  6E05               	movwf	Leer_1Bit@Direccion^0,c
  4736   002770  5052               	movf	(Read_X0@i+1)^0,w,c
  4737   002772  2049               	addwfc	(Read_X0@Direccion+1)^0,w,c
  4738   002774  6E06               	movwf	(Leer_1Bit@Direccion+1)^0,c
  4739   002776  EC24  F01A         	call	_Leer_1Bit	;wreg free
  4740   00277A  6E4E               	movwf	Read_X0@bit^0,c
  4741   00277C                     
  4742                           ;Kinco.c: 91:         data |= (unsigned char) (bit << i);
  4743   00277C  C051  F04C         	movff	Read_X0@i,??_Read_X0
  4744   002780  C04E  F04D         	movff	Read_X0@bit,??_Read_X0+1
  4745   002784  2A4C               	incf	??_Read_X0^0,f,c
  4746   002786  EFC7  F013         	goto	u2564
  4747   00278A                     u2565:
  4748   00278A  90D8               	bcf	status,0,c
  4749   00278C  364D               	rlcf	(??_Read_X0+1)^0,f,c
  4750   00278E                     u2564:
  4751   00278E  2E4C               	decfsz	??_Read_X0^0,f,c
  4752   002790  EFC5  F013         	goto	u2565
  4753   002794  504D               	movf	(??_Read_X0+1)^0,w,c
  4754   002796  1250               	iorwf	Read_X0@data^0,f,c
  4755   002798                     
  4756                           ;Kinco.c: 92:     }
  4757   002798  4A51               	infsnz	Read_X0@i^0,f,c
  4758   00279A  2A52               	incf	(Read_X0@i+1)^0,f,c
  4759   00279C                     l3280:
  4760   00279C  504A               	movf	Read_X0@Cantidad^0,w,c
  4761   00279E  5C51               	subwf	Read_X0@i^0,w,c
  4762   0027A0  504B               	movf	(Read_X0@Cantidad+1)^0,w,c
  4763   0027A2  5852               	subwfb	(Read_X0@i+1)^0,w,c
  4764   0027A4  A0D8               	btfss	status,0,c
  4765   0027A6  EFD7  F013         	goto	u2571
  4766   0027AA  EFD9  F013         	goto	u2570
  4767   0027AE                     u2571:
  4768   0027AE  EFB5  F013         	goto	l3274
  4769   0027B2                     u2570:
  4770   0027B2                     
  4771                           ;Kinco.c: 94:     unsigned char nb = (unsigned char) ((Cantidad + 7) / 8);
  4772   0027B2  0E07               	movlw	7
  4773   0027B4  244A               	addwf	Read_X0@Cantidad^0,w,c
  4774   0027B6  6E4C               	movwf	??_Read_X0^0,c
  4775   0027B8  0E00               	movlw	0
  4776   0027BA  204B               	addwfc	(Read_X0@Cantidad+1)^0,w,c
  4777   0027BC  6E4D               	movwf	(??_Read_X0+1)^0,c
  4778   0027BE  90D8               	bcf	status,0,c
  4779   0027C0  324D               	rrcf	(??_Read_X0+1)^0,f,c
  4780   0027C2  324C               	rrcf	??_Read_X0^0,f,c
  4781   0027C4  90D8               	bcf	status,0,c
  4782   0027C6  324D               	rrcf	(??_Read_X0+1)^0,f,c
  4783   0027C8  324C               	rrcf	??_Read_X0^0,f,c
  4784   0027CA  90D8               	bcf	status,0,c
  4785   0027CC  324D               	rrcf	(??_Read_X0+1)^0,f,c
  4786   0027CE  324C               	rrcf	??_Read_X0^0,f,c
  4787   0027D0  504C               	movf	??_Read_X0^0,w,c
  4788   0027D2  6E4F               	movwf	Read_X0@nb^0,c
  4789   0027D4                     
  4790                           ;Kinco.c: 95:     unsigned char lrc = 0;
  4791   0027D4  6A53               	clrf	Read_X0@lrc^0,c
  4792                           
  4793                           ;Kinco.c: 96:     lrc += (unsigned char) M_ID;
  4794   0027D6  5056               	movf	_M_ID^0,w,c
  4795   0027D8  2653               	addwf	Read_X0@lrc^0,f,c
  4796   0027DA                     
  4797                           ;Kinco.c: 97:     lrc += 0x01;
  4798   0027DA  2A53               	incf	Read_X0@lrc^0,f,c
  4799   0027DC                     
  4800                           ;Kinco.c: 98:     lrc += nb;
  4801   0027DC  504F               	movf	Read_X0@nb^0,w,c
  4802   0027DE  2653               	addwf	Read_X0@lrc^0,f,c
  4803   0027E0                     
  4804                           ;Kinco.c: 99:     lrc += data;
  4805   0027E0  5050               	movf	Read_X0@data^0,w,c
  4806   0027E2  2653               	addwf	Read_X0@lrc^0,f,c
  4807   0027E4                     
  4808                           ;Kinco.c: 100:     lrc = (unsigned char) (~lrc + 1);
  4809   0027E4  6C53               	negf	Read_X0@lrc^0,c
  4810   0027E6                     
  4811                           ;Kinco.c: 102:     sprintf(txt, ":%02X01%02X%02X%02X\r\n", (unsigned char) M_ID, nb, dat
      +                          a, lrc);
  4812   0027E6  0EB9               	movlw	low _txt
  4813   0027E8  6E32               	movwf	sprintf@s^0,c
  4814   0027EA  0E22               	movlw	low STR_3
  4815   0027EC  6E33               	movwf	sprintf@fmt^0,c
  4816   0027EE  C056  F034         	movff	_M_ID,?_sprintf+2
  4817   0027F2  6A35               	clrf	(?_sprintf+3)^0,c
  4818   0027F4  C04F  F036         	movff	Read_X0@nb,?_sprintf+4
  4819   0027F8  6A37               	clrf	(?_sprintf+5)^0,c
  4820   0027FA  C050  F038         	movff	Read_X0@data,?_sprintf+6
  4821   0027FE  6A39               	clrf	(?_sprintf+7)^0,c
  4822   002800  C053  F03A         	movff	Read_X0@lrc,?_sprintf+8
  4823   002804  6A3B               	clrf	(?_sprintf+9)^0,c
  4824   002806  ECDB  F019         	call	_sprintf	;wreg free
  4825   00280A                     
  4826                           ;Kinco.c: 103:     UART2_WriteString(txt);
  4827   00280A  0EB9               	movlw	low _txt
  4828   00280C  6E08               	movwf	UART2_WriteString@cad^0,c
  4829   00280E  EC0F  F01A         	call	_UART2_WriteString	;wreg free
  4830   002812  0012               	return		;funcret
  4831   002814                     __end_of_Read_X0:
  4832                           	callstack 0
  4833                           
  4834 ;; *************** function _UART2_WriteString *****************
  4835 ;; Defined at:
  4836 ;;		line 154 in file "Uarts.c"
  4837 ;; Parameters:    Size  Location     Type
  4838 ;;  cad             1    7[COMRAM] PTR const unsigned char 
  4839 ;;		 -> txt(20), 
  4840 ;; Auto vars:     Size  Location     Type
  4841 ;;		None
  4842 ;; Return value:  Size  Location     Type
  4843 ;;                  1    wreg      void 
  4844 ;; Registers used:
  4845 ;;		wreg, fsr2l, fsr2h, status,2, status,0, cstack
  4846 ;; Tracked objects:
  4847 ;;		On entry : 0/0
  4848 ;;		On exit  : 0/0
  4849 ;;		Unchanged: 0/0
  4850 ;; Data sizes:     COMRAM   BANK0   BANK1   BANK2   BANK3   BANK4   BANK5   BANK6   BANK7   BANK8   BANK9  BANK10  BANK1
      +1  BANK12  BANK13  BANK14  BANK15
  4851 ;;      Params:         1       0       0       0       0       0       0       0       0       0       0       0       
      +0       0       0       0       0
  4852 ;;      Locals:         0       0       0       0       0       0       0       0       0       0       0       0       
      +0       0       0       0       0
  4853 ;;      Temps:          0       0       0       0       0       0       0       0       0       0       0       0       
      +0       0       0       0       0
  4854 ;;      Totals:         1       0       0       0       0       0       0       0       0       0       0       0       
      +0       0       0       0       0
  4855 ;;Total ram usage:        1 bytes
  4856 ;; Hardware stack levels used: 1
  4857 ;; Hardware stack levels required when called: 3
  4858 ;; This function calls:
  4859 ;;		_UART2_Write
  4860 ;; This function is called by:
  4861 ;;		_Read_X0
  4862 ;;		_Read_X4
  4863 ;; This function uses a non-reentrant model
  4864 ;;
  4865                           
  4866                           	psect	text8
  4867   00341E                     __ptext8:
  4868                           	callstack 0
  4869   00341E                     _UART2_WriteString:
  4870                           	callstack 24
  4871   00341E                     
  4872                           ;Uarts.c: 155:     while (*cad) UART2_Write((uint8_t) * cad++);
  4873   00341E  EF18  F01A         	goto	l3142
  4874   003422                     l3138:
  4875   003422  5008               	movf	UART2_WriteString@cad^0,w,c
  4876   003424  6ED9               	movwf	fsr2l,c
  4877   003426  6ADA               	clrf	fsr2h,c
  4878   003428  50DF               	movf	indf2,w,c
  4879   00342A  EC5A  F015         	call	_UART2_Write
  4880   00342E  2A08               	incf	UART2_WriteString@cad^0,f,c
  4881   003430                     l3142:
  4882   003430  5008               	movf	UART2_WriteString@cad^0,w,c
  4883   003432  6ED9               	movwf	fsr2l,c
  4884   003434  6ADA               	clrf	fsr2h,c
  4885   003436  50DF               	movf	indf2,w,c
  4886   003438  A4D8               	btfss	status,2,c
  4887   00343A  EF21  F01A         	goto	u2321
  4888   00343E  EF23  F01A         	goto	u2320
  4889   003442                     u2321:
  4890   003442  EF11  F01A         	goto	l3138
  4891   003446                     u2320:
  4892   003446  0012               	return		;funcret
  4893   003448                     __end_of_UART2_WriteString:
  4894                           	callstack 0
  4895                           
  4896 ;; *************** function _UART2_Write *****************
  4897 ;; Defined at:
  4898 ;;		line 134 in file "Uarts.c"
  4899 ;; Parameters:    Size  Location     Type
  4900 ;;  dato            1    wreg     unsigned char 
  4901 ;; Auto vars:     Size  Location     Type
  4902 ;;  dato            1    4[COMRAM] unsigned char 
  4903 ;;  g               2    5[COMRAM] unsigned short 
  4904 ;; Return value:  Size  Location     Type
  4905 ;;                  1    wreg      void 
  4906 ;; Registers used:
  4907 ;;		wreg, status,2, status,0
  4908 ;; Tracked objects:
  4909 ;;		On entry : 0/0
  4910 ;;		On exit  : 0/0
  4911 ;;		Unchanged: 0/0
  4912 ;; Data sizes:     COMRAM   BANK0   BANK1   BANK2   BANK3   BANK4   BANK5   BANK6   BANK7   BANK8   BANK9  BANK10  BANK1
      +1  BANK12  BANK13  BANK14  BANK15
  4913 ;;      Params:         0       0       0       0       0       0       0       0       0       0       0       0       
      +0       0       0       0       0
  4914 ;;      Locals:         3       0       0       0       0       0       0       0       0       0       0       0       
      +0       0       0       0       0
  4915 ;;      Temps:          0       0       0       0       0       0       0       0       0       0       0       0       
      +0       0       0       0       0
  4916 ;;      Totals:         3       0       0       0       0       0       0       0       0       0       0       0       
      +0       0       0       0       0
  4917 ;;Total ram usage:        3 bytes
  4918 ;; Hardware stack levels used: 1
  4919 ;; Hardware stack levels required when called: 2
  4920 ;; This function calls:
  4921 ;;		Nothing
  4922 ;; This function is called by:
  4923 ;;		_UART2_WriteString
  4924 ;;		_Write_X0
  4925 ;;		_Write_X4
  4926 ;; This function uses a non-reentrant model
  4927 ;;
  4928                           
  4929                           	psect	text9
  4930   002AB4                     __ptext9:
  4931                           	callstack 0
  4932   002AB4                     _UART2_Write:
  4933                           	callstack 25
  4934                           
  4935                           ;incstack = 0
  4936                           ;UART2_Write@dato stored from wreg
  4937   002AB4  6E05               	movwf	UART2_Write@dato^0,c
  4938   002AB6                     
  4939                           ;Uarts.c: 135:     uint16_t g = 0;
  4940   002AB6  0E00               	movlw	0
  4941   002AB8  6E07               	movwf	(UART2_Write@g+1)^0,c
  4942   002ABA  0E00               	movlw	0
  4943   002ABC  6E06               	movwf	UART2_Write@g^0,c
  4944                           
  4945                           ;Uarts.c: 136:     while (!PIR3bits.TX2IF && ++g) {
  4946   002ABE  EF62  F015         	goto	l434
  4947   002AC2                     l435:
  4948   002AC2  0004               	clrwdt		;# 
  4949   002AC4                     l434:
  4950                           
  4951                           ;Uarts.c: 136:     while (!PIR3bits.TX2IF && ++g) {
  4952   002AC4  B8A4               	btfsc	164,4,c	;volatile
  4953   002AC6  EF67  F015         	goto	u2251
  4954   002ACA  EF69  F015         	goto	u2250
  4955   002ACE                     u2251:
  4956   002ACE  EF74  F015         	goto	l438
  4957   002AD2                     u2250:
  4958   002AD2  4A06               	infsnz	UART2_Write@g^0,f,c
  4959   002AD4  2A07               	incf	(UART2_Write@g+1)^0,f,c
  4960   002AD6  5006               	movf	UART2_Write@g^0,w,c
  4961   002AD8  1007               	iorwf	(UART2_Write@g+1)^0,w,c
  4962   002ADA  A4D8               	btfss	status,2,c
  4963   002ADC  EF72  F015         	goto	u2261
  4964   002AE0  EF74  F015         	goto	u2260
  4965   002AE4                     u2261:
  4966   002AE4  EF61  F015         	goto	l435
  4967   002AE8                     u2260:
  4968   002AE8                     l438:
  4969                           
  4970                           ;Uarts.c: 139:     TXREG2 = dato;
  4971   002AE8  C005  FF73         	movff	UART2_Write@dato,3955	;volatile
  4972   002AEC                     
  4973                           ;Uarts.c: 140:     g = 0;
  4974   002AEC  0E00               	movlw	0
  4975   002AEE  6E07               	movwf	(UART2_Write@g+1)^0,c
  4976   002AF0  0E00               	movlw	0
  4977   002AF2  6E06               	movwf	UART2_Write@g^0,c
  4978                           
  4979                           ;Uarts.c: 141:     while (!PIR3bits.TX2IF && ++g) {
  4980   002AF4  EF7D  F015         	goto	l439
  4981   002AF8                     l440:
  4982   002AF8  0004               	clrwdt		;# 
  4983   002AFA                     l439:
  4984                           
  4985                           ;Uarts.c: 141:     while (!PIR3bits.TX2IF && ++g) {
  4986   002AFA  B8A4               	btfsc	164,4,c	;volatile
  4987   002AFC  EF82  F015         	goto	u2271
  4988   002B00  EF84  F015         	goto	u2270
  4989   002B04                     u2271:
  4990   002B04  EF8F  F015         	goto	l3122
  4991   002B08                     u2270:
  4992   002B08  4A06               	infsnz	UART2_Write@g^0,f,c
  4993   002B0A  2A07               	incf	(UART2_Write@g+1)^0,f,c
  4994   002B0C  5006               	movf	UART2_Write@g^0,w,c
  4995   002B0E  1007               	iorwf	(UART2_Write@g+1)^0,w,c
  4996   002B10  A4D8               	btfss	status,2,c
  4997   002B12  EF8D  F015         	goto	u2281
  4998   002B16  EF8F  F015         	goto	u2280
  4999   002B1A                     u2281:
  5000   002B1A  EF7C  F015         	goto	l440
  5001   002B1E                     u2280:
  5002   002B1E                     l3122:
  5003                           
  5004                           ;Uarts.c: 144:     g = 0;
  5005   002B1E  0E00               	movlw	0
  5006   002B20  6E07               	movwf	(UART2_Write@g+1)^0,c
  5007   002B22  0E00               	movlw	0
  5008   002B24  6E06               	movwf	UART2_Write@g^0,c
  5009                           
  5010                           ;Uarts.c: 145:     while (!TXSTA2bits.TRMT && ++g) {
  5011   002B26  EF96  F015         	goto	l444
  5012   002B2A                     l445:
  5013   002B2A  0004               	clrwdt		;# 
  5014   002B2C                     l444:
  5015                           
  5016                           ;Uarts.c: 145:     while (!TXSTA2bits.TRMT && ++g) {
  5017   002B2C  B272               	btfsc	114,1,c	;volatile
  5018   002B2E  EF9B  F015         	goto	u2291
  5019   002B32  EF9D  F015         	goto	u2290
  5020   002B36                     u2291:
  5021   002B36  EFA8  F015         	goto	l449
  5022   002B3A                     u2290:
  5023   002B3A  4A06               	infsnz	UART2_Write@g^0,f,c
  5024   002B3C  2A07               	incf	(UART2_Write@g+1)^0,f,c
  5025   002B3E  5006               	movf	UART2_Write@g^0,w,c
  5026   002B40  1007               	iorwf	(UART2_Write@g+1)^0,w,c
  5027   002B42  A4D8               	btfss	status,2,c
  5028   002B44  EFA6  F015         	goto	u2301
  5029   002B48  EFA8  F015         	goto	u2300
  5030   002B4C                     u2301:
  5031   002B4C  EF95  F015         	goto	l445
  5032   002B50                     u2300:
  5033   002B50                     l449:
  5034   002B50  0012               	return		;funcret
  5035   002B52                     __end_of_UART2_Write:
  5036                           	callstack 0
  5037                           
  5038 ;; *************** function _Leer_1Bit *****************
  5039 ;; Defined at:
  5040 ;;		line 162 in file "Kinco.c"
  5041 ;; Parameters:    Size  Location     Type
  5042 ;;  Direccion       2    4[COMRAM] unsigned int 
  5043 ;; Auto vars:     Size  Location     Type
  5044 ;;		None
  5045 ;; Return value:  Size  Location     Type
  5046 ;;                  1    wreg      unsigned char 
  5047 ;; Registers used:
  5048 ;;		wreg, fsr2l, fsr2h, status,2, status,0
  5049 ;; Tracked objects:
  5050 ;;		On entry : 0/0
  5051 ;;		On exit  : 0/0
  5052 ;;		Unchanged: 0/0
  5053 ;; Data sizes:     COMRAM   BANK0   BANK1   BANK2   BANK3   BANK4   BANK5   BANK6   BANK7   BANK8   BANK9  BANK10  BANK1
      +1  BANK12  BANK13  BANK14  BANK15
  5054 ;;      Params:         2       0       0       0       0       0       0       0       0       0       0       0       
      +0       0       0       0       0
  5055 ;;      Locals:         0       0       0       0       0       0       0       0       0       0       0       0       
      +0       0       0       0       0
  5056 ;;      Temps:          0       0       0       0       0       0       0       0       0       0       0       0       
      +0       0       0       0       0
  5057 ;;      Totals:         2       0       0       0       0       0       0       0       0       0       0       0       
      +0       0       0       0       0
  5058 ;;Total ram usage:        2 bytes
  5059 ;; Hardware stack levels used: 1
  5060 ;; Hardware stack levels required when called: 2
  5061 ;; This function calls:
  5062 ;;		Nothing
  5063 ;; This function is called by:
  5064 ;;		_Read_X0
  5065 ;; This function uses a non-reentrant model
  5066 ;;
  5067                           
  5068                           	psect	text10
  5069   003448                     __ptext10:
  5070                           	callstack 0
  5071   003448                     _Leer_1Bit:
  5072                           	callstack 25
  5073   003448                     
  5074                           ;Kinco.c: 163:     if (Direccion < 11 + 1) {
  5075   003448  5006               	movf	(Leer_1Bit@Direccion+1)^0,w,c
  5076   00344A  E107               	bnz	u2351
  5077   00344C  0E0C               	movlw	12
  5078   00344E  5C05               	subwf	Leer_1Bit@Direccion^0,w,c
  5079   003450  B0D8               	btfsc	status,0,c
  5080   003452  EF2D  F01A         	goto	u2351
  5081   003456  EF2F  F01A         	goto	u2350
  5082   00345A                     u2351:
  5083   00345A  EF36  F01A         	goto	l3162
  5084   00345E                     u2350:
  5085   00345E                     
  5086                           ;Kinco.c: 164:         return Gasificado.Control[Direccion];
  5087   00345E  5005               	movf	Leer_1Bit@Direccion^0,w,c
  5088   003460  0F60               	addlw	low _Gasificado
  5089   003462  6ED9               	movwf	fsr2l,c
  5090   003464  6ADA               	clrf	fsr2h,c
  5091   003466  50DF               	movf	indf2,w,c
  5092   003468  EF37  F01A         	goto	l631
  5093   00346C                     l3162:
  5094                           
  5095                           ;Kinco.c: 166:     return 0;
  5096   00346C  0E00               	movlw	0
  5097   00346E                     l631:
  5098   00346E  0012               	return		;funcret
  5099   003470                     __end_of_Leer_1Bit:
  5100                           	callstack 0
  5101                           
  5102 ;; *************** function _HexToNum *****************
  5103 ;; Defined at:
  5104 ;;		line 176 in file "Kinco.c"
  5105 ;; Parameters:    Size  Location     Type
  5106 ;;  c               1    wreg     unsigned char 
  5107 ;; Auto vars:     Size  Location     Type
  5108 ;;  c               1    4[COMRAM] unsigned char 
  5109 ;; Return value:  Size  Location     Type
  5110 ;;                  1    wreg      unsigned char 
  5111 ;; Registers used:
  5112 ;;		wreg, status,2, status,0
  5113 ;; Tracked objects:
  5114 ;;		On entry : 0/0
  5115 ;;		On exit  : 0/0
  5116 ;;		Unchanged: 0/0
  5117 ;; Data sizes:     COMRAM   BANK0   BANK1   BANK2   BANK3   BANK4   BANK5   BANK6   BANK7   BANK8   BANK9  BANK10  BANK1
      +1  BANK12  BANK13  BANK14  BANK15
  5118 ;;      Params:         0       0       0       0       0       0       0       0       0       0       0       0       
      +0       0       0       0       0
  5119 ;;      Locals:         1       0       0       0       0       0       0       0       0       0       0       0       
      +0       0       0       0       0
  5120 ;;      Temps:          0       0       0       0       0       0       0       0       0       0       0       0       
      +0       0       0       0       0
  5121 ;;      Totals:         1       0       0       0       0       0       0       0       0       0       0       0       
      +0       0       0       0       0
  5122 ;;Total ram usage:        1 bytes
  5123 ;; Hardware stack levels used: 1
  5124 ;; Hardware stack levels required when called: 2
  5125 ;; This function calls:
  5126 ;;		Nothing
  5127 ;; This function is called by:
  5128 ;;		_Read_Cmd
  5129 ;; This function uses a non-reentrant model
  5130 ;;
  5131                           
  5132                           	psect	text11
  5133   002FDE                     __ptext11:
  5134                           	callstack 0
  5135   002FDE                     _HexToNum:
  5136                           	callstack 26
  5137                           
  5138                           ;incstack = 0
  5139                           ;HexToNum@c stored from wreg
  5140   002FDE  6E05               	movwf	HexToNum@c^0,c
  5141   002FE0                     
  5142                           ;Kinco.c: 177:     if (c >= '0' && c <= '9') return (unsigned char) (c - '0');
  5143   002FE0  0E2F               	movlw	47
  5144   002FE2  6405               	cpfsgt	HexToNum@c^0,c
  5145   002FE4  EFF6  F017         	goto	u2501
  5146   002FE8  EFF8  F017         	goto	u2500
  5147   002FEC                     u2501:
  5148   002FEC  EF04  F018         	goto	l3250
  5149   002FF0                     u2500:
  5150   002FF0  0E3A               	movlw	58
  5151   002FF2  6005               	cpfslt	HexToNum@c^0,c
  5152   002FF4  EFFE  F017         	goto	u2511
  5153   002FF8  EF00  F018         	goto	u2510
  5154   002FFC                     u2511:
  5155   002FFC  EF04  F018         	goto	l3250
  5156   003000                     u2510:
  5157   003000  5005               	movf	HexToNum@c^0,w,c
  5158   003002  0FD0               	addlw	208
  5159   003004  EF2D  F018         	goto	l639
  5160   003008                     l3250:
  5161                           
  5162                           ;Kinco.c: 178:     if (c >= 'A' && c <= 'F') return (unsigned char) (c - 'A' + 10);
  5163   003008  0E40               	movlw	64
  5164   00300A  6405               	cpfsgt	HexToNum@c^0,c
  5165   00300C  EF0A  F018         	goto	u2521
  5166   003010  EF0C  F018         	goto	u2520
  5167   003014                     u2521:
  5168   003014  EF18  F018         	goto	l3258
  5169   003018                     u2520:
  5170   003018  0E47               	movlw	71
  5171   00301A  6005               	cpfslt	HexToNum@c^0,c
  5172   00301C  EF12  F018         	goto	u2531
  5173   003020  EF14  F018         	goto	u2530
  5174   003024                     u2531:
  5175   003024  EF18  F018         	goto	l3258
  5176   003028                     u2530:
  5177   003028  5005               	movf	HexToNum@c^0,w,c
  5178   00302A  0FC9               	addlw	201
  5179   00302C  EF2D  F018         	goto	l639
  5180   003030                     l3258:
  5181                           
  5182                           ;Kinco.c: 179:     if (c >= 'a' && c <= 'f') return (unsigned char) (c - 'a' + 10);
  5183   003030  0E60               	movlw	96
  5184   003032  6405               	cpfsgt	HexToNum@c^0,c
  5185   003034  EF1E  F018         	goto	u2541
  5186   003038  EF20  F018         	goto	u2540
  5187   00303C                     u2541:
  5188   00303C  EF2C  F018         	goto	l3266
  5189   003040                     u2540:
  5190   003040  0E67               	movlw	103
  5191   003042  6005               	cpfslt	HexToNum@c^0,c
  5192   003044  EF26  F018         	goto	u2551
  5193   003048  EF28  F018         	goto	u2550
  5194   00304C                     u2551:
  5195   00304C  EF2C  F018         	goto	l3266
  5196   003050                     u2550:
  5197   003050  5005               	movf	HexToNum@c^0,w,c
  5198   003052  0FA9               	addlw	169
  5199   003054  EF2D  F018         	goto	l639
  5200   003058                     l3266:
  5201                           
  5202                           ;Kinco.c: 180:     return 0;
  5203   003058  0E00               	movlw	0
  5204   00305A                     l639:
  5205   00305A  0012               	return		;funcret
  5206   00305C                     __end_of_HexToNum:
  5207                           	callstack 0
  5208                           
  5209 ;; *************** function _Get_Comando *****************
  5210 ;; Defined at:
  5211 ;;		line 6 in file "Comandos.c"
  5212 ;; Parameters:    Size  Location     Type
  5213 ;;  Data            2   29[COMRAM] PTR unsigned char 
  5214 ;;		 -> Buffer_U1(101), 
  5215 ;; Auto vars:     Size  Location     Type
  5216 ;;  uE              2   62[COMRAM] unsigned int 
  5217 ;;  i               2   65[COMRAM] int 
  5218 ;;  iBuffer        20   34[COMRAM] int [10]
  5219 ;;  rEthy           4   58[COMRAM] float 
  5220 ;;  iCntEthy        2   56[COMRAM] int 
  5221 ;;  Index           2   54[COMRAM] int 
  5222 ;;  cFlagEthy       1   64[COMRAM] unsigned char 
  5223 ;;  Len             1    0        unsigned char 
  5224 ;; Return value:  Size  Location     Type
  5225 ;;                  1    wreg      void 
  5226 ;; Registers used:
  5227 ;;		wreg, fsr2l, fsr2h, status,2, status,0, tblptrl, tblptrh, tblptru, prodl, prodh, cstack
  5228 ;; Tracked objects:
  5229 ;;		On entry : 0/0
  5230 ;;		On exit  : 0/0
  5231 ;;		Unchanged: 0/0
  5232 ;; Data sizes:     COMRAM   BANK0   BANK1   BANK2   BANK3   BANK4   BANK5   BANK6   BANK7   BANK8   BANK9  BANK10  BANK1
      +1  BANK12  BANK13  BANK14  BANK15
  5233 ;;      Params:         2       0       0       0       0       0       0       0       0       0       0       0       
      +0       0       0       0       0
  5234 ;;      Locals:        33       0       0       0       0       0       0       0       0       0       0       0       
      +0       0       0       0       0
  5235 ;;      Temps:          3       0       0       0       0       0       0       0       0       0       0       0       
      +0       0       0       0       0
  5236 ;;      Totals:        38       0       0       0       0       0       0       0       0       0       0       0       
      +0       0       0       0       0
  5237 ;;Total ram usage:       38 bytes
  5238 ;; Hardware stack levels used: 1
  5239 ;; Hardware stack levels required when called: 4
  5240 ;; This function calls:
  5241 ;;		_IndexOf_Str
  5242 ;;		_Set_Led_Conectado
  5243 ;;		_Texto_Length
  5244 ;;		___fldiv
  5245 ;;		___fltol
  5246 ;;		___xxtofl
  5247 ;; This function is called by:
  5248 ;;		_UART_Read
  5249 ;; This function uses a non-reentrant model
  5250 ;;
  5251                           
  5252                           	psect	text12
  5253   001E64                     __ptext12:
  5254                           	callstack 0
  5255   001E64                     _Get_Comando:
  5256                           	callstack 25
  5257   001E64                     
  5258                           ;Comandos.c: 8:     int iCntEthy = 0;
  5259   001E64  0E00               	movlw	0
  5260   001E66  6E3A               	movwf	(Get_Comando@iCntEthy+1)^0,c
  5261   001E68  0E00               	movlw	0
  5262   001E6A  6E39               	movwf	Get_Comando@iCntEthy^0,c
  5263   001E6C                     
  5264                           ;Comandos.c: 9:     char cFlagEthy = 0;
  5265   001E6C  6A41               	clrf	Get_Comando@cFlagEthy^0,c
  5266                           
  5267                           ;Comandos.c: 10:     int iBuffer[10];;Comandos.c: 11:     for (int i = 0; i < Length_U1;
      +                           i++) {
  5268   001E6E  0E00               	movlw	0
  5269   001E70  6E43               	movwf	(Get_Comando@i+1)^0,c
  5270   001E72  0E00               	movlw	0
  5271   001E74  6E42               	movwf	Get_Comando@i^0,c
  5272   001E76  EF6E  F00F         	goto	l3624
  5273   001E7A                     l3612:
  5274                           
  5275                           ; BSR set to: 0
  5276                           ;Comandos.c: 12:         if (Buffer_U2[i] == 0x20) cFlagEthy = 1;
  5277   001E7A  0E00               	movlw	low _Buffer_U2
  5278   001E7C  2442               	addwf	Get_Comando@i^0,w,c
  5279   001E7E  6ED9               	movwf	fsr2l,c
  5280   001E80  0E02               	movlw	high _Buffer_U2
  5281   001E82  2043               	addwfc	(Get_Comando@i+1)^0,w,c
  5282   001E84  6EDA               	movwf	fsr2h,c
  5283   001E86  0E20               	movlw	32
  5284   001E88  18DE               	xorwf	postinc2,w,c
  5285   001E8A  A4D8               	btfss	status,2,c
  5286   001E8C  EF4A  F00F         	goto	u3051
  5287   001E90  EF4C  F00F         	goto	u3050
  5288   001E94                     u3051:
  5289   001E94  EF4E  F00F         	goto	l3616
  5290   001E98                     u3050:
  5291   001E98                     
  5292                           ; BSR set to: 0
  5293   001E98  0E01               	movlw	1
  5294   001E9A  6E41               	movwf	Get_Comando@cFlagEthy^0,c
  5295   001E9C                     l3616:
  5296                           
  5297                           ; BSR set to: 0
  5298                           ;Comandos.c: 13:         if (cFlagEthy == 1) {
  5299   001E9C  0441               	decf	Get_Comando@cFlagEthy^0,w,c
  5300   001E9E  A4D8               	btfss	status,2,c
  5301   001EA0  EF54  F00F         	goto	u3061
  5302   001EA4  EF56  F00F         	goto	u3060
  5303   001EA8                     u3061:
  5304   001EA8  EF6B  F00F         	goto	l534
  5305   001EAC                     u3060:
  5306   001EAC                     
  5307                           ; BSR set to: 0
  5308                           ;Comandos.c: 14:             iBuffer[iCntEthy] = Buffer_U2[i];
  5309   001EAC  0E00               	movlw	low _Buffer_U2
  5310   001EAE  2442               	addwf	Get_Comando@i^0,w,c
  5311   001EB0  6ED9               	movwf	fsr2l,c
  5312   001EB2  0E02               	movlw	high _Buffer_U2
  5313   001EB4  2043               	addwfc	(Get_Comando@i+1)^0,w,c
  5314   001EB6  6EDA               	movwf	fsr2h,c
  5315   001EB8  50DF               	movf	indf2,w,c
  5316   001EBA  6E20               	movwf	??_Get_Comando^0,c
  5317   001EBC  6A21               	clrf	(??_Get_Comando+1)^0,c
  5318   001EBE  5039               	movf	Get_Comando@iCntEthy^0,w,c
  5319   001EC0  0D02               	mullw	2
  5320   001EC2  50F3               	movf	243,w,c
  5321   001EC4  0F23               	addlw	low Get_Comando@iBuffer
  5322   001EC6  6ED9               	movwf	fsr2l,c
  5323   001EC8  6ADA               	clrf	fsr2h,c
  5324   001ECA  C020  FFDE         	movff	??_Get_Comando,postinc2
  5325   001ECE  C021  FFDD         	movff	??_Get_Comando+1,postdec2
  5326   001ED2                     
  5327                           ; BSR set to: 0
  5328                           ;Comandos.c: 15:             iCntEthy++;
  5329   001ED2  4A39               	infsnz	Get_Comando@iCntEthy^0,f,c
  5330   001ED4  2A3A               	incf	(Get_Comando@iCntEthy+1)^0,f,c
  5331   001ED6                     l534:
  5332                           
  5333                           ; BSR set to: 0
  5334   001ED6  0004               	clrwdt		;# 
  5335   001ED8                     
  5336                           ;Comandos.c: 18:     }
  5337   001ED8  4A42               	infsnz	Get_Comando@i^0,f,c
  5338   001EDA  2A43               	incf	(Get_Comando@i+1)^0,f,c
  5339   001EDC                     l3624:
  5340   001EDC  0100               	movlb	0	; () banked
  5341   001EDE  5198               	movf	_Length_U1& (0+255),w,b
  5342   001EE0  6E20               	movwf	??_Get_Comando^0,c
  5343   001EE2  6A21               	clrf	(??_Get_Comando+1)^0,c
  5344   001EE4  5020               	movf	??_Get_Comando^0,w,c
  5345   001EE6  5C42               	subwf	Get_Comando@i^0,w,c
  5346   001EE8  5043               	movf	(Get_Comando@i+1)^0,w,c
  5347   001EEA  0A80               	xorlw	128
  5348   001EEC  6E22               	movwf	(??_Get_Comando+2)^0,c
  5349   001EEE  5021               	movf	(??_Get_Comando+1)^0,w,c
  5350   001EF0  0A80               	xorlw	128
  5351   001EF2  5822               	subwfb	(??_Get_Comando+2)^0,w,c
  5352   001EF4  A0D8               	btfss	status,0,c
  5353   001EF6  EF7F  F00F         	goto	u3071
  5354   001EFA  EF81  F00F         	goto	u3070
  5355   001EFE                     u3071:
  5356   001EFE  EF3D  F00F         	goto	l3612
  5357   001F02                     u3070:
  5358   001F02                     
  5359                           ; BSR set to: 0
  5360                           ;Comandos.c: 19:     if (cFlagEthy == 1) {
  5361   001F02  0441               	decf	Get_Comando@cFlagEthy^0,w,c
  5362   001F04  A4D8               	btfss	status,2,c
  5363   001F06  EF87  F00F         	goto	u3081
  5364   001F0A  EF89  F00F         	goto	u3080
  5365   001F0E                     u3081:
  5366   001F0E  EFD3  F00F         	goto	l3640
  5367   001F12                     u3080:
  5368   001F12                     
  5369                           ; BSR set to: 0
  5370                           ;Comandos.c: 20:         unsigned int uE = (unsigned int) iBuffer[3];
  5371   001F12  C029  F03F         	movff	Get_Comando@iBuffer+6,Get_Comando@uE
  5372   001F16  C02A  F040         	movff	Get_Comando@iBuffer+7,Get_Comando@uE+1
  5373   001F1A                     
  5374                           ; BSR set to: 0
  5375                           ;Comandos.c: 21:         uE = uE << 8;
  5376   001F1A  503F               	movf	Get_Comando@uE^0,w,c
  5377   001F1C  6E40               	movwf	(Get_Comando@uE+1)^0,c
  5378   001F1E  6A3F               	clrf	Get_Comando@uE^0,c
  5379   001F20                     
  5380                           ; BSR set to: 0
  5381                           ;Comandos.c: 22:         uE |= (unsigned int) iBuffer[2];
  5382   001F20  EE20  F027         	lfsr	2,Get_Comando@iBuffer+4
  5383   001F24  50DE               	movf	postinc2,w,c
  5384   001F26  123F               	iorwf	Get_Comando@uE^0,f,c
  5385   001F28  50DD               	movf	postdec2,w,c
  5386   001F2A  1240               	iorwf	(Get_Comando@uE+1)^0,f,c
  5387   001F2C                     
  5388                           ; BSR set to: 0
  5389                           ;Comandos.c: 23:         rEthy = uE;
  5390   001F2C  C03F  F005         	movff	Get_Comando@uE,___xxtofl@val
  5391   001F30  C040  F006         	movff	Get_Comando@uE+1,___xxtofl@val+1
  5392   001F34  6A07               	clrf	(___xxtofl@val+2)^0,c
  5393   001F36  6A08               	clrf	(___xxtofl@val+3)^0,c
  5394   001F38  0E00               	movlw	0
  5395   001F3A  EC82  F00D         	call	___xxtofl
  5396   001F3E  C005  F03B         	movff	?___xxtofl,Get_Comando@rEthy
  5397   001F42  C006  F03C         	movff	?___xxtofl+1,Get_Comando@rEthy+1
  5398   001F46  C007  F03D         	movff	?___xxtofl+2,Get_Comando@rEthy+2
  5399   001F4A  C008  F03E         	movff	?___xxtofl+3,Get_Comando@rEthy+3
  5400   001F4E                     
  5401                           ;Comandos.c: 24:         rEthy /= 10;
  5402   001F4E  C03B  F005         	movff	Get_Comando@rEthy,___fldiv@b
  5403   001F52  C03C  F006         	movff	Get_Comando@rEthy+1,___fldiv@b+1
  5404   001F56  C03D  F007         	movff	Get_Comando@rEthy+2,___fldiv@b+2
  5405   001F5A  C03E  F008         	movff	Get_Comando@rEthy+3,___fldiv@b+3
  5406   001F5E  0E00               	movlw	0
  5407   001F60  6E09               	movwf	___fldiv@a^0,c
  5408   001F62  0E00               	movlw	0
  5409   001F64  6E0A               	movwf	(___fldiv@a+1)^0,c
  5410   001F66  0E20               	movlw	32
  5411   001F68  6E0B               	movwf	(___fldiv@a+2)^0,c
  5412   001F6A  0E41               	movlw	65
  5413   001F6C  6E0C               	movwf	(___fldiv@a+3)^0,c
  5414   001F6E  ECD5  F00A         	call	___fldiv	;wreg free
  5415   001F72  C005  F03B         	movff	?___fldiv,Get_Comando@rEthy
  5416   001F76  C006  F03C         	movff	?___fldiv+1,Get_Comando@rEthy+1
  5417   001F7A  C007  F03D         	movff	?___fldiv+2,Get_Comando@rEthy+2
  5418   001F7E  C008  F03E         	movff	?___fldiv+3,Get_Comando@rEthy+3
  5419   001F82                     
  5420                           ;Comandos.c: 25:         PPM = (int16_t)rEthy + 1;
  5421   001F82  C03B  F005         	movff	Get_Comando@rEthy,___fltol@f1
  5422   001F86  C03C  F006         	movff	Get_Comando@rEthy+1,___fltol@f1+1
  5423   001F8A  C03D  F007         	movff	Get_Comando@rEthy+2,___fltol@f1+2
  5424   001F8E  C03E  F008         	movff	Get_Comando@rEthy+3,___fltol@f1+3
  5425   001F92  ECAF  F010         	call	___fltol	;wreg free
  5426   001F96  0E01               	movlw	1
  5427   001F98  2405               	addwf	?___fltol^0,w,c
  5428   001F9A  0100               	movlb	0	; () banked
  5429   001F9C  6F86               	movwf	_PPM& (0+255),b
  5430   001F9E  0E00               	movlw	0
  5431   001FA0  2006               	addwfc	(?___fltol+1)^0,w,c
  5432   001FA2  6F87               	movwf	(_PPM+1)& (0+255),b
  5433   001FA4  0004               	clrwdt		;# 
  5434   001FA6                     l3640:
  5435   001FA6  C01E  F005         	movff	Get_Comando@Data,Texto_Length@texto
  5436   001FAA  C01F  F006         	movff	Get_Comando@Data+1,Texto_Length@texto+1
  5437   001FAE  ECBF  F019         	call	_Texto_Length	;wreg free
  5438   001FB2                     
  5439                           ;Comandos.c: 30:     int Index = IndexOf_Str(Data, "MOD_RELE:");
  5440   001FB2  C01E  F008         	movff	Get_Comando@Data,IndexOf_Str@buf
  5441   001FB6  C01F  F009         	movff	Get_Comando@Data+1,IndexOf_Str@buf+1
  5442   001FBA  0E44               	movlw	low STR_1
  5443   001FBC  6E0A               	movwf	IndexOf_Str@patron^0,c
  5444   001FBE  EC32  F011         	call	_IndexOf_Str	;wreg free
  5445   001FC2  6E37               	movwf	Get_Comando@Index^0,c
  5446   001FC4  6A38               	clrf	(Get_Comando@Index+1)^0,c
  5447   001FC6  BE37               	btfsc	Get_Comando@Index^0,7,c
  5448   001FC8  0638               	decf	(Get_Comando@Index+1)^0,f,c
  5449   001FCA                     
  5450                           ;Comandos.c: 31:     if (Index >= 0) {
  5451   001FCA  BE38               	btfsc	(Get_Comando@Index+1)^0,7,c
  5452   001FCC  EFEA  F00F         	goto	u3091
  5453   001FD0  EFEC  F00F         	goto	u3090
  5454   001FD4                     u3091:
  5455   001FD4  EFFC  F00F         	goto	l539
  5456   001FD8                     u3090:
  5457   001FD8                     
  5458                           ;Comandos.c: 32:         Valor_Salida = (unsigned char)Data;
  5459   001FD8  C01E  F058         	movff	Get_Comando@Data,_Valor_Salida
  5460   001FDC                     
  5461                           ;Comandos.c: 33:         if(M_Led == 0) Set_Led_Conectado();
  5462   001FDC  5059               	movf	_M_Led^0,w,c
  5463   001FDE  A4D8               	btfss	status,2,c
  5464   001FE0  EFF4  F00F         	goto	u3101
  5465   001FE4  EFF6  F00F         	goto	u3100
  5466   001FE8                     u3101:
  5467   001FE8  EFF8  F00F         	goto	l3652
  5468   001FEC                     u3100:
  5469   001FEC  EC56  F01A         	call	_Set_Led_Conectado	;wreg free
  5470   001FF0                     l3652:
  5471                           
  5472                           ;Comandos.c: 34:         M_Led = 1;
  5473   001FF0  0E01               	movlw	1
  5474   001FF2  6E59               	movwf	_M_Led^0,c
  5475   001FF4                     
  5476                           ;Comandos.c: 35:         Z_Led = 0;
  5477   001FF4  0100               	movlb	0	; () banked
  5478   001FF6  6B92               	clrf	_Z_Led& (0+255),b
  5479   001FF8                     l539:
  5480   001FF8  0012               	return		;funcret
  5481   001FFA                     __end_of_Get_Comando:
  5482                           	callstack 0
  5483                           
  5484 ;; *************** function ___xxtofl *****************
  5485 ;; Defined at:
  5486 ;;		line 10 in file "C:\Program Files\Microchip\xc8\v3.00\pic\sources\c99\common\xxtofl.c"
  5487 ;; Parameters:    Size  Location     Type
  5488 ;;  sign            1    wreg     unsigned char 
  5489 ;;  val             4    4[COMRAM] long 
  5490 ;; Auto vars:     Size  Location     Type
  5491 ;;  sign            1   12[COMRAM] unsigned char 
  5492 ;;  arg             4   14[COMRAM] unsigned long 
  5493 ;;  exp             1   13[COMRAM] unsigned char 
  5494 ;; Return value:  Size  Location     Type
  5495 ;;                  4    4[COMRAM] unsigned char 
  5496 ;; Registers used:
  5497 ;;		wreg, status,2, status,0
  5498 ;; Tracked objects:
  5499 ;;		On entry : 0/0
  5500 ;;		On exit  : 0/0
  5501 ;;		Unchanged: 0/0
  5502 ;; Data sizes:     COMRAM   BANK0   BANK1   BANK2   BANK3   BANK4   BANK5   BANK6   BANK7   BANK8   BANK9  BANK10  BANK1
      +1  BANK12  BANK13  BANK14  BANK15
  5503 ;;      Params:         4       0       0       0       0       0       0       0       0       0       0       0       
      +0       0       0       0       0
  5504 ;;      Locals:         6       0       0       0       0       0       0       0       0       0       0       0       
      +0       0       0       0       0
  5505 ;;      Temps:          4       0       0       0       0       0       0       0       0       0       0       0       
      +0       0       0       0       0
  5506 ;;      Totals:        14       0       0       0       0       0       0       0       0       0       0       0       
      +0       0       0       0       0
  5507 ;;Total ram usage:       14 bytes
  5508 ;; Hardware stack levels used: 1
  5509 ;; Hardware stack levels required when called: 2
  5510 ;; This function calls:
  5511 ;;		Nothing
  5512 ;; This function is called by:
  5513 ;;		_Get_Comando
  5514 ;; This function uses a non-reentrant model
  5515 ;;
  5516                           
  5517                           	psect	text13
  5518   001B04                     __ptext13:
  5519                           	callstack 0
  5520   001B04                     ___xxtofl:
  5521                           	callstack 26
  5522                           
  5523                           ;incstack = 0
  5524                           ;___xxtofl@sign stored from wreg
  5525   001B04  6E0D               	movwf	___xxtofl@sign^0,c
  5526   001B06  500D               	movf	___xxtofl@sign^0,w,c
  5527   001B08  B4D8               	btfsc	status,2,c
  5528   001B0A  EF89  F00D         	goto	u2951
  5529   001B0E  EF8B  F00D         	goto	u2950
  5530   001B12                     u2951:
  5531   001B12  EFAD  F00D         	goto	l1359
  5532   001B16                     u2950:
  5533   001B16  BE08               	btfsc	(___xxtofl@val+3)^0,7,c
  5534   001B18  EF92  F00D         	goto	u2960
  5535   001B1C  EF90  F00D         	goto	u2961
  5536   001B20                     u2961:
  5537   001B20  EFAD  F00D         	goto	l1359
  5538   001B24                     u2960:
  5539   001B24  C005  F009         	movff	___xxtofl@val,??___xxtofl
  5540   001B28  C006  F00A         	movff	___xxtofl@val+1,??___xxtofl+1
  5541   001B2C  C007  F00B         	movff	___xxtofl@val+2,??___xxtofl+2
  5542   001B30  C008  F00C         	movff	___xxtofl@val+3,??___xxtofl+3
  5543   001B34  1E09               	comf	??___xxtofl^0,f,c
  5544   001B36  1E0A               	comf	(??___xxtofl+1)^0,f,c
  5545   001B38  1E0B               	comf	(??___xxtofl+2)^0,f,c
  5546   001B3A  1E0C               	comf	(??___xxtofl+3)^0,f,c
  5547   001B3C  2A09               	incf	??___xxtofl^0,f,c
  5548   001B3E  0E00               	movlw	0
  5549   001B40  220A               	addwfc	(??___xxtofl+1)^0,f,c
  5550   001B42  220B               	addwfc	(??___xxtofl+2)^0,f,c
  5551   001B44  220C               	addwfc	(??___xxtofl+3)^0,f,c
  5552   001B46  C009  F00F         	movff	??___xxtofl,___xxtofl@arg
  5553   001B4A  C00A  F010         	movff	??___xxtofl+1,___xxtofl@arg+1
  5554   001B4E  C00B  F011         	movff	??___xxtofl+2,___xxtofl@arg+2
  5555   001B52  C00C  F012         	movff	??___xxtofl+3,___xxtofl@arg+3
  5556   001B56  EFB5  F00D         	goto	l3562
  5557   001B5A                     l1359:
  5558   001B5A  C005  F00F         	movff	___xxtofl@val,___xxtofl@arg
  5559   001B5E  C006  F010         	movff	___xxtofl@val+1,___xxtofl@arg+1
  5560   001B62  C007  F011         	movff	___xxtofl@val+2,___xxtofl@arg+2
  5561   001B66  C008  F012         	movff	___xxtofl@val+3,___xxtofl@arg+3
  5562   001B6A                     l3562:
  5563   001B6A  5005               	movf	___xxtofl@val^0,w,c
  5564   001B6C  1006               	iorwf	(___xxtofl@val+1)^0,w,c
  5565   001B6E  1007               	iorwf	(___xxtofl@val+2)^0,w,c
  5566   001B70  1008               	iorwf	(___xxtofl@val+3)^0,w,c
  5567   001B72  A4D8               	btfss	status,2,c
  5568   001B74  EFBE  F00D         	goto	u2971
  5569   001B78  EFC0  F00D         	goto	u2970
  5570   001B7C                     u2971:
  5571   001B7C  EFCA  F00D         	goto	l3568
  5572   001B80                     u2970:
  5573   001B80  0E00               	movlw	0
  5574   001B82  6E05               	movwf	?___xxtofl^0,c
  5575   001B84  0E00               	movlw	0
  5576   001B86  6E06               	movwf	(?___xxtofl+1)^0,c
  5577   001B88  0E00               	movlw	0
  5578   001B8A  6E07               	movwf	(?___xxtofl+2)^0,c
  5579   001B8C  0E00               	movlw	0
  5580   001B8E  6E08               	movwf	(?___xxtofl+3)^0,c
  5581   001B90  EF5B  F00E         	goto	l1362
  5582   001B94                     l3568:
  5583   001B94  0E96               	movlw	150
  5584   001B96  6E0E               	movwf	___xxtofl@exp^0,c
  5585   001B98  EFD4  F00D         	goto	l3572
  5586   001B9C                     l3570:
  5587   001B9C  2A0E               	incf	___xxtofl@exp^0,f,c
  5588   001B9E  90D8               	bcf	status,0,c
  5589   001BA0  3212               	rrcf	(___xxtofl@arg+3)^0,f,c
  5590   001BA2  3211               	rrcf	(___xxtofl@arg+2)^0,f,c
  5591   001BA4  3210               	rrcf	(___xxtofl@arg+1)^0,f,c
  5592   001BA6  320F               	rrcf	___xxtofl@arg^0,f,c
  5593   001BA8                     l3572:
  5594   001BA8  0E00               	movlw	0
  5595   001BAA  140F               	andwf	___xxtofl@arg^0,w,c
  5596   001BAC  6E09               	movwf	??___xxtofl^0,c
  5597   001BAE  0E00               	movlw	0
  5598   001BB0  1410               	andwf	(___xxtofl@arg+1)^0,w,c
  5599   001BB2  6E0A               	movwf	(??___xxtofl+1)^0,c
  5600   001BB4  0E00               	movlw	0
  5601   001BB6  1411               	andwf	(___xxtofl@arg+2)^0,w,c
  5602   001BB8  6E0B               	movwf	(??___xxtofl+2)^0,c
  5603   001BBA  0EFE               	movlw	254
  5604   001BBC  1412               	andwf	(___xxtofl@arg+3)^0,w,c
  5605   001BBE  6E0C               	movwf	(??___xxtofl+3)^0,c
  5606   001BC0  5009               	movf	??___xxtofl^0,w,c
  5607   001BC2  100A               	iorwf	(??___xxtofl+1)^0,w,c
  5608   001BC4  100B               	iorwf	(??___xxtofl+2)^0,w,c
  5609   001BC6  100C               	iorwf	(??___xxtofl+3)^0,w,c
  5610   001BC8  A4D8               	btfss	status,2,c
  5611   001BCA  EFE9  F00D         	goto	u2981
  5612   001BCE  EFEB  F00D         	goto	u2980
  5613   001BD2                     u2981:
  5614   001BD2  EFCE  F00D         	goto	l3570
  5615   001BD6                     u2980:
  5616   001BD6  EFF9  F00D         	goto	l1366
  5617   001BDA                     l3574:
  5618   001BDA  2A0E               	incf	___xxtofl@exp^0,f,c
  5619   001BDC  0E01               	movlw	1
  5620   001BDE  260F               	addwf	___xxtofl@arg^0,f,c
  5621   001BE0  0E00               	movlw	0
  5622   001BE2  2210               	addwfc	(___xxtofl@arg+1)^0,f,c
  5623   001BE4  2211               	addwfc	(___xxtofl@arg+2)^0,f,c
  5624   001BE6  2212               	addwfc	(___xxtofl@arg+3)^0,f,c
  5625   001BE8  90D8               	bcf	status,0,c
  5626   001BEA  3212               	rrcf	(___xxtofl@arg+3)^0,f,c
  5627   001BEC  3211               	rrcf	(___xxtofl@arg+2)^0,f,c
  5628   001BEE  3210               	rrcf	(___xxtofl@arg+1)^0,f,c
  5629   001BF0  320F               	rrcf	___xxtofl@arg^0,f,c
  5630   001BF2                     l1366:
  5631   001BF2  0E00               	movlw	0
  5632   001BF4  140F               	andwf	___xxtofl@arg^0,w,c
  5633   001BF6  6E09               	movwf	??___xxtofl^0,c
  5634   001BF8  0E00               	movlw	0
  5635   001BFA  1410               	andwf	(___xxtofl@arg+1)^0,w,c
  5636   001BFC  6E0A               	movwf	(??___xxtofl+1)^0,c
  5637   001BFE  0E00               	movlw	0
  5638   001C00  1411               	andwf	(___xxtofl@arg+2)^0,w,c
  5639   001C02  6E0B               	movwf	(??___xxtofl+2)^0,c
  5640   001C04  0EFF               	movlw	255
  5641   001C06  1412               	andwf	(___xxtofl@arg+3)^0,w,c
  5642   001C08  6E0C               	movwf	(??___xxtofl+3)^0,c
  5643   001C0A  5009               	movf	??___xxtofl^0,w,c
  5644   001C0C  100A               	iorwf	(??___xxtofl+1)^0,w,c
  5645   001C0E  100B               	iorwf	(??___xxtofl+2)^0,w,c
  5646   001C10  100C               	iorwf	(??___xxtofl+3)^0,w,c
  5647   001C12  A4D8               	btfss	status,2,c
  5648   001C14  EF0E  F00E         	goto	u2991
  5649   001C18  EF10  F00E         	goto	u2990
  5650   001C1C                     u2991:
  5651   001C1C  EFED  F00D         	goto	l3574
  5652   001C20                     u2990:
  5653   001C20  EF18  F00E         	goto	l3582
  5654   001C24                     l3580:
  5655   001C24  060E               	decf	___xxtofl@exp^0,f,c
  5656   001C26  90D8               	bcf	status,0,c
  5657   001C28  360F               	rlcf	___xxtofl@arg^0,f,c
  5658   001C2A  3610               	rlcf	(___xxtofl@arg+1)^0,f,c
  5659   001C2C  3611               	rlcf	(___xxtofl@arg+2)^0,f,c
  5660   001C2E  3612               	rlcf	(___xxtofl@arg+3)^0,f,c
  5661   001C30                     l3582:
  5662   001C30  BE11               	btfsc	(___xxtofl@arg+2)^0,7,c
  5663   001C32  EF1D  F00E         	goto	u3001
  5664   001C36  EF1F  F00E         	goto	u3000
  5665   001C3A                     u3001:
  5666   001C3A  EF27  F00E         	goto	l1373
  5667   001C3E                     u3000:
  5668   001C3E  0E02               	movlw	2
  5669   001C40  600E               	cpfslt	___xxtofl@exp^0,c
  5670   001C42  EF25  F00E         	goto	u3011
  5671   001C46  EF27  F00E         	goto	u3010
  5672   001C4A                     u3011:
  5673   001C4A  EF12  F00E         	goto	l3580
  5674   001C4E                     u3010:
  5675   001C4E                     l1373:
  5676   001C4E  B00E               	btfsc	___xxtofl@exp^0,0,c
  5677   001C50  EF2C  F00E         	goto	u3021
  5678   001C54  EF2E  F00E         	goto	u3020
  5679   001C58                     u3021:
  5680   001C58  EF2F  F00E         	goto	l3588
  5681   001C5C                     u3020:
  5682   001C5C  9E11               	bcf	(___xxtofl@arg+2)^0,7,c
  5683   001C5E                     l3588:
  5684   001C5E  90D8               	bcf	status,0,c
  5685   001C60  320E               	rrcf	___xxtofl@exp^0,f,c
  5686   001C62  C00E  F009         	movff	___xxtofl@exp,??___xxtofl
  5687   001C66  6A0A               	clrf	(??___xxtofl+1)^0,c
  5688   001C68  6A0B               	clrf	(??___xxtofl+2)^0,c
  5689   001C6A  6A0C               	clrf	(??___xxtofl+3)^0,c
  5690   001C6C  C009  F00C         	movff	??___xxtofl,??___xxtofl+3
  5691   001C70  6A0B               	clrf	(??___xxtofl+2)^0,c
  5692   001C72  6A0A               	clrf	(??___xxtofl+1)^0,c
  5693   001C74  6A09               	clrf	??___xxtofl^0,c
  5694   001C76  5009               	movf	??___xxtofl^0,w,c
  5695   001C78  120F               	iorwf	___xxtofl@arg^0,f,c
  5696   001C7A  500A               	movf	(??___xxtofl+1)^0,w,c
  5697   001C7C  1210               	iorwf	(___xxtofl@arg+1)^0,f,c
  5698   001C7E  500B               	movf	(??___xxtofl+2)^0,w,c
  5699   001C80  1211               	iorwf	(___xxtofl@arg+2)^0,f,c
  5700   001C82  500C               	movf	(??___xxtofl+3)^0,w,c
  5701   001C84  1212               	iorwf	(___xxtofl@arg+3)^0,f,c
  5702   001C86  500D               	movf	___xxtofl@sign^0,w,c
  5703   001C88  B4D8               	btfsc	status,2,c
  5704   001C8A  EF49  F00E         	goto	u3031
  5705   001C8E  EF4B  F00E         	goto	u3030
  5706   001C92                     u3031:
  5707   001C92  EF53  F00E         	goto	l3598
  5708   001C96                     u3030:
  5709   001C96  BE08               	btfsc	(___xxtofl@val+3)^0,7,c
  5710   001C98  EF52  F00E         	goto	u3040
  5711   001C9C  EF50  F00E         	goto	u3041
  5712   001CA0                     u3041:
  5713   001CA0  EF53  F00E         	goto	l3598
  5714   001CA4                     u3040:
  5715   001CA4  8E12               	bsf	(___xxtofl@arg+3)^0,7,c
  5716   001CA6                     l3598:
  5717   001CA6  C00F  F005         	movff	___xxtofl@arg,?___xxtofl
  5718   001CAA  C010  F006         	movff	___xxtofl@arg+1,?___xxtofl+1
  5719   001CAE  C011  F007         	movff	___xxtofl@arg+2,?___xxtofl+2
  5720   001CB2  C012  F008         	movff	___xxtofl@arg+3,?___xxtofl+3
  5721   001CB6                     l1362:
  5722   001CB6  0012               	return		;funcret
  5723   001CB8                     __end_of___xxtofl:
  5724                           	callstack 0
  5725                           
  5726 ;; *************** function ___fltol *****************
  5727 ;; Defined at:
  5728 ;;		line 43 in file "C:\Program Files\Microchip\xc8\v3.00\pic\sources\c99\common\fltol.c"
  5729 ;; Parameters:    Size  Location     Type
  5730 ;;  f1              4    4[COMRAM] unsigned char 
  5731 ;; Auto vars:     Size  Location     Type
  5732 ;;  exp1            1   13[COMRAM] unsigned char 
  5733 ;;  sign1           1   12[COMRAM] unsigned char 
  5734 ;; Return value:  Size  Location     Type
  5735 ;;                  4    4[COMRAM] long 
  5736 ;; Registers used:
  5737 ;;		wreg, status,2, status,0
  5738 ;; Tracked objects:
  5739 ;;		On entry : 0/0
  5740 ;;		On exit  : 0/0
  5741 ;;		Unchanged: 0/0
  5742 ;; Data sizes:     COMRAM   BANK0   BANK1   BANK2   BANK3   BANK4   BANK5   BANK6   BANK7   BANK8   BANK9  BANK10  BANK1
      +1  BANK12  BANK13  BANK14  BANK15
  5743 ;;      Params:         4       0       0       0       0       0       0       0       0       0       0       0       
      +0       0       0       0       0
  5744 ;;      Locals:         2       0       0       0       0       0       0       0       0       0       0       0       
      +0       0       0       0       0
  5745 ;;      Temps:          4       0       0       0       0       0       0       0       0       0       0       0       
      +0       0       0       0       0
  5746 ;;      Totals:        10       0       0       0       0       0       0       0       0       0       0       0       
      +0       0       0       0       0
  5747 ;;Total ram usage:       10 bytes
  5748 ;; Hardware stack levels used: 1
  5749 ;; Hardware stack levels required when called: 2
  5750 ;; This function calls:
  5751 ;;		Nothing
  5752 ;; This function is called by:
  5753 ;;		_Get_Comando
  5754 ;; This function uses a non-reentrant model
  5755 ;;
  5756                           
  5757                           	psect	text14
  5758   00215E                     __ptext14:
  5759                           	callstack 0
  5760   00215E                     ___fltol:
  5761                           	callstack 26
  5762   00215E  3407               	rlcf	(___fltol@f1+2)^0,w,c
  5763   002160  3408               	rlcf	(___fltol@f1+3)^0,w,c
  5764   002162  6E0E               	movwf	___fltol@exp1^0,c
  5765   002164  500E               	movf	___fltol@exp1^0,w,c
  5766   002166  A4D8               	btfss	status,2,c
  5767   002168  EFB8  F010         	goto	u2881
  5768   00216C  EFBA  F010         	goto	u2880
  5769   002170                     u2881:
  5770   002170  EFC4  F010         	goto	l3518
  5771   002174                     u2880:
  5772   002174                     l3514:
  5773   002174  0E00               	movlw	0
  5774   002176  6E05               	movwf	?___fltol^0,c
  5775   002178  0E00               	movlw	0
  5776   00217A  6E06               	movwf	(?___fltol+1)^0,c
  5777   00217C  0E00               	movlw	0
  5778   00217E  6E07               	movwf	(?___fltol+2)^0,c
  5779   002180  0E00               	movlw	0
  5780   002182  6E08               	movwf	(?___fltol+3)^0,c
  5781   002184  EF31  F011         	goto	l1001
  5782   002188                     l3518:
  5783   002188  C005  F009         	movff	___fltol@f1,??___fltol
  5784   00218C  C006  F00A         	movff	___fltol@f1+1,??___fltol+1
  5785   002190  C007  F00B         	movff	___fltol@f1+2,??___fltol+2
  5786   002194  C008  F00C         	movff	___fltol@f1+3,??___fltol+3
  5787   002198  0E20               	movlw	32
  5788   00219A  EFD4  F010         	goto	u2890
  5789   00219E                     u2895:
  5790   00219E  90D8               	bcf	status,0,c
  5791   0021A0  320C               	rrcf	(??___fltol+3)^0,f,c
  5792   0021A2  320B               	rrcf	(??___fltol+2)^0,f,c
  5793   0021A4  320A               	rrcf	(??___fltol+1)^0,f,c
  5794   0021A6  3209               	rrcf	??___fltol^0,f,c
  5795   0021A8                     u2890:
  5796   0021A8  2EE8               	decfsz	wreg,f,c
  5797   0021AA  EFCF  F010         	goto	u2895
  5798   0021AE  5009               	movf	??___fltol^0,w,c
  5799   0021B0  6E0D               	movwf	___fltol@sign1^0,c
  5800   0021B2  8E07               	bsf	(___fltol@f1+2)^0,7,c
  5801   0021B4  0EFF               	movlw	255
  5802   0021B6  1605               	andwf	___fltol@f1^0,f,c
  5803   0021B8  0EFF               	movlw	255
  5804   0021BA  1606               	andwf	(___fltol@f1+1)^0,f,c
  5805   0021BC  0EFF               	movlw	255
  5806   0021BE  1607               	andwf	(___fltol@f1+2)^0,f,c
  5807   0021C0  0E00               	movlw	0
  5808   0021C2  1608               	andwf	(___fltol@f1+3)^0,f,c
  5809   0021C4  0E96               	movlw	150
  5810   0021C6  5E0E               	subwf	___fltol@exp1^0,f,c
  5811   0021C8  BE0E               	btfsc	___fltol@exp1^0,7,c
  5812   0021CA  EFEB  F010         	goto	u2900
  5813   0021CE  EFE9  F010         	goto	u2901
  5814   0021D2                     u2901:
  5815   0021D2  EF01  F011         	goto	l3538
  5816   0021D6                     u2900:
  5817   0021D6  500E               	movf	___fltol@exp1^0,w,c
  5818   0021D8  0A80               	xorlw	128
  5819   0021DA  0F97               	addlw	151
  5820   0021DC  B0D8               	btfsc	status,0,c
  5821   0021DE  EFF3  F010         	goto	u2911
  5822   0021E2  EFF5  F010         	goto	u2910
  5823   0021E6                     u2911:
  5824   0021E6  EFF7  F010         	goto	l3534
  5825   0021EA                     u2910:
  5826   0021EA  EFBA  F010         	goto	l3514
  5827   0021EE                     l3534:
  5828   0021EE  90D8               	bcf	status,0,c
  5829   0021F0  3208               	rrcf	(___fltol@f1+3)^0,f,c
  5830   0021F2  3207               	rrcf	(___fltol@f1+2)^0,f,c
  5831   0021F4  3206               	rrcf	(___fltol@f1+1)^0,f,c
  5832   0021F6  3205               	rrcf	___fltol@f1^0,f,c
  5833   0021F8  3E0E               	incfsz	___fltol@exp1^0,f,c
  5834   0021FA  EFF7  F010         	goto	l3534
  5835   0021FE  EF19  F011         	goto	l3548
  5836   002202                     l3538:
  5837   002202  0E1F               	movlw	31
  5838   002204  640E               	cpfsgt	___fltol@exp1^0,c
  5839   002206  EF07  F011         	goto	u2921
  5840   00220A  EF09  F011         	goto	u2920
  5841   00220E                     u2921:
  5842   00220E  EF11  F011         	goto	l3546
  5843   002212                     u2920:
  5844   002212  EFBA  F010         	goto	l3514
  5845   002216                     l3544:
  5846   002216  90D8               	bcf	status,0,c
  5847   002218  3605               	rlcf	___fltol@f1^0,f,c
  5848   00221A  3606               	rlcf	(___fltol@f1+1)^0,f,c
  5849   00221C  3607               	rlcf	(___fltol@f1+2)^0,f,c
  5850   00221E  3608               	rlcf	(___fltol@f1+3)^0,f,c
  5851   002220  060E               	decf	___fltol@exp1^0,f,c
  5852   002222                     l3546:
  5853   002222  500E               	movf	___fltol@exp1^0,w,c
  5854   002224  A4D8               	btfss	status,2,c
  5855   002226  EF17  F011         	goto	u2931
  5856   00222A  EF19  F011         	goto	u2930
  5857   00222E                     u2931:
  5858   00222E  EF0B  F011         	goto	l3544
  5859   002232                     u2930:
  5860   002232                     l3548:
  5861   002232  500D               	movf	___fltol@sign1^0,w,c
  5862   002234  B4D8               	btfsc	status,2,c
  5863   002236  EF1F  F011         	goto	u2941
  5864   00223A  EF21  F011         	goto	u2940
  5865   00223E                     u2941:
  5866   00223E  EF29  F011         	goto	l3552
  5867   002242                     u2940:
  5868   002242  1E08               	comf	(___fltol@f1+3)^0,f,c
  5869   002244  1E07               	comf	(___fltol@f1+2)^0,f,c
  5870   002246  1E06               	comf	(___fltol@f1+1)^0,f,c
  5871   002248  6C05               	negf	___fltol@f1^0,c
  5872   00224A  0E00               	movlw	0
  5873   00224C  2206               	addwfc	(___fltol@f1+1)^0,f,c
  5874   00224E  2207               	addwfc	(___fltol@f1+2)^0,f,c
  5875   002250  2208               	addwfc	(___fltol@f1+3)^0,f,c
  5876   002252                     l3552:
  5877   002252  C005  F005         	movff	___fltol@f1,?___fltol
  5878   002256  C006  F006         	movff	___fltol@f1+1,?___fltol+1
  5879   00225A  C007  F007         	movff	___fltol@f1+2,?___fltol+2
  5880   00225E  C008  F008         	movff	___fltol@f1+3,?___fltol+3
  5881   002262                     l1001:
  5882   002262  0012               	return		;funcret
  5883   002264                     __end_of___fltol:
  5884                           	callstack 0
  5885                           
  5886 ;; *************** function ___fldiv *****************
  5887 ;; Defined at:
  5888 ;;		line 11 in file "C:\Program Files\Microchip\xc8\v3.00\pic\sources\c99\common\sprcdiv.c"
  5889 ;; Parameters:    Size  Location     Type
  5890 ;;  b               4    4[COMRAM] long 
  5891 ;;  a               4    8[COMRAM] long 
  5892 ;; Auto vars:     Size  Location     Type
  5893 ;;  grs             4   23[COMRAM] unsigned long 
  5894 ;;  rem             4   16[COMRAM] unsigned long 
  5895 ;;  new_exp         2   21[COMRAM] short 
  5896 ;;  aexp            1   28[COMRAM] unsigned char 
  5897 ;;  bexp            1   27[COMRAM] unsigned char 
  5898 ;;  sign            1   20[COMRAM] unsigned char 
  5899 ;; Return value:  Size  Location     Type
  5900 ;;                  4    4[COMRAM] unsigned char 
  5901 ;; Registers used:
  5902 ;;		wreg, status,2, status,0
  5903 ;; Tracked objects:
  5904 ;;		On entry : 0/0
  5905 ;;		On exit  : 0/0
  5906 ;;		Unchanged: 0/0
  5907 ;; Data sizes:     COMRAM   BANK0   BANK1   BANK2   BANK3   BANK4   BANK5   BANK6   BANK7   BANK8   BANK9  BANK10  BANK1
      +1  BANK12  BANK13  BANK14  BANK15
  5908 ;;      Params:         8       0       0       0       0       0       0       0       0       0       0       0       
      +0       0       0       0       0
  5909 ;;      Locals:        13       0       0       0       0       0       0       0       0       0       0       0       
      +0       0       0       0       0
  5910 ;;      Temps:          4       0       0       0       0       0       0       0       0       0       0       0       
      +0       0       0       0       0
  5911 ;;      Totals:        25       0       0       0       0       0       0       0       0       0       0       0       
      +0       0       0       0       0
  5912 ;;Total ram usage:       25 bytes
  5913 ;; Hardware stack levels used: 1
  5914 ;; Hardware stack levels required when called: 2
  5915 ;; This function calls:
  5916 ;;		Nothing
  5917 ;; This function is called by:
  5918 ;;		_Get_Comando
  5919 ;; This function uses a non-reentrant model
  5920 ;;
  5921                           
  5922                           	psect	text15
  5923   0015AA                     __ptext15:
  5924                           	callstack 0
  5925   0015AA                     ___fldiv:
  5926                           	callstack 26
  5927   0015AA  5008               	movf	(___fldiv@b+3)^0,w,c
  5928   0015AC  0B80               	andlw	128
  5929   0015AE  6E15               	movwf	___fldiv@sign^0,c
  5930   0015B0  5008               	movf	(___fldiv@b+3)^0,w,c
  5931   0015B2  2408               	addwf	(___fldiv@b+3)^0,w,c
  5932   0015B4  6E1C               	movwf	___fldiv@bexp^0,c
  5933   0015B6  AE07               	btfss	(___fldiv@b+2)^0,7,c
  5934   0015B8  EFE0  F00A         	goto	u2651
  5935   0015BC  EFE2  F00A         	goto	u2650
  5936   0015C0                     u2651:
  5937   0015C0  EFE3  F00A         	goto	l3382
  5938   0015C4                     u2650:
  5939   0015C4  801C               	bsf	___fldiv@bexp^0,0,c
  5940   0015C6                     l3382:
  5941   0015C6  501C               	movf	___fldiv@bexp^0,w,c
  5942   0015C8  B4D8               	btfsc	status,2,c
  5943   0015CA  EFE9  F00A         	goto	u2661
  5944   0015CE  EFEB  F00A         	goto	u2660
  5945   0015D2                     u2661:
  5946   0015D2  EFFF  F00A         	goto	l3392
  5947   0015D6                     u2660:
  5948   0015D6  281C               	incf	___fldiv@bexp^0,w,c
  5949   0015D8  A4D8               	btfss	status,2,c
  5950   0015DA  EFF1  F00A         	goto	u2671
  5951   0015DE  EFF3  F00A         	goto	u2670
  5952   0015E2                     u2671:
  5953   0015E2  EFFB  F00A         	goto	l3388
  5954   0015E6                     u2670:
  5955   0015E6  0E00               	movlw	0
  5956   0015E8  6E05               	movwf	___fldiv@b^0,c
  5957   0015EA  0E00               	movlw	0
  5958   0015EC  6E06               	movwf	(___fldiv@b+1)^0,c
  5959   0015EE  0E00               	movlw	0
  5960   0015F0  6E07               	movwf	(___fldiv@b+2)^0,c
  5961   0015F2  0E00               	movlw	0
  5962   0015F4  6E08               	movwf	(___fldiv@b+3)^0,c
  5963   0015F6                     l3388:
  5964   0015F6  8E07               	bsf	(___fldiv@b+2)^0,7,c
  5965   0015F8  6A08               	clrf	(___fldiv@b+3)^0,c
  5966   0015FA  EF07  F00B         	goto	l3394
  5967   0015FE                     l3392:
  5968   0015FE  0E00               	movlw	0
  5969   001600  6E05               	movwf	___fldiv@b^0,c
  5970   001602  0E00               	movlw	0
  5971   001604  6E06               	movwf	(___fldiv@b+1)^0,c
  5972   001606  0E00               	movlw	0
  5973   001608  6E07               	movwf	(___fldiv@b+2)^0,c
  5974   00160A  0E00               	movlw	0
  5975   00160C  6E08               	movwf	(___fldiv@b+3)^0,c
  5976   00160E                     l3394:
  5977   00160E  500C               	movf	(___fldiv@a+3)^0,w,c
  5978   001610  0B80               	andlw	128
  5979   001612  1A15               	xorwf	___fldiv@sign^0,f,c
  5980   001614  500C               	movf	(___fldiv@a+3)^0,w,c
  5981   001616  240C               	addwf	(___fldiv@a+3)^0,w,c
  5982   001618  6E1D               	movwf	___fldiv@aexp^0,c
  5983   00161A  AE0B               	btfss	(___fldiv@a+2)^0,7,c
  5984   00161C  EF12  F00B         	goto	u2681
  5985   001620  EF14  F00B         	goto	u2680
  5986   001624                     u2681:
  5987   001624  EF15  F00B         	goto	l3402
  5988   001628                     u2680:
  5989   001628  801D               	bsf	___fldiv@aexp^0,0,c
  5990   00162A                     l3402:
  5991   00162A  501D               	movf	___fldiv@aexp^0,w,c
  5992   00162C  B4D8               	btfsc	status,2,c
  5993   00162E  EF1B  F00B         	goto	u2691
  5994   001632  EF1D  F00B         	goto	u2690
  5995   001636                     u2691:
  5996   001636  EF31  F00B         	goto	l3412
  5997   00163A                     u2690:
  5998   00163A  281D               	incf	___fldiv@aexp^0,w,c
  5999   00163C  A4D8               	btfss	status,2,c
  6000   00163E  EF23  F00B         	goto	u2701
  6001   001642  EF25  F00B         	goto	u2700
  6002   001646                     u2701:
  6003   001646  EF2D  F00B         	goto	l3408
  6004   00164A                     u2700:
  6005   00164A  0E00               	movlw	0
  6006   00164C  6E09               	movwf	___fldiv@a^0,c
  6007   00164E  0E00               	movlw	0
  6008   001650  6E0A               	movwf	(___fldiv@a+1)^0,c
  6009   001652  0E00               	movlw	0
  6010   001654  6E0B               	movwf	(___fldiv@a+2)^0,c
  6011   001656  0E00               	movlw	0
  6012   001658  6E0C               	movwf	(___fldiv@a+3)^0,c
  6013   00165A                     l3408:
  6014   00165A  8E0B               	bsf	(___fldiv@a+2)^0,7,c
  6015   00165C  6A0C               	clrf	(___fldiv@a+3)^0,c
  6016   00165E  EF39  F00B         	goto	l3414
  6017   001662                     l3412:
  6018   001662  0E00               	movlw	0
  6019   001664  6E09               	movwf	___fldiv@a^0,c
  6020   001666  0E00               	movlw	0
  6021   001668  6E0A               	movwf	(___fldiv@a+1)^0,c
  6022   00166A  0E00               	movlw	0
  6023   00166C  6E0B               	movwf	(___fldiv@a+2)^0,c
  6024   00166E  0E00               	movlw	0
  6025   001670  6E0C               	movwf	(___fldiv@a+3)^0,c
  6026   001672                     l3414:
  6027   001672  5009               	movf	___fldiv@a^0,w,c
  6028   001674  100A               	iorwf	(___fldiv@a+1)^0,w,c
  6029   001676  100B               	iorwf	(___fldiv@a+2)^0,w,c
  6030   001678  100C               	iorwf	(___fldiv@a+3)^0,w,c
  6031   00167A  A4D8               	btfss	status,2,c
  6032   00167C  EF42  F00B         	goto	u2711
  6033   001680  EF44  F00B         	goto	u2710
  6034   001684                     u2711:
  6035   001684  EF5C  F00B         	goto	l3426
  6036   001688                     u2710:
  6037   001688  0E00               	movlw	0
  6038   00168A  6E05               	movwf	___fldiv@b^0,c
  6039   00168C  0E00               	movlw	0
  6040   00168E  6E06               	movwf	(___fldiv@b+1)^0,c
  6041   001690  0E00               	movlw	0
  6042   001692  6E07               	movwf	(___fldiv@b+2)^0,c
  6043   001694  0E00               	movlw	0
  6044   001696  6E08               	movwf	(___fldiv@b+3)^0,c
  6045   001698  0E80               	movlw	128
  6046   00169A  1207               	iorwf	(___fldiv@b+2)^0,f,c
  6047   00169C  0E7F               	movlw	127
  6048   00169E  1208               	iorwf	(___fldiv@b+3)^0,f,c
  6049   0016A0                     l3420:
  6050   0016A0  5015               	movf	___fldiv@sign^0,w,c
  6051   0016A2  1208               	iorwf	(___fldiv@b+3)^0,f,c
  6052   0016A4  C005  F005         	movff	___fldiv@b,?___fldiv
  6053   0016A8  C006  F006         	movff	___fldiv@b+1,?___fldiv+1
  6054   0016AC  C007  F007         	movff	___fldiv@b+2,?___fldiv+2
  6055   0016B0  C008  F008         	movff	___fldiv@b+3,?___fldiv+3
  6056   0016B4  EF9C  F00C         	goto	l1286
  6057   0016B8                     l3426:
  6058   0016B8  501C               	movf	___fldiv@bexp^0,w,c
  6059   0016BA  A4D8               	btfss	status,2,c
  6060   0016BC  EF62  F00B         	goto	u2721
  6061   0016C0  EF64  F00B         	goto	u2720
  6062   0016C4                     u2721:
  6063   0016C4  EF6E  F00B         	goto	l3434
  6064   0016C8                     u2720:
  6065   0016C8  0E00               	movlw	0
  6066   0016CA  6E05               	movwf	?___fldiv^0,c
  6067   0016CC  0E00               	movlw	0
  6068   0016CE  6E06               	movwf	(?___fldiv+1)^0,c
  6069   0016D0  0E00               	movlw	0
  6070   0016D2  6E07               	movwf	(?___fldiv+2)^0,c
  6071   0016D4  0E00               	movlw	0
  6072   0016D6  6E08               	movwf	(?___fldiv+3)^0,c
  6073   0016D8  EF9C  F00C         	goto	l1286
  6074   0016DC                     l3434:
  6075   0016DC  501D               	movf	___fldiv@aexp^0,w,c
  6076   0016DE  C01C  F00D         	movff	___fldiv@bexp,??___fldiv
  6077   0016E2  6A0E               	clrf	(??___fldiv+1)^0,c
  6078   0016E4  5E0D               	subwf	??___fldiv^0,f,c
  6079   0016E6  0E00               	movlw	0
  6080   0016E8  5A0E               	subwfb	(??___fldiv+1)^0,f,c
  6081   0016EA  0E7F               	movlw	127
  6082   0016EC  240D               	addwf	??___fldiv^0,w,c
  6083   0016EE  6E16               	movwf	___fldiv@new_exp^0,c
  6084   0016F0  0E00               	movlw	0
  6085   0016F2  200E               	addwfc	(??___fldiv+1)^0,w,c
  6086   0016F4  6E17               	movwf	(___fldiv@new_exp+1)^0,c
  6087   0016F6  C005  F011         	movff	___fldiv@b,___fldiv@rem
  6088   0016FA  C006  F012         	movff	___fldiv@b+1,___fldiv@rem+1
  6089   0016FE  C007  F013         	movff	___fldiv@b+2,___fldiv@rem+2
  6090   001702  C008  F014         	movff	___fldiv@b+3,___fldiv@rem+3
  6091   001706  0E00               	movlw	0
  6092   001708  6E05               	movwf	___fldiv@b^0,c
  6093   00170A  0E00               	movlw	0
  6094   00170C  6E06               	movwf	(___fldiv@b+1)^0,c
  6095   00170E  0E00               	movlw	0
  6096   001710  6E07               	movwf	(___fldiv@b+2)^0,c
  6097   001712  0E00               	movlw	0
  6098   001714  6E08               	movwf	(___fldiv@b+3)^0,c
  6099   001716  0E00               	movlw	0
  6100   001718  6E18               	movwf	___fldiv@grs^0,c
  6101   00171A  0E00               	movlw	0
  6102   00171C  6E19               	movwf	(___fldiv@grs+1)^0,c
  6103   00171E  0E00               	movlw	0
  6104   001720  6E1A               	movwf	(___fldiv@grs+2)^0,c
  6105   001722  0E00               	movlw	0
  6106   001724  6E1B               	movwf	(___fldiv@grs+3)^0,c
  6107   001726  6A1D               	clrf	___fldiv@aexp^0,c
  6108   001728  EFCE  F00B         	goto	l1288
  6109   00172C                     l3444:
  6110   00172C  501D               	movf	___fldiv@aexp^0,w,c
  6111   00172E  B4D8               	btfsc	status,2,c
  6112   001730  EF9C  F00B         	goto	u2731
  6113   001734  EF9E  F00B         	goto	u2730
  6114   001738                     u2731:
  6115   001738  EFB5  F00B         	goto	l3452
  6116   00173C                     u2730:
  6117   00173C  90D8               	bcf	status,0,c
  6118   00173E  3611               	rlcf	___fldiv@rem^0,f,c
  6119   001740  3612               	rlcf	(___fldiv@rem+1)^0,f,c
  6120   001742  3613               	rlcf	(___fldiv@rem+2)^0,f,c
  6121   001744  3614               	rlcf	(___fldiv@rem+3)^0,f,c
  6122   001746  90D8               	bcf	status,0,c
  6123   001748  3605               	rlcf	___fldiv@b^0,f,c
  6124   00174A  3606               	rlcf	(___fldiv@b+1)^0,f,c
  6125   00174C  3607               	rlcf	(___fldiv@b+2)^0,f,c
  6126   00174E  3608               	rlcf	(___fldiv@b+3)^0,f,c
  6127   001750  AE1B               	btfss	(___fldiv@grs+3)^0,7,c
  6128   001752  EFAD  F00B         	goto	u2741
  6129   001756  EFAF  F00B         	goto	u2740
  6130   00175A                     u2741:
  6131   00175A  EFB0  F00B         	goto	l1291
  6132   00175E                     u2740:
  6133   00175E  8005               	bsf	___fldiv@b^0,0,c
  6134   001760                     l1291:
  6135   001760  90D8               	bcf	status,0,c
  6136   001762  3618               	rlcf	___fldiv@grs^0,f,c
  6137   001764  3619               	rlcf	(___fldiv@grs+1)^0,f,c
  6138   001766  361A               	rlcf	(___fldiv@grs+2)^0,f,c
  6139   001768  361B               	rlcf	(___fldiv@grs+3)^0,f,c
  6140   00176A                     l3452:
  6141   00176A  5009               	movf	___fldiv@a^0,w,c
  6142   00176C  5C11               	subwf	___fldiv@rem^0,w,c
  6143   00176E  500A               	movf	(___fldiv@a+1)^0,w,c
  6144   001770  5812               	subwfb	(___fldiv@rem+1)^0,w,c
  6145   001772  500B               	movf	(___fldiv@a+2)^0,w,c
  6146   001774  5813               	subwfb	(___fldiv@rem+2)^0,w,c
  6147   001776  500C               	movf	(___fldiv@a+3)^0,w,c
  6148   001778  5814               	subwfb	(___fldiv@rem+3)^0,w,c
  6149   00177A  A0D8               	btfss	status,0,c
  6150   00177C  EFC2  F00B         	goto	u2751
  6151   001780  EFC4  F00B         	goto	u2750
  6152   001784                     u2751:
  6153   001784  EFCD  F00B         	goto	l3458
  6154   001788                     u2750:
  6155   001788  8C1B               	bsf	(___fldiv@grs+3)^0,6,c
  6156   00178A  5009               	movf	___fldiv@a^0,w,c
  6157   00178C  5E11               	subwf	___fldiv@rem^0,f,c
  6158   00178E  500A               	movf	(___fldiv@a+1)^0,w,c
  6159   001790  5A12               	subwfb	(___fldiv@rem+1)^0,f,c
  6160   001792  500B               	movf	(___fldiv@a+2)^0,w,c
  6161   001794  5A13               	subwfb	(___fldiv@rem+2)^0,f,c
  6162   001796  500C               	movf	(___fldiv@a+3)^0,w,c
  6163   001798  5A14               	subwfb	(___fldiv@rem+3)^0,f,c
  6164   00179A                     l3458:
  6165   00179A  2A1D               	incf	___fldiv@aexp^0,f,c
  6166   00179C                     l1288:
  6167   00179C  0E19               	movlw	25
  6168   00179E  641D               	cpfsgt	___fldiv@aexp^0,c
  6169   0017A0  EFD4  F00B         	goto	u2761
  6170   0017A4  EFD6  F00B         	goto	u2760
  6171   0017A8                     u2761:
  6172   0017A8  EF96  F00B         	goto	l3444
  6173   0017AC                     u2760:
  6174   0017AC  5011               	movf	___fldiv@rem^0,w,c
  6175   0017AE  1012               	iorwf	(___fldiv@rem+1)^0,w,c
  6176   0017B0  1013               	iorwf	(___fldiv@rem+2)^0,w,c
  6177   0017B2  1014               	iorwf	(___fldiv@rem+3)^0,w,c
  6178   0017B4  B4D8               	btfsc	status,2,c
  6179   0017B6  EFDF  F00B         	goto	u2771
  6180   0017BA  EFE1  F00B         	goto	u2770
  6181   0017BE                     u2771:
  6182   0017BE  EFF9  F00B         	goto	l3470
  6183   0017C2                     u2770:
  6184   0017C2  8018               	bsf	___fldiv@grs^0,0,c
  6185   0017C4  EFF9  F00B         	goto	l3470
  6186   0017C8                     l3464:
  6187   0017C8  90D8               	bcf	status,0,c
  6188   0017CA  3605               	rlcf	___fldiv@b^0,f,c
  6189   0017CC  3606               	rlcf	(___fldiv@b+1)^0,f,c
  6190   0017CE  3607               	rlcf	(___fldiv@b+2)^0,f,c
  6191   0017D0  3608               	rlcf	(___fldiv@b+3)^0,f,c
  6192   0017D2  AE1B               	btfss	(___fldiv@grs+3)^0,7,c
  6193   0017D4  EFEE  F00B         	goto	u2781
  6194   0017D8  EFF0  F00B         	goto	u2780
  6195   0017DC                     u2781:
  6196   0017DC  EFF1  F00B         	goto	l1297
  6197   0017E0                     u2780:
  6198   0017E0  8005               	bsf	___fldiv@b^0,0,c
  6199   0017E2                     l1297:
  6200   0017E2  90D8               	bcf	status,0,c
  6201   0017E4  3618               	rlcf	___fldiv@grs^0,f,c
  6202   0017E6  3619               	rlcf	(___fldiv@grs+1)^0,f,c
  6203   0017E8  361A               	rlcf	(___fldiv@grs+2)^0,f,c
  6204   0017EA  361B               	rlcf	(___fldiv@grs+3)^0,f,c
  6205   0017EC  0616               	decf	___fldiv@new_exp^0,f,c
  6206   0017EE  A0D8               	btfss	status,0,c
  6207   0017F0  0617               	decf	(___fldiv@new_exp+1)^0,f,c
  6208   0017F2                     l3470:
  6209   0017F2  AE07               	btfss	(___fldiv@b+2)^0,7,c
  6210   0017F4  EFFE  F00B         	goto	u2791
  6211   0017F8  EF00  F00C         	goto	u2790
  6212   0017FC                     u2791:
  6213   0017FC  EFE4  F00B         	goto	l3464
  6214   001800                     u2790:
  6215   001800  6A1D               	clrf	___fldiv@aexp^0,c
  6216   001802  AE1B               	btfss	(___fldiv@grs+3)^0,7,c
  6217   001804  EF06  F00C         	goto	u2801
  6218   001808  EF08  F00C         	goto	u2800
  6219   00180C                     u2801:
  6220   00180C  EF2C  F00C         	goto	l1299
  6221   001810                     u2800:
  6222   001810  0EFF               	movlw	255
  6223   001812  1418               	andwf	___fldiv@grs^0,w,c
  6224   001814  6E0D               	movwf	??___fldiv^0,c
  6225   001816  0EFF               	movlw	255
  6226   001818  1419               	andwf	(___fldiv@grs+1)^0,w,c
  6227   00181A  6E0E               	movwf	(??___fldiv+1)^0,c
  6228   00181C  0EFF               	movlw	255
  6229   00181E  141A               	andwf	(___fldiv@grs+2)^0,w,c
  6230   001820  6E0F               	movwf	(??___fldiv+2)^0,c
  6231   001822  0E7F               	movlw	127
  6232   001824  141B               	andwf	(___fldiv@grs+3)^0,w,c
  6233   001826  6E10               	movwf	(??___fldiv+3)^0,c
  6234   001828  500D               	movf	??___fldiv^0,w,c
  6235   00182A  100E               	iorwf	(??___fldiv+1)^0,w,c
  6236   00182C  100F               	iorwf	(??___fldiv+2)^0,w,c
  6237   00182E  1010               	iorwf	(??___fldiv+3)^0,w,c
  6238   001830  B4D8               	btfsc	status,2,c
  6239   001832  EF1D  F00C         	goto	u2811
  6240   001836  EF1F  F00C         	goto	u2810
  6241   00183A                     u2811:
  6242   00183A  EF23  F00C         	goto	l1300
  6243   00183E                     u2810:
  6244   00183E                     l3474:
  6245   00183E  0E01               	movlw	1
  6246   001840  6E1D               	movwf	___fldiv@aexp^0,c
  6247   001842  EF2C  F00C         	goto	l1299
  6248   001846                     l1300:
  6249   001846  A005               	btfss	___fldiv@b^0,0,c
  6250   001848  EF28  F00C         	goto	u2821
  6251   00184C  EF2A  F00C         	goto	u2820
  6252   001850                     u2821:
  6253   001850  EF2C  F00C         	goto	l1299
  6254   001854                     u2820:
  6255   001854  EF1F  F00C         	goto	l3474
  6256   001858                     l1299:
  6257   001858  501D               	movf	___fldiv@aexp^0,w,c
  6258   00185A  B4D8               	btfsc	status,2,c
  6259   00185C  EF32  F00C         	goto	u2831
  6260   001860  EF34  F00C         	goto	u2830
  6261   001864                     u2831:
  6262   001864  EF58  F00C         	goto	l3486
  6263   001868                     u2830:
  6264   001868  0E01               	movlw	1
  6265   00186A  2605               	addwf	___fldiv@b^0,f,c
  6266   00186C  0E00               	movlw	0
  6267   00186E  2206               	addwfc	(___fldiv@b+1)^0,f,c
  6268   001870  2207               	addwfc	(___fldiv@b+2)^0,f,c
  6269   001872  2208               	addwfc	(___fldiv@b+3)^0,f,c
  6270   001874  A008               	btfss	(___fldiv@b+3)^0,0,c
  6271   001876  EF3F  F00C         	goto	u2841
  6272   00187A  EF41  F00C         	goto	u2840
  6273   00187E                     u2841:
  6274   00187E  EF58  F00C         	goto	l3486
  6275   001882                     u2840:
  6276   001882  C005  F00D         	movff	___fldiv@b,??___fldiv
  6277   001886  C006  F00E         	movff	___fldiv@b+1,??___fldiv+1
  6278   00188A  C007  F00F         	movff	___fldiv@b+2,??___fldiv+2
  6279   00188E  C008  F010         	movff	___fldiv@b+3,??___fldiv+3
  6280   001892  3410               	rlcf	(??___fldiv+3)^0,w,c
  6281   001894  3210               	rrcf	(??___fldiv+3)^0,f,c
  6282   001896  320F               	rrcf	(??___fldiv+2)^0,f,c
  6283   001898  320E               	rrcf	(??___fldiv+1)^0,f,c
  6284   00189A  320D               	rrcf	??___fldiv^0,f,c
  6285   00189C  C00D  F005         	movff	??___fldiv,___fldiv@b
  6286   0018A0  C00E  F006         	movff	??___fldiv+1,___fldiv@b+1
  6287   0018A4  C00F  F007         	movff	??___fldiv+2,___fldiv@b+2
  6288   0018A8  C010  F008         	movff	??___fldiv+3,___fldiv@b+3
  6289   0018AC  4A16               	infsnz	___fldiv@new_exp^0,f,c
  6290   0018AE  2A17               	incf	(___fldiv@new_exp+1)^0,f,c
  6291   0018B0                     l3486:
  6292   0018B0  BE17               	btfsc	(___fldiv@new_exp+1)^0,7,c
  6293   0018B2  EF63  F00C         	goto	u2851
  6294   0018B6  5017               	movf	(___fldiv@new_exp+1)^0,w,c
  6295   0018B8  E108               	bnz	u2850
  6296   0018BA  2816               	incf	___fldiv@new_exp^0,w,c
  6297   0018BC  A0D8               	btfss	status,0,c
  6298   0018BE  EF63  F00C         	goto	u2851
  6299   0018C2  EF65  F00C         	goto	u2850
  6300   0018C6                     u2851:
  6301   0018C6  EF70  F00C         	goto	l3490
  6302   0018CA                     u2850:
  6303   0018CA  0E00               	movlw	0
  6304   0018CC  6E17               	movwf	(___fldiv@new_exp+1)^0,c
  6305   0018CE  6816               	setf	___fldiv@new_exp^0,c
  6306   0018D0  0E00               	movlw	0
  6307   0018D2  6E05               	movwf	___fldiv@b^0,c
  6308   0018D4  0E00               	movlw	0
  6309   0018D6  6E06               	movwf	(___fldiv@b+1)^0,c
  6310   0018D8  0E00               	movlw	0
  6311   0018DA  6E07               	movwf	(___fldiv@b+2)^0,c
  6312   0018DC  0E00               	movlw	0
  6313   0018DE  6E08               	movwf	(___fldiv@b+3)^0,c
  6314   0018E0                     l3490:
  6315   0018E0  BE17               	btfsc	(___fldiv@new_exp+1)^0,7,c
  6316   0018E2  EF7D  F00C         	goto	u2860
  6317   0018E6  5017               	movf	(___fldiv@new_exp+1)^0,w,c
  6318   0018E8  E106               	bnz	u2861
  6319   0018EA  0416               	decf	___fldiv@new_exp^0,w,c
  6320   0018EC  B0D8               	btfsc	status,0,c
  6321   0018EE  EF7B  F00C         	goto	u2861
  6322   0018F2  EF7D  F00C         	goto	u2860
  6323   0018F6                     u2861:
  6324   0018F6  EF8A  F00C         	goto	l3496
  6325   0018FA                     u2860:
  6326   0018FA  0E00               	movlw	0
  6327   0018FC  6E17               	movwf	(___fldiv@new_exp+1)^0,c
  6328   0018FE  0E00               	movlw	0
  6329   001900  6E16               	movwf	___fldiv@new_exp^0,c
  6330   001902  0E00               	movlw	0
  6331   001904  6E05               	movwf	___fldiv@b^0,c
  6332   001906  0E00               	movlw	0
  6333   001908  6E06               	movwf	(___fldiv@b+1)^0,c
  6334   00190A  0E00               	movlw	0
  6335   00190C  6E07               	movwf	(___fldiv@b+2)^0,c
  6336   00190E  0E00               	movlw	0
  6337   001910  6E08               	movwf	(___fldiv@b+3)^0,c
  6338   001912  6A15               	clrf	___fldiv@sign^0,c
  6339   001914                     l3496:
  6340   001914  C016  F01C         	movff	___fldiv@new_exp,___fldiv@bexp
  6341   001918  A01C               	btfss	___fldiv@bexp^0,0,c
  6342   00191A  EF91  F00C         	goto	u2871
  6343   00191E  EF93  F00C         	goto	u2870
  6344   001922                     u2871:
  6345   001922  EF96  F00C         	goto	l3502
  6346   001926                     u2870:
  6347   001926  8E07               	bsf	(___fldiv@b+2)^0,7,c
  6348   001928  EF97  F00C         	goto	l3504
  6349   00192C                     l3502:
  6350   00192C  9E07               	bcf	(___fldiv@b+2)^0,7,c
  6351   00192E                     l3504:
  6352   00192E  90D8               	bcf	status,0,c
  6353   001930  301C               	rrcf	___fldiv@bexp^0,w,c
  6354   001932  6E08               	movwf	(___fldiv@b+3)^0,c
  6355   001934  EF50  F00B         	goto	l3420
  6356   001938                     l1286:
  6357   001938  0012               	return		;funcret
  6358   00193A                     __end_of___fldiv:
  6359                           	callstack 0
  6360                           
  6361 ;; *************** function _Set_Led_Conectado *****************
  6362 ;; Defined at:
  6363 ;;		line 10 in file "Leds.c"
  6364 ;; Parameters:    Size  Location     Type
  6365 ;;		None
  6366 ;; Auto vars:     Size  Location     Type
  6367 ;;		None
  6368 ;; Return value:  Size  Location     Type
  6369 ;;                  1    wreg      void 
  6370 ;; Registers used:
  6371 ;;		wreg, status,2
  6372 ;; Tracked objects:
  6373 ;;		On entry : 0/0
  6374 ;;		On exit  : 0/0
  6375 ;;		Unchanged: 0/0
  6376 ;; Data sizes:     COMRAM   BANK0   BANK1   BANK2   BANK3   BANK4   BANK5   BANK6   BANK7   BANK8   BANK9  BANK10  BANK1
      +1  BANK12  BANK13  BANK14  BANK15
  6377 ;;      Params:         0       0       0       0       0       0       0       0       0       0       0       0       
      +0       0       0       0       0
  6378 ;;      Locals:         0       0       0       0       0       0       0       0       0       0       0       0       
      +0       0       0       0       0
  6379 ;;      Temps:          0       0       0       0       0       0       0       0       0       0       0       0       
      +0       0       0       0       0
  6380 ;;      Totals:         0       0       0       0       0       0       0       0       0       0       0       0       
      +0       0       0       0       0
  6381 ;;Total ram usage:        0 bytes
  6382 ;; Hardware stack levels used: 1
  6383 ;; Hardware stack levels required when called: 2
  6384 ;; This function calls:
  6385 ;;		Nothing
  6386 ;; This function is called by:
  6387 ;;		_main
  6388 ;;		_Get_Comando
  6389 ;; This function uses a non-reentrant model
  6390 ;;
  6391                           
  6392                           	psect	text16
  6393   0034AC                     __ptext16:
  6394                           	callstack 0
  6395   0034AC                     _Set_Led_Conectado:
  6396                           	callstack 26
  6397   0034AC                     
  6398                           ;Leds.c: 11:     S_Led = 0;
  6399   0034AC  0100               	movlb	0	; () banked
  6400   0034AE  6B8F               	clrf	_S_Led& (0+255),b
  6401                           
  6402                           ;Leds.c: 12:     T_Led = 0;
  6403   0034B0  6B91               	clrf	_T_Led& (0+255),b
  6404   0034B2                     
  6405                           ; BSR set to: 0
  6406                           ;Leds.c: 13:     W_Led = 20;
  6407   0034B2  0E14               	movlw	20
  6408   0034B4  6F90               	movwf	_W_Led& (0+255),b
  6409                           
  6410                           ;Leds.c: 14:     M_Led = 1;
  6411   0034B6  0E01               	movlw	1
  6412   0034B8  6E59               	movwf	_M_Led^0,c
  6413   0034BA                     
  6414                           ; BSR set to: 0
  6415   0034BA  0012               	return		;funcret
  6416   0034BC                     __end_of_Set_Led_Conectado:
  6417                           	callstack 0
  6418                           
  6419 ;; *************** function _IndexOf_Str *****************
  6420 ;; Defined at:
  6421 ;;		line 159 in file "Uarts.c"
  6422 ;; Parameters:    Size  Location     Type
  6423 ;;  buf             2    7[COMRAM] PTR const unsigned char 
  6424 ;;		 -> Buffer_U2(201), Buffer_U1(101), 
  6425 ;;  patron          1    9[COMRAM] PTR unsigned char 
  6426 ;;		 -> STR_2(2), STR_1(10), 
  6427 ;; Auto vars:     Size  Location     Type
  6428 ;;  lp              1   17[COMRAM] unsigned char 
  6429 ;;  j               1   16[COMRAM] unsigned char 
  6430 ;;  i               1   15[COMRAM] unsigned char 
  6431 ;;  len             1   14[COMRAM] unsigned char 
  6432 ;; Return value:  Size  Location     Type
  6433 ;;                  1    wreg      char 
  6434 ;; Registers used:
  6435 ;;		wreg, fsr2l, fsr2h, status,2, status,0, tblptrl, tblptrh, tblptru, cstack
  6436 ;; Tracked objects:
  6437 ;;		On entry : 0/0
  6438 ;;		On exit  : 0/0
  6439 ;;		Unchanged: 0/0
  6440 ;; Data sizes:     COMRAM   BANK0   BANK1   BANK2   BANK3   BANK4   BANK5   BANK6   BANK7   BANK8   BANK9  BANK10  BANK1
      +1  BANK12  BANK13  BANK14  BANK15
  6441 ;;      Params:         3       0       0       0       0       0       0       0       0       0       0       0       
      +0       0       0       0       0
  6442 ;;      Locals:         4       0       0       0       0       0       0       0       0       0       0       0       
      +0       0       0       0       0
  6443 ;;      Temps:          4       0       0       0       0       0       0       0       0       0       0       0       
      +0       0       0       0       0
  6444 ;;      Totals:        11       0       0       0       0       0       0       0       0       0       0       0       
      +0       0       0       0       0
  6445 ;;Total ram usage:       11 bytes
  6446 ;; Hardware stack levels used: 1
  6447 ;; Hardware stack levels required when called: 3
  6448 ;; This function calls:
  6449 ;;		_Texto_Length
  6450 ;; This function is called by:
  6451 ;;		_Get_Comando
  6452 ;;		_Read_Cmd
  6453 ;; This function uses a non-reentrant model
  6454 ;;
  6455                           
  6456                           	psect	text17
  6457   002264                     __ptext17:
  6458                           	callstack 0
  6459   002264                     _IndexOf_Str:
  6460                           	callstack 25
  6461   002264                     
  6462                           ;Uarts.c: 160:     uint8_t lp = 0, i, j;
  6463   002264  6A12               	clrf	IndexOf_Str@lp^0,c
  6464   002266                     
  6465                           ;Uarts.c: 161:     uint8_t len = Texto_Length((unsigned char *)buf);
  6466   002266  C008  F005         	movff	IndexOf_Str@buf,Texto_Length@texto
  6467   00226A  C009  F006         	movff	IndexOf_Str@buf+1,Texto_Length@texto+1
  6468   00226E  ECBF  F019         	call	_Texto_Length	;wreg free
  6469   002272  6E0F               	movwf	IndexOf_Str@len^0,c
  6470                           
  6471                           ;Uarts.c: 162:     while (patron[lp]) lp++;
  6472   002274  EF3D  F011         	goto	l3210
  6473   002278                     l3208:
  6474   002278  2A12               	incf	IndexOf_Str@lp^0,f,c
  6475   00227A                     l3210:
  6476   00227A  500A               	movf	IndexOf_Str@patron^0,w,c
  6477   00227C  2412               	addwf	IndexOf_Str@lp^0,w,c
  6478   00227E  6E0B               	movwf	??_IndexOf_Str^0,c
  6479   002280  C00B  FFF6         	movff	??_IndexOf_Str,tblptrl
  6480   002284                     	if	1	;There is more than 1 active tblptr byte
  6481   002284  0E10               	movlw	high __smallconst
  6482   002286  6EF7               	movwf	tblptrh,c
  6483   002288                     	endif
  6484   002288                     	if	0	;tblptru may be non-zero
  6485   002288                     	endif
  6486   002288                     	if	0	;tblptru may be non-zero
  6487   002288                     	endif
  6488   002288  0008               	tblrd		*
  6489   00228A  50F5               	movf	tablat,w,c
  6490   00228C  0900               	iorlw	0
  6491   00228E  A4D8               	btfss	status,2,c
  6492   002290  EF4C  F011         	goto	u2431
  6493   002294  EF4E  F011         	goto	u2430
  6494   002298                     u2431:
  6495   002298  EF3C  F011         	goto	l3208
  6496   00229C                     u2430:
  6497   00229C                     
  6498                           ;Uarts.c: 163:     if (lp == 0 || lp > len) return -1;
  6499   00229C  5012               	movf	IndexOf_Str@lp^0,w,c
  6500   00229E  B4D8               	btfsc	status,2,c
  6501   0022A0  EF54  F011         	goto	u2441
  6502   0022A4  EF56  F011         	goto	u2440
  6503   0022A8                     u2441:
  6504   0022A8  EF5F  F011         	goto	l3216
  6505   0022AC                     u2440:
  6506   0022AC  5012               	movf	IndexOf_Str@lp^0,w,c
  6507   0022AE  5C0F               	subwf	IndexOf_Str@len^0,w,c
  6508   0022B0  B0D8               	btfsc	status,0,c
  6509   0022B2  EF5D  F011         	goto	u2451
  6510   0022B6  EF5F  F011         	goto	u2450
  6511   0022BA                     u2451:
  6512   0022BA  EF62  F011         	goto	l467
  6513   0022BE                     u2450:
  6514   0022BE                     l3216:
  6515   0022BE  0EFF               	movlw	255
  6516   0022C0  EFAE  F011         	goto	l470
  6517   0022C4                     l467:
  6518                           
  6519                           ;Uarts.c: 165:     for (i = 0; i <= (uint8_t) (len - lp); i++) {
  6520   0022C4  6A10               	clrf	IndexOf_Str@i^0,c
  6521   0022C6  EFA0  F011         	goto	l3236
  6522   0022CA                     l472:
  6523                           
  6524                           ;Uarts.c: 166:         for (j = 0; j < lp; j++) {
  6525   0022CA  6A11               	clrf	IndexOf_Str@j^0,c
  6526   0022CC  EF8A  F011         	goto	l3226
  6527   0022D0                     l3220:
  6528                           
  6529                           ;Uarts.c: 167:             if (buf[i + j] != (uint8_t) patron[j]) break;
  6530   0022D0  5010               	movf	IndexOf_Str@i^0,w,c
  6531   0022D2  2408               	addwf	IndexOf_Str@buf^0,w,c
  6532   0022D4  6E0B               	movwf	??_IndexOf_Str^0,c
  6533   0022D6  0E00               	movlw	0
  6534   0022D8  2009               	addwfc	(IndexOf_Str@buf+1)^0,w,c
  6535   0022DA  6E0C               	movwf	(??_IndexOf_Str+1)^0,c
  6536   0022DC  5011               	movf	IndexOf_Str@j^0,w,c
  6537   0022DE  240B               	addwf	??_IndexOf_Str^0,w,c
  6538   0022E0  6ED9               	movwf	fsr2l,c
  6539   0022E2  0E00               	movlw	0
  6540   0022E4  200C               	addwfc	(??_IndexOf_Str+1)^0,w,c
  6541   0022E6  6EDA               	movwf	fsr2h,c
  6542   0022E8  50DF               	movf	indf2,w,c
  6543   0022EA  6E0D               	movwf	(??_IndexOf_Str+2)^0,c
  6544   0022EC  500A               	movf	IndexOf_Str@patron^0,w,c
  6545   0022EE  2411               	addwf	IndexOf_Str@j^0,w,c
  6546   0022F0  6E0E               	movwf	(??_IndexOf_Str+3)^0,c
  6547   0022F2  C00E  FFF6         	movff	??_IndexOf_Str+3,tblptrl
  6548   0022F6                     	if	1	;There is more than 1 active tblptr byte
  6549   0022F6  0E10               	movlw	high __smallconst
  6550   0022F8  6EF7               	movwf	tblptrh,c
  6551   0022FA                     	endif
  6552   0022FA                     	if	0	;tblptru may be non-zero
  6553   0022FA                     	endif
  6554   0022FA                     	if	0	;tblptru may be non-zero
  6555   0022FA                     	endif
  6556   0022FA  0008               	tblrd		*
  6557   0022FC  50F5               	movf	tablat,w,c
  6558   0022FE  180D               	xorwf	(??_IndexOf_Str+2)^0,w,c
  6559   002300  B4D8               	btfsc	status,2,c
  6560   002302  EF85  F011         	goto	u2461
  6561   002306  EF87  F011         	goto	u2460
  6562   00230A                     u2461:
  6563   00230A  EF89  F011         	goto	l3224
  6564   00230E                     u2460:
  6565   00230E  EF93  F011         	goto	l3228
  6566   002312                     l3224:
  6567                           
  6568                           ;Uarts.c: 168:         }
  6569   002312  2A11               	incf	IndexOf_Str@j^0,f,c
  6570   002314                     l3226:
  6571   002314  5012               	movf	IndexOf_Str@lp^0,w,c
  6572   002316  5C11               	subwf	IndexOf_Str@j^0,w,c
  6573   002318  A0D8               	btfss	status,0,c
  6574   00231A  EF91  F011         	goto	u2471
  6575   00231E  EF93  F011         	goto	u2470
  6576   002322                     u2471:
  6577   002322  EF68  F011         	goto	l3220
  6578   002326                     u2470:
  6579   002326                     l3228:
  6580                           
  6581                           ;Uarts.c: 169:         if (j == lp) return (int8_t) i;
  6582   002326  5012               	movf	IndexOf_Str@lp^0,w,c
  6583   002328  1811               	xorwf	IndexOf_Str@j^0,w,c
  6584   00232A  A4D8               	btfss	status,2,c
  6585   00232C  EF9A  F011         	goto	u2481
  6586   002330  EF9C  F011         	goto	u2480
  6587   002334                     u2481:
  6588   002334  EF9F  F011         	goto	l3234
  6589   002338                     u2480:
  6590   002338  5010               	movf	IndexOf_Str@i^0,w,c
  6591   00233A  EFAE  F011         	goto	l470
  6592   00233E                     l3234:
  6593                           
  6594                           ;Uarts.c: 170:     }
  6595   00233E  2A10               	incf	IndexOf_Str@i^0,f,c
  6596   002340                     l3236:
  6597   002340  5012               	movf	IndexOf_Str@lp^0,w,c
  6598   002342  5C0F               	subwf	IndexOf_Str@len^0,w,c
  6599   002344  6E0B               	movwf	??_IndexOf_Str^0,c
  6600   002346  5010               	movf	IndexOf_Str@i^0,w,c
  6601   002348  5C0B               	subwf	??_IndexOf_Str^0,w,c
  6602   00234A  B0D8               	btfsc	status,0,c
  6603   00234C  EFAA  F011         	goto	u2491
  6604   002350  EFAC  F011         	goto	u2490
  6605   002354                     u2491:
  6606   002354  EF65  F011         	goto	l472
  6607   002358                     u2490:
  6608   002358  EF5F  F011         	goto	l3216
  6609   00235C                     l470:
  6610   00235C  0012               	return		;funcret
  6611   00235E                     __end_of_IndexOf_Str:
  6612                           	callstack 0
  6613                           
  6614 ;; *************** function _Texto_Length *****************
  6615 ;; Defined at:
  6616 ;;		line 174 in file "Uarts.c"
  6617 ;; Parameters:    Size  Location     Type
  6618 ;;  texto           2    4[COMRAM] PTR unsigned char 
  6619 ;;		 -> Buffer_U2(201), Buffer_U1(101), 
  6620 ;; Auto vars:     Size  Location     Type
  6621 ;;  contador        1    6[COMRAM] unsigned char 
  6622 ;; Return value:  Size  Location     Type
  6623 ;;                  1    wreg      unsigned char 
  6624 ;; Registers used:
  6625 ;;		wreg, fsr2l, fsr2h, status,2, status,0
  6626 ;; Tracked objects:
  6627 ;;		On entry : 0/0
  6628 ;;		On exit  : 0/0
  6629 ;;		Unchanged: 0/0
  6630 ;; Data sizes:     COMRAM   BANK0   BANK1   BANK2   BANK3   BANK4   BANK5   BANK6   BANK7   BANK8   BANK9  BANK10  BANK1
      +1  BANK12  BANK13  BANK14  BANK15
  6631 ;;      Params:         2       0       0       0       0       0       0       0       0       0       0       0       
      +0       0       0       0       0
  6632 ;;      Locals:         1       0       0       0       0       0       0       0       0       0       0       0       
      +0       0       0       0       0
  6633 ;;      Temps:          0       0       0       0       0       0       0       0       0       0       0       0       
      +0       0       0       0       0
  6634 ;;      Totals:         3       0       0       0       0       0       0       0       0       0       0       0       
      +0       0       0       0       0
  6635 ;;Total ram usage:        3 bytes
  6636 ;; Hardware stack levels used: 1
  6637 ;; Hardware stack levels required when called: 2
  6638 ;; This function calls:
  6639 ;;		Nothing
  6640 ;; This function is called by:
  6641 ;;		_IndexOf_Str
  6642 ;;		_Get_Comando
  6643 ;; This function uses a non-reentrant model
  6644 ;;
  6645                           
  6646                           	psect	text18
  6647   00337E                     __ptext18:
  6648                           	callstack 0
  6649   00337E                     _Texto_Length:
  6650                           	callstack 25
  6651   00337E                     
  6652                           ;Uarts.c: 175:     uint8_t contador = 0;
  6653   00337E  6A07               	clrf	Texto_Length@contador^0,c
  6654                           
  6655                           ;Uarts.c: 176:     while (contador < 200 && *texto++) contador++;
  6656   003380  EFC3  F019         	goto	l3148
  6657   003384                     l3146:
  6658   003384  2A07               	incf	Texto_Length@contador^0,f,c
  6659   003386                     l3148:
  6660   003386  0EC8               	movlw	200
  6661   003388  6007               	cpfslt	Texto_Length@contador^0,c
  6662   00338A  EFC9  F019         	goto	u2331
  6663   00338E  EFCB  F019         	goto	u2330
  6664   003392                     u2331:
  6665   003392  EFD9  F019         	goto	l3152
  6666   003396                     u2330:
  6667   003396  C005  FFD9         	movff	Texto_Length@texto,fsr2l
  6668   00339A  C006  FFDA         	movff	Texto_Length@texto+1,fsr2h
  6669   00339E  4A05               	infsnz	Texto_Length@texto^0,f,c
  6670   0033A0  2A06               	incf	(Texto_Length@texto+1)^0,f,c
  6671   0033A2  50DF               	movf	indf2,w,c
  6672   0033A4  A4D8               	btfss	status,2,c
  6673   0033A6  EFD7  F019         	goto	u2341
  6674   0033AA  EFD9  F019         	goto	u2340
  6675   0033AE                     u2341:
  6676   0033AE  EFC2  F019         	goto	l3146
  6677   0033B2                     u2340:
  6678   0033B2                     l3152:
  6679                           
  6680                           ;Uarts.c: 177:     return contador;
  6681   0033B2  5007               	movf	Texto_Length@contador^0,w,c
  6682   0033B4  0012               	return		;funcret
  6683   0033B6                     __end_of_Texto_Length:
  6684                           	callstack 0
  6685                           
  6686 ;; *************** function _UART2_Init *****************
  6687 ;; Defined at:
  6688 ;;		line 87 in file "Uarts.c"
  6689 ;; Parameters:    Size  Location     Type
  6690 ;;  Baud            4   17[COMRAM] unsigned long 
  6691 ;; Auto vars:     Size  Location     Type
  6692 ;;  brg             2   25[COMRAM] unsigned short 
  6693 ;; Return value:  Size  Location     Type
  6694 ;;                  1    wreg      void 
  6695 ;; Registers used:
  6696 ;;		wreg, status,2, status,0, cstack
  6697 ;; Tracked objects:
  6698 ;;		On entry : 0/0
  6699 ;;		On exit  : 0/0
  6700 ;;		Unchanged: 0/0
  6701 ;; Data sizes:     COMRAM   BANK0   BANK1   BANK2   BANK3   BANK4   BANK5   BANK6   BANK7   BANK8   BANK9  BANK10  BANK1
      +1  BANK12  BANK13  BANK14  BANK15
  6702 ;;      Params:         4       0       0       0       0       0       0       0       0       0       0       0       
      +0       0       0       0       0
  6703 ;;      Locals:         2       0       0       0       0       0       0       0       0       0       0       0       
      +0       0       0       0       0
  6704 ;;      Temps:          4       0       0       0       0       0       0       0       0       0       0       0       
      +0       0       0       0       0
  6705 ;;      Totals:        10       0       0       0       0       0       0       0       0       0       0       0       
      +0       0       0       0       0
  6706 ;;Total ram usage:       10 bytes
  6707 ;; Hardware stack levels used: 1
  6708 ;; Hardware stack levels required when called: 3
  6709 ;; This function calls:
  6710 ;;		___lldiv
  6711 ;; This function is called by:
  6712 ;;		_main
  6713 ;; This function uses a non-reentrant model
  6714 ;;
  6715                           
  6716                           	psect	text19
  6717   002BF0                     __ptext19:
  6718                           	callstack 0
  6719   002BF0                     _UART2_Init:
  6720                           	callstack 27
  6721   002BF0                     
  6722                           ;Uarts.c: 88:     uint16_t brg;;Uarts.c: 89:     if (Baud == 0UL) return;
  6723   002BF0  5012               	movf	UART2_Init@Baud^0,w,c
  6724   002BF2  1013               	iorwf	(UART2_Init@Baud+1)^0,w,c
  6725   002BF4  1014               	iorwf	(UART2_Init@Baud+2)^0,w,c
  6726   002BF6  1015               	iorwf	(UART2_Init@Baud+3)^0,w,c
  6727   002BF8  A4D8               	btfss	status,2,c
  6728   002BFA  EF01  F016         	goto	u3321
  6729   002BFE  EF03  F016         	goto	u3320
  6730   002C02                     u3321:
  6731   002C02  EF05  F016         	goto	l3936
  6732   002C06                     u3320:
  6733   002C06  EF44  F016         	goto	l413
  6734   002C0A                     l3936:
  6735                           
  6736                           ;Uarts.c: 91:     brg = (uint16_t) ((((16000000 / 4UL) + (Baud / 2UL)) / Baud) - 1UL);
  6737   002C0A  C012  F016         	movff	UART2_Init@Baud,??_UART2_Init
  6738   002C0E  C013  F017         	movff	UART2_Init@Baud+1,??_UART2_Init+1
  6739   002C12  C014  F018         	movff	UART2_Init@Baud+2,??_UART2_Init+2
  6740   002C16  C015  F019         	movff	UART2_Init@Baud+3,??_UART2_Init+3
  6741   002C1A  90D8               	bcf	status,0,c
  6742   002C1C  3219               	rrcf	(??_UART2_Init+3)^0,f,c
  6743   002C1E  3218               	rrcf	(??_UART2_Init+2)^0,f,c
  6744   002C20  3217               	rrcf	(??_UART2_Init+1)^0,f,c
  6745   002C22  3216               	rrcf	??_UART2_Init^0,f,c
  6746   002C24  0E00               	movlw	0
  6747   002C26  2416               	addwf	??_UART2_Init^0,w,c
  6748   002C28  6E05               	movwf	___lldiv@dividend^0,c
  6749   002C2A  0E09               	movlw	9
  6750   002C2C  2017               	addwfc	(??_UART2_Init+1)^0,w,c
  6751   002C2E  6E06               	movwf	(___lldiv@dividend+1)^0,c
  6752   002C30  0E3D               	movlw	61
  6753   002C32  2018               	addwfc	(??_UART2_Init+2)^0,w,c
  6754   002C34  6E07               	movwf	(___lldiv@dividend+2)^0,c
  6755   002C36  0E00               	movlw	0
  6756   002C38  2019               	addwfc	(??_UART2_Init+3)^0,w,c
  6757   002C3A  6E08               	movwf	(___lldiv@dividend+3)^0,c
  6758   002C3C  C012  F009         	movff	UART2_Init@Baud,___lldiv@divisor
  6759   002C40  C013  F00A         	movff	UART2_Init@Baud+1,___lldiv@divisor+1
  6760   002C44  C014  F00B         	movff	UART2_Init@Baud+2,___lldiv@divisor+2
  6761   002C48  C015  F00C         	movff	UART2_Init@Baud+3,___lldiv@divisor+3
  6762   002C4C  ECB6  F014         	call	___lldiv	;wreg free
  6763   002C50  0EFF               	movlw	255
  6764   002C52  2405               	addwf	?___lldiv^0,w,c
  6765   002C54  6E1A               	movwf	UART2_Init@brg^0,c
  6766   002C56  0EFF               	movlw	255
  6767   002C58  2006               	addwfc	(?___lldiv+1)^0,w,c
  6768   002C5A  6E1B               	movwf	(UART2_Init@brg+1)^0,c
  6769   002C5C                     
  6770                           ;Uarts.c: 93:     ANSELDbits.ANSD6 = 0;
  6771   002C5C  010F               	movlb	15	; () banked
  6772   002C5E  9D3B               	bcf	59,6,b	;volatile
  6773   002C60                     
  6774                           ; BSR set to: 15
  6775                           ;Uarts.c: 94:     ANSELDbits.ANSD7 = 0;
  6776   002C60  9F3B               	bcf	59,7,b	;volatile
  6777   002C62                     
  6778                           ; BSR set to: 15
  6779                           ;Uarts.c: 95:     TRISDbits.TRISD6 = 0;
  6780   002C62  9C95               	bcf	149,6,c	;volatile
  6781   002C64                     
  6782                           ; BSR set to: 15
  6783                           ;Uarts.c: 96:     TRISDbits.TRISD7 = 1;
  6784   002C64  8E95               	bsf	149,7,c	;volatile
  6785   002C66                     
  6786                           ; BSR set to: 15
  6787                           ;Uarts.c: 98:     RCSTA2 = 0x00;
  6788   002C66  6A71               	clrf	113,c	;volatile
  6789   002C68                     
  6790                           ; BSR set to: 15
  6791                           ;Uarts.c: 99:     TXSTA2 = 0x00;
  6792   002C68  6A72               	clrf	114,c	;volatile
  6793   002C6A                     
  6794                           ; BSR set to: 15
  6795                           ;Uarts.c: 100:     BAUDCON2 = 0x00;
  6796   002C6A  6A70               	clrf	112,c	;volatile
  6797   002C6C                     
  6798                           ; BSR set to: 15
  6799                           ;Uarts.c: 102:     BAUDCON2bits.BRG16 = 1;
  6800   002C6C  8670               	bsf	112,3,c	;volatile
  6801   002C6E                     
  6802                           ; BSR set to: 15
  6803                           ;Uarts.c: 103:     TXSTA2bits.BRGH = 1;
  6804   002C6E  8472               	bsf	114,2,c	;volatile
  6805   002C70                     
  6806                           ; BSR set to: 15
  6807                           ;Uarts.c: 104:     SPBRGH2 = (uint8_t) (brg >> 8);
  6808   002C70  501B               	movf	(UART2_Init@brg+1)^0,w,c
  6809   002C72  6E76               	movwf	118,c	;volatile
  6810   002C74                     
  6811                           ; BSR set to: 15
  6812                           ;Uarts.c: 105:     SPBRG2 = (uint8_t) (brg & 0x00FF);
  6813   002C74  C01A  FF75         	movff	UART2_Init@brg,3957	;volatile
  6814   002C78                     
  6815                           ; BSR set to: 15
  6816                           ;Uarts.c: 107:     TXSTA2bits.SYNC = 0;
  6817   002C78  9872               	bcf	114,4,c	;volatile
  6818   002C7A                     
  6819                           ; BSR set to: 15
  6820                           ;Uarts.c: 108:     TXSTA2bits.TX9 = 0;
  6821   002C7A  9C72               	bcf	114,6,c	;volatile
  6822   002C7C                     
  6823                           ; BSR set to: 15
  6824                           ;Uarts.c: 109:     RCSTA2bits.RX9 = 0;
  6825   002C7C  9C71               	bcf	113,6,c	;volatile
  6826   002C7E                     
  6827                           ; BSR set to: 15
  6828                           ;Uarts.c: 110:     RCSTA2bits.SPEN = 1;
  6829   002C7E  8E71               	bsf	113,7,c	;volatile
  6830   002C80                     
  6831                           ; BSR set to: 15
  6832                           ;Uarts.c: 111:     TXSTA2bits.TXEN = 1;
  6833   002C80  8A72               	bsf	114,5,c	;volatile
  6834   002C82                     
  6835                           ; BSR set to: 15
  6836                           ;Uarts.c: 112:     RCSTA2bits.CREN = 1;
  6837   002C82  8871               	bsf	113,4,c	;volatile
  6838   002C84                     
  6839                           ; BSR set to: 15
  6840                           ;Uarts.c: 114:     PIE3bits.RC2IE = 1;
  6841   002C84  8AA3               	bsf	163,5,c	;volatile
  6842   002C86                     
  6843                           ; BSR set to: 15
  6844                           ;Uarts.c: 115:     PIR3bits.RC2IF = 0;
  6845   002C86  9AA4               	bcf	164,5,c	;volatile
  6846   002C88                     l413:
  6847   002C88  0012               	return		;funcret
  6848   002C8A                     __end_of_UART2_Init:
  6849                           	callstack 0
  6850                           
  6851 ;; *************** function _UART1_Init *****************
  6852 ;; Defined at:
  6853 ;;		line 56 in file "Uarts.c"
  6854 ;; Parameters:    Size  Location     Type
  6855 ;;  Baud            4   17[COMRAM] unsigned long 
  6856 ;; Auto vars:     Size  Location     Type
  6857 ;;  brg             2   25[COMRAM] unsigned short 
  6858 ;; Return value:  Size  Location     Type
  6859 ;;                  1    wreg      void 
  6860 ;; Registers used:
  6861 ;;		wreg, status,2, status,0, cstack
  6862 ;; Tracked objects:
  6863 ;;		On entry : 0/0
  6864 ;;		On exit  : 0/0
  6865 ;;		Unchanged: 0/0
  6866 ;; Data sizes:     COMRAM   BANK0   BANK1   BANK2   BANK3   BANK4   BANK5   BANK6   BANK7   BANK8   BANK9  BANK10  BANK1
      +1  BANK12  BANK13  BANK14  BANK15
  6867 ;;      Params:         4       0       0       0       0       0       0       0       0       0       0       0       
      +0       0       0       0       0
  6868 ;;      Locals:         2       0       0       0       0       0       0       0       0       0       0       0       
      +0       0       0       0       0
  6869 ;;      Temps:          4       0       0       0       0       0       0       0       0       0       0       0       
      +0       0       0       0       0
  6870 ;;      Totals:        10       0       0       0       0       0       0       0       0       0       0       0       
      +0       0       0       0       0
  6871 ;;Total ram usage:       10 bytes
  6872 ;; Hardware stack levels used: 1
  6873 ;; Hardware stack levels required when called: 3
  6874 ;; This function calls:
  6875 ;;		___lldiv
  6876 ;; This function is called by:
  6877 ;;		_main
  6878 ;; This function uses a non-reentrant model
  6879 ;;
  6880                           
  6881                           	psect	text20
  6882   002C8A                     __ptext20:
  6883                           	callstack 0
  6884   002C8A                     _UART1_Init:
  6885                           	callstack 27
  6886   002C8A                     
  6887                           ;Uarts.c: 57:     uint16_t brg;;Uarts.c: 58:     if (Baud == 0UL) return;
  6888   002C8A  5012               	movf	UART1_Init@Baud^0,w,c
  6889   002C8C  1013               	iorwf	(UART1_Init@Baud+1)^0,w,c
  6890   002C8E  1014               	iorwf	(UART1_Init@Baud+2)^0,w,c
  6891   002C90  1015               	iorwf	(UART1_Init@Baud+3)^0,w,c
  6892   002C92  A4D8               	btfss	status,2,c
  6893   002C94  EF4E  F016         	goto	u3311
  6894   002C98  EF50  F016         	goto	u3310
  6895   002C9C                     u3311:
  6896   002C9C  EF52  F016         	goto	l3892
  6897   002CA0                     u3310:
  6898   002CA0  EF91  F016         	goto	l409
  6899   002CA4                     l3892:
  6900                           
  6901                           ;Uarts.c: 60:     brg = (uint16_t) ((((16000000 / 4UL) + (Baud / 2UL)) / Baud) - 1UL);
  6902   002CA4  C012  F016         	movff	UART1_Init@Baud,??_UART1_Init
  6903   002CA8  C013  F017         	movff	UART1_Init@Baud+1,??_UART1_Init+1
  6904   002CAC  C014  F018         	movff	UART1_Init@Baud+2,??_UART1_Init+2
  6905   002CB0  C015  F019         	movff	UART1_Init@Baud+3,??_UART1_Init+3
  6906   002CB4  90D8               	bcf	status,0,c
  6907   002CB6  3219               	rrcf	(??_UART1_Init+3)^0,f,c
  6908   002CB8  3218               	rrcf	(??_UART1_Init+2)^0,f,c
  6909   002CBA  3217               	rrcf	(??_UART1_Init+1)^0,f,c
  6910   002CBC  3216               	rrcf	??_UART1_Init^0,f,c
  6911   002CBE  0E00               	movlw	0
  6912   002CC0  2416               	addwf	??_UART1_Init^0,w,c
  6913   002CC2  6E05               	movwf	___lldiv@dividend^0,c
  6914   002CC4  0E09               	movlw	9
  6915   002CC6  2017               	addwfc	(??_UART1_Init+1)^0,w,c
  6916   002CC8  6E06               	movwf	(___lldiv@dividend+1)^0,c
  6917   002CCA  0E3D               	movlw	61
  6918   002CCC  2018               	addwfc	(??_UART1_Init+2)^0,w,c
  6919   002CCE  6E07               	movwf	(___lldiv@dividend+2)^0,c
  6920   002CD0  0E00               	movlw	0
  6921   002CD2  2019               	addwfc	(??_UART1_Init+3)^0,w,c
  6922   002CD4  6E08               	movwf	(___lldiv@dividend+3)^0,c
  6923   002CD6  C012  F009         	movff	UART1_Init@Baud,___lldiv@divisor
  6924   002CDA  C013  F00A         	movff	UART1_Init@Baud+1,___lldiv@divisor+1
  6925   002CDE  C014  F00B         	movff	UART1_Init@Baud+2,___lldiv@divisor+2
  6926   002CE2  C015  F00C         	movff	UART1_Init@Baud+3,___lldiv@divisor+3
  6927   002CE6  ECB6  F014         	call	___lldiv	;wreg free
  6928   002CEA  0EFF               	movlw	255
  6929   002CEC  2405               	addwf	?___lldiv^0,w,c
  6930   002CEE  6E1A               	movwf	UART1_Init@brg^0,c
  6931   002CF0  0EFF               	movlw	255
  6932   002CF2  2006               	addwfc	(?___lldiv+1)^0,w,c
  6933   002CF4  6E1B               	movwf	(UART1_Init@brg+1)^0,c
  6934   002CF6                     
  6935                           ;Uarts.c: 62:     ANSELCbits.ANSC6 = 0;
  6936   002CF6  010F               	movlb	15	; () banked
  6937   002CF8  9D3A               	bcf	58,6,b	;volatile
  6938   002CFA                     
  6939                           ; BSR set to: 15
  6940                           ;Uarts.c: 63:     ANSELCbits.ANSC7 = 0;
  6941   002CFA  9F3A               	bcf	58,7,b	;volatile
  6942   002CFC                     
  6943                           ; BSR set to: 15
  6944                           ;Uarts.c: 64:     TRISCbits.TRISC6 = 0;
  6945   002CFC  9C94               	bcf	148,6,c	;volatile
  6946   002CFE                     
  6947                           ; BSR set to: 15
  6948                           ;Uarts.c: 65:     TRISCbits.TRISC7 = 1;
  6949   002CFE  8E94               	bsf	148,7,c	;volatile
  6950   002D00                     
  6951                           ; BSR set to: 15
  6952                           ;Uarts.c: 67:     RCSTA1 = 0x00;
  6953   002D00  6AAB               	clrf	171,c	;volatile
  6954   002D02                     
  6955                           ; BSR set to: 15
  6956                           ;Uarts.c: 68:     TXSTA1 = 0x00;
  6957   002D02  6AAC               	clrf	172,c	;volatile
  6958   002D04                     
  6959                           ; BSR set to: 15
  6960                           ;Uarts.c: 69:     BAUDCON1 = 0x00;
  6961   002D04  6AB8               	clrf	184,c	;volatile
  6962   002D06                     
  6963                           ; BSR set to: 15
  6964                           ;Uarts.c: 71:     BAUDCON1bits.BRG16 = 1;
  6965   002D06  86B8               	bsf	184,3,c	;volatile
  6966   002D08                     
  6967                           ; BSR set to: 15
  6968                           ;Uarts.c: 72:     TXSTA1bits.BRGH = 1;
  6969   002D08  84AC               	bsf	172,2,c	;volatile
  6970   002D0A                     
  6971                           ; BSR set to: 15
  6972                           ;Uarts.c: 73:     SPBRGH1 = (uint8_t) (brg >> 8);
  6973   002D0A  501B               	movf	(UART1_Init@brg+1)^0,w,c
  6974   002D0C  6EB0               	movwf	176,c	;volatile
  6975   002D0E                     
  6976                           ; BSR set to: 15
  6977                           ;Uarts.c: 74:     SPBRG1 = (uint8_t) (brg & 0x00FF);
  6978   002D0E  C01A  FFAF         	movff	UART1_Init@brg,4015	;volatile
  6979   002D12                     
  6980                           ; BSR set to: 15
  6981                           ;Uarts.c: 76:     TXSTA1bits.SYNC = 0;
  6982   002D12  98AC               	bcf	172,4,c	;volatile
  6983   002D14                     
  6984                           ; BSR set to: 15
  6985                           ;Uarts.c: 77:     TXSTA1bits.TX9 = 0;
  6986   002D14  9CAC               	bcf	172,6,c	;volatile
  6987   002D16                     
  6988                           ; BSR set to: 15
  6989                           ;Uarts.c: 78:     RCSTA1bits.RX9 = 0;
  6990   002D16  9CAB               	bcf	171,6,c	;volatile
  6991   002D18                     
  6992                           ; BSR set to: 15
  6993                           ;Uarts.c: 79:     RCSTA1bits.SPEN = 1;
  6994   002D18  8EAB               	bsf	171,7,c	;volatile
  6995   002D1A                     
  6996                           ; BSR set to: 15
  6997                           ;Uarts.c: 80:     TXSTA1bits.TXEN = 1;
  6998   002D1A  8AAC               	bsf	172,5,c	;volatile
  6999   002D1C                     
  7000                           ; BSR set to: 15
  7001                           ;Uarts.c: 81:     RCSTA1bits.CREN = 1;
  7002   002D1C  88AB               	bsf	171,4,c	;volatile
  7003   002D1E                     
  7004                           ; BSR set to: 15
  7005                           ;Uarts.c: 83:     PIE1bits.RCIE = 1;
  7006   002D1E  8A9D               	bsf	157,5,c	;volatile
  7007   002D20                     
  7008                           ; BSR set to: 15
  7009                           ;Uarts.c: 84:     PIR1bits.RCIF = 0;
  7010   002D20  9A9E               	bcf	158,5,c	;volatile
  7011   002D22                     l409:
  7012   002D22  0012               	return		;funcret
  7013   002D24                     __end_of_UART1_Init:
  7014                           	callstack 0
  7015                           
  7016 ;; *************** function ___lldiv *****************
  7017 ;; Defined at:
  7018 ;;		line 7 in file "C:\Program Files\Microchip\xc8\v3.00\pic\sources\c99\common\__lldiv.c"
  7019 ;; Parameters:    Size  Location     Type
  7020 ;;  dividend        4    4[COMRAM] unsigned long 
  7021 ;;  divisor         4    8[COMRAM] unsigned long 
  7022 ;; Auto vars:     Size  Location     Type
  7023 ;;  quotient        4   12[COMRAM] unsigned long 
  7024 ;;  counter         1   16[COMRAM] unsigned char 
  7025 ;; Return value:  Size  Location     Type
  7026 ;;                  4    4[COMRAM] unsigned long 
  7027 ;; Registers used:
  7028 ;;		wreg, status,2, status,0
  7029 ;; Tracked objects:
  7030 ;;		On entry : 0/0
  7031 ;;		On exit  : 0/0
  7032 ;;		Unchanged: 0/0
  7033 ;; Data sizes:     COMRAM   BANK0   BANK1   BANK2   BANK3   BANK4   BANK5   BANK6   BANK7   BANK8   BANK9  BANK10  BANK1
      +1  BANK12  BANK13  BANK14  BANK15
  7034 ;;      Params:         8       0       0       0       0       0       0       0       0       0       0       0       
      +0       0       0       0       0
  7035 ;;      Locals:         5       0       0       0       0       0       0       0       0       0       0       0       
      +0       0       0       0       0
  7036 ;;      Temps:          0       0       0       0       0       0       0       0       0       0       0       0       
      +0       0       0       0       0
  7037 ;;      Totals:        13       0       0       0       0       0       0       0       0       0       0       0       
      +0       0       0       0       0
  7038 ;;Total ram usage:       13 bytes
  7039 ;; Hardware stack levels used: 1
  7040 ;; Hardware stack levels required when called: 2
  7041 ;; This function calls:
  7042 ;;		Nothing
  7043 ;; This function is called by:
  7044 ;;		_UART1_Init
  7045 ;;		_UART2_Init
  7046 ;; This function uses a non-reentrant model
  7047 ;;
  7048                           
  7049                           	psect	text21
  7050   00296C                     __ptext21:
  7051                           	callstack 0
  7052   00296C                     ___lldiv:
  7053                           	callstack 27
  7054   00296C  0E00               	movlw	0
  7055   00296E  6E0D               	movwf	___lldiv@quotient^0,c
  7056   002970  0E00               	movlw	0
  7057   002972  6E0E               	movwf	(___lldiv@quotient+1)^0,c
  7058   002974  0E00               	movlw	0
  7059   002976  6E0F               	movwf	(___lldiv@quotient+2)^0,c
  7060   002978  0E00               	movlw	0
  7061   00297A  6E10               	movwf	(___lldiv@quotient+3)^0,c
  7062   00297C  5009               	movf	___lldiv@divisor^0,w,c
  7063   00297E  100A               	iorwf	(___lldiv@divisor+1)^0,w,c
  7064   002980  100B               	iorwf	(___lldiv@divisor+2)^0,w,c
  7065   002982  100C               	iorwf	(___lldiv@divisor+3)^0,w,c
  7066   002984  B4D8               	btfsc	status,2,c
  7067   002986  EFC7  F014         	goto	u3171
  7068   00298A  EFC9  F014         	goto	u3170
  7069   00298E                     u3171:
  7070   00298E  EFFF  F014         	goto	l731
  7071   002992                     u3170:
  7072   002992  0E01               	movlw	1
  7073   002994  6E11               	movwf	___lldiv@counter^0,c
  7074   002996  EFD3  F014         	goto	l3768
  7075   00299A                     l3766:
  7076   00299A  90D8               	bcf	status,0,c
  7077   00299C  3609               	rlcf	___lldiv@divisor^0,f,c
  7078   00299E  360A               	rlcf	(___lldiv@divisor+1)^0,f,c
  7079   0029A0  360B               	rlcf	(___lldiv@divisor+2)^0,f,c
  7080   0029A2  360C               	rlcf	(___lldiv@divisor+3)^0,f,c
  7081   0029A4  2A11               	incf	___lldiv@counter^0,f,c
  7082   0029A6                     l3768:
  7083   0029A6  AE0C               	btfss	(___lldiv@divisor+3)^0,7,c
  7084   0029A8  EFD8  F014         	goto	u3181
  7085   0029AC  EFDA  F014         	goto	u3180
  7086   0029B0                     u3181:
  7087   0029B0  EFCD  F014         	goto	l3766
  7088   0029B4                     u3180:
  7089   0029B4                     l3770:
  7090   0029B4  90D8               	bcf	status,0,c
  7091   0029B6  360D               	rlcf	___lldiv@quotient^0,f,c
  7092   0029B8  360E               	rlcf	(___lldiv@quotient+1)^0,f,c
  7093   0029BA  360F               	rlcf	(___lldiv@quotient+2)^0,f,c
  7094   0029BC  3610               	rlcf	(___lldiv@quotient+3)^0,f,c
  7095   0029BE  5009               	movf	___lldiv@divisor^0,w,c
  7096   0029C0  5C05               	subwf	___lldiv@dividend^0,w,c
  7097   0029C2  500A               	movf	(___lldiv@divisor+1)^0,w,c
  7098   0029C4  5806               	subwfb	(___lldiv@dividend+1)^0,w,c
  7099   0029C6  500B               	movf	(___lldiv@divisor+2)^0,w,c
  7100   0029C8  5807               	subwfb	(___lldiv@dividend+2)^0,w,c
  7101   0029CA  500C               	movf	(___lldiv@divisor+3)^0,w,c
  7102   0029CC  5808               	subwfb	(___lldiv@dividend+3)^0,w,c
  7103   0029CE  A0D8               	btfss	status,0,c
  7104   0029D0  EFEC  F014         	goto	u3191
  7105   0029D4  EFEE  F014         	goto	u3190
  7106   0029D8                     u3191:
  7107   0029D8  EFF7  F014         	goto	l3778
  7108   0029DC                     u3190:
  7109   0029DC  5009               	movf	___lldiv@divisor^0,w,c
  7110   0029DE  5E05               	subwf	___lldiv@dividend^0,f,c
  7111   0029E0  500A               	movf	(___lldiv@divisor+1)^0,w,c
  7112   0029E2  5A06               	subwfb	(___lldiv@dividend+1)^0,f,c
  7113   0029E4  500B               	movf	(___lldiv@divisor+2)^0,w,c
  7114   0029E6  5A07               	subwfb	(___lldiv@dividend+2)^0,f,c
  7115   0029E8  500C               	movf	(___lldiv@divisor+3)^0,w,c
  7116   0029EA  5A08               	subwfb	(___lldiv@dividend+3)^0,f,c
  7117   0029EC  800D               	bsf	___lldiv@quotient^0,0,c
  7118   0029EE                     l3778:
  7119   0029EE  90D8               	bcf	status,0,c
  7120   0029F0  320C               	rrcf	(___lldiv@divisor+3)^0,f,c
  7121   0029F2  320B               	rrcf	(___lldiv@divisor+2)^0,f,c
  7122   0029F4  320A               	rrcf	(___lldiv@divisor+1)^0,f,c
  7123   0029F6  3209               	rrcf	___lldiv@divisor^0,f,c
  7124   0029F8  2E11               	decfsz	___lldiv@counter^0,f,c
  7125   0029FA  EFDA  F014         	goto	l3770
  7126   0029FE                     l731:
  7127   0029FE  C00D  F005         	movff	___lldiv@quotient,?___lldiv
  7128   002A02  C00E  F006         	movff	___lldiv@quotient+1,?___lldiv+1
  7129   002A06  C00F  F007         	movff	___lldiv@quotient+2,?___lldiv+2
  7130   002A0A  C010  F008         	movff	___lldiv@quotient+3,?___lldiv+3
  7131   002A0E  0012               	return		;funcret
  7132   002A10                     __end_of___lldiv:
  7133                           	callstack 0
  7134                           
  7135 ;; *************** function _Timer2_Init *****************
  7136 ;; Defined at:
  7137 ;;		line 52 in file "Timers.c"
  7138 ;; Parameters:    Size  Location     Type
  7139 ;;		None
  7140 ;; Auto vars:     Size  Location     Type
  7141 ;;		None
  7142 ;; Return value:  Size  Location     Type
  7143 ;;                  1    wreg      void 
  7144 ;; Registers used:
  7145 ;;		wreg, status,2
  7146 ;; Tracked objects:
  7147 ;;		On entry : 0/0
  7148 ;;		On exit  : 0/0
  7149 ;;		Unchanged: 0/0
  7150 ;; Data sizes:     COMRAM   BANK0   BANK1   BANK2   BANK3   BANK4   BANK5   BANK6   BANK7   BANK8   BANK9  BANK10  BANK1
      +1  BANK12  BANK13  BANK14  BANK15
  7151 ;;      Params:         0       0       0       0       0       0       0       0       0       0       0       0       
      +0       0       0       0       0
  7152 ;;      Locals:         0       0       0       0       0       0       0       0       0       0       0       0       
      +0       0       0       0       0
  7153 ;;      Temps:          0       0       0       0       0       0       0       0       0       0       0       0       
      +0       0       0       0       0
  7154 ;;      Totals:         0       0       0       0       0       0       0       0       0       0       0       0       
      +0       0       0       0       0
  7155 ;;Total ram usage:        0 bytes
  7156 ;; Hardware stack levels used: 1
  7157 ;; Hardware stack levels required when called: 2
  7158 ;; This function calls:
  7159 ;;		Nothing
  7160 ;; This function is called by:
  7161 ;;		_main
  7162 ;; This function uses a non-reentrant model
  7163 ;;
  7164                           
  7165                           	psect	text22
  7166   00349A                     __ptext22:
  7167                           	callstack 0
  7168   00349A                     _Timer2_Init:
  7169                           	callstack 28
  7170   00349A                     
  7171                           ;Timers.c: 53:     T2CON = 0x00;
  7172   00349A  6ABA               	clrf	186,c	;volatile
  7173   00349C                     
  7174                           ;Timers.c: 54:     PR2 = 249;
  7175   00349C  0EF9               	movlw	249
  7176   00349E  6EBB               	movwf	187,c	;volatile
  7177   0034A0                     
  7178                           ;Timers.c: 55:     TMR2 = 0;
  7179   0034A0  6ABC               	clrf	188,c	;volatile
  7180   0034A2                     
  7181                           ;Timers.c: 56:     PIR1bits.TMR2IF = 0;
  7182   0034A2  929E               	bcf	158,1,c	;volatile
  7183   0034A4                     
  7184                           ;Timers.c: 57:     PIE1bits.TMR2IE = 1;
  7185   0034A4  829D               	bsf	157,1,c	;volatile
  7186                           
  7187                           ;Timers.c: 58:     T2CON = 0x4E;
  7188   0034A6  0E4E               	movlw	78
  7189   0034A8  6EBA               	movwf	186,c	;volatile
  7190   0034AA  0012               	return		;funcret
  7191   0034AC                     __end_of_Timer2_Init:
  7192                           	callstack 0
  7193                           
  7194 ;; *************** function _Timer1_Init *****************
  7195 ;; Defined at:
  7196 ;;		line 42 in file "Timers.c"
  7197 ;; Parameters:    Size  Location     Type
  7198 ;;		None
  7199 ;; Auto vars:     Size  Location     Type
  7200 ;;		None
  7201 ;; Return value:  Size  Location     Type
  7202 ;;                  1    wreg      void 
  7203 ;; Registers used:
  7204 ;;		wreg, status,2
  7205 ;; Tracked objects:
  7206 ;;		On entry : 0/0
  7207 ;;		On exit  : 0/0
  7208 ;;		Unchanged: 0/0
  7209 ;; Data sizes:     COMRAM   BANK0   BANK1   BANK2   BANK3   BANK4   BANK5   BANK6   BANK7   BANK8   BANK9  BANK10  BANK1
      +1  BANK12  BANK13  BANK14  BANK15
  7210 ;;      Params:         0       0       0       0       0       0       0       0       0       0       0       0       
      +0       0       0       0       0
  7211 ;;      Locals:         0       0       0       0       0       0       0       0       0       0       0       0       
      +0       0       0       0       0
  7212 ;;      Temps:          0       0       0       0       0       0       0       0       0       0       0       0       
      +0       0       0       0       0
  7213 ;;      Totals:         0       0       0       0       0       0       0       0       0       0       0       0       
      +0       0       0       0       0
  7214 ;;Total ram usage:        0 bytes
  7215 ;; Hardware stack levels used: 1
  7216 ;; Hardware stack levels required when called: 2
  7217 ;; This function calls:
  7218 ;;		Nothing
  7219 ;; This function is called by:
  7220 ;;		_main
  7221 ;; This function uses a non-reentrant model
  7222 ;;
  7223                           
  7224                           	psect	text23
  7225   003470                     __ptext23:
  7226                           	callstack 0
  7227   003470                     _Timer1_Init:
  7228                           	callstack 28
  7229   003470                     
  7230                           ;Timers.c: 43:     T1CON = 0x32;
  7231   003470  0E32               	movlw	50
  7232   003472  6ECD               	movwf	205,c	;volatile
  7233   003474                     
  7234                           ;Timers.c: 44:     T1GCON = 0x00;
  7235   003474  6ACC               	clrf	204,c	;volatile
  7236                           
  7237                           ;Timers.c: 45:     TMR1H = (uint8_t) (40536 >> 8);
  7238   003476  0E9E               	movlw	158
  7239   003478  6ECF               	movwf	207,c	;volatile
  7240                           
  7241                           ;Timers.c: 46:     TMR1L = (uint8_t) (40536 & 0xFF);
  7242   00347A  0E58               	movlw	88
  7243   00347C  6ECE               	movwf	206,c	;volatile
  7244   00347E                     
  7245                           ;Timers.c: 47:     PIR1bits.TMR1IF = 0;
  7246   00347E  909E               	bcf	158,0,c	;volatile
  7247   003480                     
  7248                           ;Timers.c: 48:     PIE1bits.TMR1IE = 1;
  7249   003480  809D               	bsf	157,0,c	;volatile
  7250   003482                     
  7251                           ;Timers.c: 49:     T1CONbits.TMR1ON = 0;
  7252   003482  90CD               	bcf	205,0,c	;volatile
  7253   003484  0012               	return		;funcret
  7254   003486                     __end_of_Timer1_Init:
  7255                           	callstack 0
  7256                           
  7257 ;; *************** function _Timer0_Init *****************
  7258 ;; Defined at:
  7259 ;;		line 33 in file "Timers.c"
  7260 ;; Parameters:    Size  Location     Type
  7261 ;;		None
  7262 ;; Auto vars:     Size  Location     Type
  7263 ;;		None
  7264 ;; Return value:  Size  Location     Type
  7265 ;;                  1    wreg      void 
  7266 ;; Registers used:
  7267 ;;		wreg, status,2
  7268 ;; Tracked objects:
  7269 ;;		On entry : 0/0
  7270 ;;		On exit  : 0/0
  7271 ;;		Unchanged: 0/0
  7272 ;; Data sizes:     COMRAM   BANK0   BANK1   BANK2   BANK3   BANK4   BANK5   BANK6   BANK7   BANK8   BANK9  BANK10  BANK1
      +1  BANK12  BANK13  BANK14  BANK15
  7273 ;;      Params:         0       0       0       0       0       0       0       0       0       0       0       0       
      +0       0       0       0       0
  7274 ;;      Locals:         0       0       0       0       0       0       0       0       0       0       0       0       
      +0       0       0       0       0
  7275 ;;      Temps:          0       0       0       0       0       0       0       0       0       0       0       0       
      +0       0       0       0       0
  7276 ;;      Totals:         0       0       0       0       0       0       0       0       0       0       0       0       
      +0       0       0       0       0
  7277 ;;Total ram usage:        0 bytes
  7278 ;; Hardware stack levels used: 1
  7279 ;; Hardware stack levels required when called: 2
  7280 ;; This function calls:
  7281 ;;		Nothing
  7282 ;; This function is called by:
  7283 ;;		_main
  7284 ;; This function uses a non-reentrant model
  7285 ;;
  7286                           
  7287                           	psect	text24
  7288   003486                     __ptext24:
  7289                           	callstack 0
  7290   003486                     _Timer0_Init:
  7291                           	callstack 28
  7292   003486                     
  7293                           ;Timers.c: 34:     T0CON = 0x03;
  7294   003486  0E03               	movlw	3
  7295   003488  6ED5               	movwf	213,c	;volatile
  7296                           
  7297                           ;Timers.c: 35:     TMR0H = (uint8_t) (53036 >> 8);
  7298   00348A  0ECF               	movlw	207
  7299   00348C  6ED7               	movwf	215,c	;volatile
  7300                           
  7301                           ;Timers.c: 36:     TMR0L = (uint8_t) (53036 & 0xFF);
  7302   00348E  0E2C               	movlw	44
  7303   003490  6ED6               	movwf	214,c	;volatile
  7304   003492                     
  7305                           ;Timers.c: 37:     T0CONbits.TMR0ON = 0;
  7306   003492  9ED5               	bcf	213,7,c	;volatile
  7307   003494                     
  7308                           ;Timers.c: 38:     INTCONbits.TMR0IE = 1;
  7309   003494  8AF2               	bsf	242,5,c	;volatile
  7310   003496                     
  7311                           ;Timers.c: 39:     INTCONbits.TMR0IF = 0;
  7312   003496  94F2               	bcf	242,2,c	;volatile
  7313   003498  0012               	return		;funcret
  7314   00349A                     __end_of_Timer0_Init:
  7315                           	callstack 0
  7316                           
  7317 ;; *************** function _Proceso_Led *****************
  7318 ;; Defined at:
  7319 ;;		line 17 in file "Leds.c"
  7320 ;; Parameters:    Size  Location     Type
  7321 ;;		None
  7322 ;; Auto vars:     Size  Location     Type
  7323 ;;		None
  7324 ;; Return value:  Size  Location     Type
  7325 ;;                  1    wreg      void 
  7326 ;; Registers used:
  7327 ;;		wreg, status,2, status,0, cstack
  7328 ;; Tracked objects:
  7329 ;;		On entry : 0/0
  7330 ;;		On exit  : 0/0
  7331 ;;		Unchanged: 0/0
  7332 ;; Data sizes:     COMRAM   BANK0   BANK1   BANK2   BANK3   BANK4   BANK5   BANK6   BANK7   BANK8   BANK9  BANK10  BANK1
      +1  BANK12  BANK13  BANK14  BANK15
  7333 ;;      Params:         0       0       0       0       0       0       0       0       0       0       0       0       
      +0       0       0       0       0
  7334 ;;      Locals:         0       0       0       0       0       0       0       0       0       0       0       0       
      +0       0       0       0       0
  7335 ;;      Temps:          2       0       0       0       0       0       0       0       0       0       0       0       
      +0       0       0       0       0
  7336 ;;      Totals:         2       0       0       0       0       0       0       0       0       0       0       0       
      +0       0       0       0       0
  7337 ;;Total ram usage:        2 bytes
  7338 ;; Hardware stack levels used: 1
  7339 ;; Hardware stack levels required when called: 3
  7340 ;; This function calls:
  7341 ;;		_Set_Led_Wait
  7342 ;; This function is called by:
  7343 ;;		_main
  7344 ;; This function uses a non-reentrant model
  7345 ;;
  7346                           
  7347                           	psect	text25
  7348   001CB8                     __ptext25:
  7349                           	callstack 0
  7350   001CB8                     _Proceso_Led:
  7351                           	callstack 27
  7352   001CB8                     
  7353                           ;Leds.c: 18:     if(Z_Led >= 20){
  7354   001CB8  0E13               	movlw	19
  7355   001CBA  0100               	movlb	0	; () banked
  7356   001CBC  6592               	cpfsgt	_Z_Led& (0+255),b
  7357   001CBE  EF63  F00E         	goto	u3371
  7358   001CC2  EF65  F00E         	goto	u3370
  7359   001CC6                     u3371:
  7360   001CC6  EF72  F00E         	goto	l4018
  7361   001CCA                     u3370:
  7362   001CCA                     
  7363                           ; BSR set to: 0
  7364                           ;Leds.c: 19:         if(M_Led == 1) Set_Led_Wait();
  7365   001CCA  0459               	decf	_M_Led^0,w,c
  7366   001CCC  A4D8               	btfss	status,2,c
  7367   001CCE  EF6B  F00E         	goto	u3381
  7368   001CD2  EF6D  F00E         	goto	u3380
  7369   001CD6                     u3381:
  7370   001CD6  EF6F  F00E         	goto	l4014
  7371   001CDA                     u3380:
  7372   001CDA                     
  7373                           ; BSR set to: 0
  7374   001CDA  EC5E  F01A         	call	_Set_Led_Wait	;wreg free
  7375   001CDE                     l4014:
  7376                           
  7377                           ;Leds.c: 20:         Valor_Salida = 0;
  7378   001CDE  6A58               	clrf	_Valor_Salida^0,c
  7379   001CE0                     
  7380                           ;Leds.c: 21:         Z_Led = 0;
  7381   001CE0  0100               	movlb	0	; () banked
  7382   001CE2  6B92               	clrf	_Z_Led& (0+255),b
  7383   001CE4                     l4018:
  7384                           
  7385                           ; BSR set to: 0
  7386                           ;Leds.c: 23:     if(M_Led == 1){
  7387   001CE4  0459               	decf	_M_Led^0,w,c
  7388   001CE6  A4D8               	btfss	status,2,c
  7389   001CE8  EF78  F00E         	goto	u3391
  7390   001CEC  EF7A  F00E         	goto	u3390
  7391   001CF0                     u3391:
  7392   001CF0  EF08  F00F         	goto	l4038
  7393   001CF4                     u3390:
  7394   001CF4                     
  7395                           ; BSR set to: 0
  7396                           ;Leds.c: 24:         if(T_Led >= W_Led){
  7397   001CF4  5190               	movf	_W_Led& (0+255),w,b
  7398   001CF6  5D91               	subwf	_T_Led& (0+255),w,b
  7399   001CF8  A0D8               	btfss	status,0,c
  7400   001CFA  EF81  F00E         	goto	u3401
  7401   001CFE  EF83  F00E         	goto	u3400
  7402   001D02                     u3401:
  7403   001D02  EF08  F00F         	goto	l4038
  7404   001D06                     u3400:
  7405   001D06                     
  7406                           ; BSR set to: 0
  7407                           ;Leds.c: 25:             if(S_Led == 0){
  7408   001D06  518F               	movf	_S_Led& (0+255),w,b
  7409   001D08  A4D8               	btfss	status,2,c
  7410   001D0A  EF89  F00E         	goto	u3411
  7411   001D0E  EF8B  F00E         	goto	u3410
  7412   001D12                     u3411:
  7413   001D12  EFC7  F00E         	goto	l4030
  7414   001D16                     u3410:
  7415   001D16                     
  7416                           ; BSR set to: 0
  7417                           ;Leds.c: 26:                 LATCbits.LATC4 = Valor_Salida & 0x01;
  7418   001D16  C058  F005         	movff	_Valor_Salida,??_Proceso_Led
  7419   001D1A  0E01               	movlw	1
  7420   001D1C  1605               	andwf	??_Proceso_Led^0,f,c
  7421   001D1E  3A05               	swapf	??_Proceso_Led^0,f,c
  7422   001D20  508B               	movf	139,w,c	;volatile
  7423   001D22  1805               	xorwf	??_Proceso_Led^0,w,c
  7424   001D24  0BEF               	andlw	-17
  7425   001D26  1805               	xorwf	??_Proceso_Led^0,w,c
  7426   001D28  6E8B               	movwf	139,c	;volatile
  7427                           
  7428                           ;Leds.c: 27:                 LATCbits.LATC3 = (Valor_Salida >> 1) & 0x01;
  7429   001D2A  C058  F005         	movff	_Valor_Salida,??_Proceso_Led
  7430   001D2E  90D8               	bcf	status,0,c
  7431   001D30  3205               	rrcf	??_Proceso_Led^0,f,c
  7432   001D32  0E01               	movlw	1
  7433   001D34  1605               	andwf	??_Proceso_Led^0,f,c
  7434   001D36  4605               	rlncf	??_Proceso_Led^0,f,c
  7435   001D38  4605               	rlncf	??_Proceso_Led^0,f,c
  7436   001D3A  4605               	rlncf	??_Proceso_Led^0,f,c
  7437   001D3C  508B               	movf	139,w,c	;volatile
  7438   001D3E  1805               	xorwf	??_Proceso_Led^0,w,c
  7439   001D40  0BF7               	andlw	-9
  7440   001D42  1805               	xorwf	??_Proceso_Led^0,w,c
  7441   001D44  6E8B               	movwf	139,c	;volatile
  7442                           
  7443                           ;Leds.c: 28:                 LATCbits.LATC2 = (Valor_Salida >> 2) & 0x01;
  7444   001D46  C058  F005         	movff	_Valor_Salida,??_Proceso_Led
  7445   001D4A  90D8               	bcf	status,0,c
  7446   001D4C  3205               	rrcf	??_Proceso_Led^0,f,c
  7447   001D4E  90D8               	bcf	status,0,c
  7448   001D50  3205               	rrcf	??_Proceso_Led^0,f,c
  7449   001D52  0E01               	movlw	1
  7450   001D54  1605               	andwf	??_Proceso_Led^0,f,c
  7451   001D56  4605               	rlncf	??_Proceso_Led^0,f,c
  7452   001D58  4605               	rlncf	??_Proceso_Led^0,f,c
  7453   001D5A  508B               	movf	139,w,c	;volatile
  7454   001D5C  1805               	xorwf	??_Proceso_Led^0,w,c
  7455   001D5E  0BFB               	andlw	-5
  7456   001D60  1805               	xorwf	??_Proceso_Led^0,w,c
  7457   001D62  6E8B               	movwf	139,c	;volatile
  7458                           
  7459                           ;Leds.c: 29:                 LATCbits.LATC1 = (Valor_Salida >> 3) & 0x01;
  7460   001D64  C058  F005         	movff	_Valor_Salida,??_Proceso_Led
  7461   001D68  90D8               	bcf	status,0,c
  7462   001D6A  3205               	rrcf	??_Proceso_Led^0,f,c
  7463   001D6C  90D8               	bcf	status,0,c
  7464   001D6E  3205               	rrcf	??_Proceso_Led^0,f,c
  7465   001D70  90D8               	bcf	status,0,c
  7466   001D72  3205               	rrcf	??_Proceso_Led^0,f,c
  7467   001D74  0E01               	movlw	1
  7468   001D76  1605               	andwf	??_Proceso_Led^0,f,c
  7469   001D78  4605               	rlncf	??_Proceso_Led^0,f,c
  7470   001D7A  508B               	movf	139,w,c	;volatile
  7471   001D7C  1805               	xorwf	??_Proceso_Led^0,w,c
  7472   001D7E  0BFD               	andlw	-3
  7473   001D80  1805               	xorwf	??_Proceso_Led^0,w,c
  7474   001D82  6E8B               	movwf	139,c	;volatile
  7475   001D84                     
  7476                           ; BSR set to: 0
  7477                           ;Leds.c: 30:                 LATCbits.LATC0 = 0;
  7478   001D84  908B               	bcf	139,0,c	;volatile
  7479   001D86                     
  7480                           ; BSR set to: 0
  7481                           ;Leds.c: 31:                 S_Led = 1;
  7482   001D86  0E01               	movlw	1
  7483   001D88  6F8F               	movwf	_S_Led& (0+255),b
  7484                           
  7485                           ;Leds.c: 32:             }else{
  7486   001D8A  EF07  F00F         	goto	l4036
  7487   001D8E                     l4030:
  7488                           
  7489                           ; BSR set to: 0
  7490                           ;Leds.c: 33:                 LATCbits.LATC4 = (Valor_Salida >> 4) & 0x01;
  7491   001D8E  C058  F005         	movff	_Valor_Salida,??_Proceso_Led
  7492   001D92  3A05               	swapf	??_Proceso_Led^0,f,c
  7493   001D94  0E0F               	movlw	15
  7494   001D96  1605               	andwf	??_Proceso_Led^0,f,c
  7495   001D98  0E01               	movlw	1
  7496   001D9A  1605               	andwf	??_Proceso_Led^0,f,c
  7497   001D9C  3A05               	swapf	??_Proceso_Led^0,f,c
  7498   001D9E  508B               	movf	139,w,c	;volatile
  7499   001DA0  1805               	xorwf	??_Proceso_Led^0,w,c
  7500   001DA2  0BEF               	andlw	-17
  7501   001DA4  1805               	xorwf	??_Proceso_Led^0,w,c
  7502   001DA6  6E8B               	movwf	139,c	;volatile
  7503                           
  7504                           ;Leds.c: 34:                 LATCbits.LATC3 = (Valor_Salida >> 5) & 0x01;
  7505   001DA8  C058  F005         	movff	_Valor_Salida,??_Proceso_Led
  7506   001DAC  0E05               	movlw	5
  7507   001DAE  6E06               	movwf	(??_Proceso_Led+1)^0,c
  7508   001DB0                     u3425:
  7509   001DB0  90D8               	bcf	status,0,c
  7510   001DB2  3205               	rrcf	??_Proceso_Led^0,f,c
  7511   001DB4  2E06               	decfsz	(??_Proceso_Led+1)^0,f,c
  7512   001DB6  EFD8  F00E         	goto	u3425
  7513   001DBA  0E01               	movlw	1
  7514   001DBC  1605               	andwf	??_Proceso_Led^0,f,c
  7515   001DBE  4605               	rlncf	??_Proceso_Led^0,f,c
  7516   001DC0  4605               	rlncf	??_Proceso_Led^0,f,c
  7517   001DC2  4605               	rlncf	??_Proceso_Led^0,f,c
  7518   001DC4  508B               	movf	139,w,c	;volatile
  7519   001DC6  1805               	xorwf	??_Proceso_Led^0,w,c
  7520   001DC8  0BF7               	andlw	-9
  7521   001DCA  1805               	xorwf	??_Proceso_Led^0,w,c
  7522   001DCC  6E8B               	movwf	139,c	;volatile
  7523                           
  7524                           ;Leds.c: 35:                 LATCbits.LATC2 = (Valor_Salida >> 6) & 0x01;
  7525   001DCE  C058  F005         	movff	_Valor_Salida,??_Proceso_Led
  7526   001DD2  0E06               	movlw	6
  7527   001DD4  6E06               	movwf	(??_Proceso_Led+1)^0,c
  7528   001DD6                     u3435:
  7529   001DD6  90D8               	bcf	status,0,c
  7530   001DD8  3205               	rrcf	??_Proceso_Led^0,f,c
  7531   001DDA  2E06               	decfsz	(??_Proceso_Led+1)^0,f,c
  7532   001DDC  EFEB  F00E         	goto	u3435
  7533   001DE0  0E01               	movlw	1
  7534   001DE2  1605               	andwf	??_Proceso_Led^0,f,c
  7535   001DE4  4605               	rlncf	??_Proceso_Led^0,f,c
  7536   001DE6  4605               	rlncf	??_Proceso_Led^0,f,c
  7537   001DE8  508B               	movf	139,w,c	;volatile
  7538   001DEA  1805               	xorwf	??_Proceso_Led^0,w,c
  7539   001DEC  0BFB               	andlw	-5
  7540   001DEE  1805               	xorwf	??_Proceso_Led^0,w,c
  7541   001DF0  6E8B               	movwf	139,c	;volatile
  7542                           
  7543                           ;Leds.c: 36:                 LATCbits.LATC1 = (Valor_Salida >> 7) & 0x01;
  7544   001DF2  6A05               	clrf	??_Proceso_Led^0,c
  7545   001DF4  AE58               	btfss	_Valor_Salida^0,7,c
  7546   001DF6  D001               	bra	u3445
  7547   001DF8  2A05               	incf	??_Proceso_Led^0,f,c
  7548   001DFA                     u3445:
  7549   001DFA  0E01               	movlw	1
  7550   001DFC  1605               	andwf	??_Proceso_Led^0,f,c
  7551   001DFE  4605               	rlncf	??_Proceso_Led^0,f,c
  7552   001E00  508B               	movf	139,w,c	;volatile
  7553   001E02  1805               	xorwf	??_Proceso_Led^0,w,c
  7554   001E04  0BFD               	andlw	-3
  7555   001E06  1805               	xorwf	??_Proceso_Led^0,w,c
  7556   001E08  6E8B               	movwf	139,c	;volatile
  7557   001E0A                     
  7558                           ; BSR set to: 0
  7559                           ;Leds.c: 37:                 LATCbits.LATC0 = 1;
  7560   001E0A  808B               	bsf	139,0,c	;volatile
  7561   001E0C                     
  7562                           ; BSR set to: 0
  7563                           ;Leds.c: 38:                 S_Led = 0;
  7564   001E0C  6B8F               	clrf	_S_Led& (0+255),b
  7565   001E0E                     l4036:
  7566                           
  7567                           ; BSR set to: 0
  7568                           ;Leds.c: 40:             T_Led = 0;
  7569   001E0E  6B91               	clrf	_T_Led& (0+255),b
  7570   001E10                     l4038:
  7571                           
  7572                           ; BSR set to: 0
  7573                           ;Leds.c: 43:     if(M_Led == 0){
  7574   001E10  5059               	movf	_M_Led^0,w,c
  7575   001E12  A4D8               	btfss	status,2,c
  7576   001E14  EF0E  F00F         	goto	u3451
  7577   001E18  EF10  F00F         	goto	u3450
  7578   001E1C                     u3451:
  7579   001E1C  EF31  F00F         	goto	l125
  7580   001E20                     u3450:
  7581   001E20                     
  7582                           ; BSR set to: 0
  7583                           ;Leds.c: 44:         if(T_Led >= W_Led){
  7584   001E20  5190               	movf	_W_Led& (0+255),w,b
  7585   001E22  5D91               	subwf	_T_Led& (0+255),w,b
  7586   001E24  A0D8               	btfss	status,0,c
  7587   001E26  EF17  F00F         	goto	u3461
  7588   001E2A  EF19  F00F         	goto	u3460
  7589   001E2E                     u3461:
  7590   001E2E  EF31  F00F         	goto	l125
  7591   001E32                     u3460:
  7592   001E32                     
  7593                           ; BSR set to: 0
  7594                           ;Leds.c: 45:             if(S_Led == 0){
  7595   001E32  518F               	movf	_S_Led& (0+255),w,b
  7596   001E34  A4D8               	btfss	status,2,c
  7597   001E36  EF1F  F00F         	goto	u3471
  7598   001E3A  EF21  F00F         	goto	u3470
  7599   001E3E                     u3471:
  7600   001E3E  EF2A  F00F         	goto	l123
  7601   001E42                     u3470:
  7602   001E42                     
  7603                           ; BSR set to: 0
  7604                           ;Leds.c: 46:                 LATCbits.LATC0 = 1;
  7605   001E42  808B               	bsf	139,0,c	;volatile
  7606                           
  7607                           ;Leds.c: 47:                 LATCbits.LATC1 = 1;
  7608   001E44  828B               	bsf	139,1,c	;volatile
  7609                           
  7610                           ;Leds.c: 48:                 LATCbits.LATC2 = 1;
  7611   001E46  848B               	bsf	139,2,c	;volatile
  7612                           
  7613                           ;Leds.c: 49:                 LATCbits.LATC3 = 1;
  7614   001E48  868B               	bsf	139,3,c	;volatile
  7615                           
  7616                           ;Leds.c: 50:                 LATCbits.LATC4 = 1;
  7617   001E4A  888B               	bsf	139,4,c	;volatile
  7618   001E4C                     
  7619                           ; BSR set to: 0
  7620                           ;Leds.c: 51:                 S_Led = 1;
  7621   001E4C  0E01               	movlw	1
  7622   001E4E  6F8F               	movwf	_S_Led& (0+255),b
  7623                           
  7624                           ;Leds.c: 52:             }else{
  7625   001E50  EF30  F00F         	goto	l124
  7626   001E54                     l123:
  7627                           
  7628                           ; BSR set to: 0
  7629                           ;Leds.c: 53:                 LATCbits.LATC0 = 0;
  7630   001E54  908B               	bcf	139,0,c	;volatile
  7631                           
  7632                           ;Leds.c: 54:                 LATCbits.LATC1 = 0;
  7633   001E56  928B               	bcf	139,1,c	;volatile
  7634                           
  7635                           ;Leds.c: 55:                 LATCbits.LATC2 = 0;
  7636   001E58  948B               	bcf	139,2,c	;volatile
  7637                           
  7638                           ;Leds.c: 56:                 LATCbits.LATC3 = 0;
  7639   001E5A  968B               	bcf	139,3,c	;volatile
  7640                           
  7641                           ;Leds.c: 57:                 LATCbits.LATC4 = 0;
  7642   001E5C  988B               	bcf	139,4,c	;volatile
  7643                           
  7644                           ;Leds.c: 58:                 S_Led = 0;
  7645   001E5E  6B8F               	clrf	_S_Led& (0+255),b
  7646   001E60                     l124:
  7647                           
  7648                           ; BSR set to: 0
  7649                           ;Leds.c: 60:             T_Led = 0;
  7650   001E60  6B91               	clrf	_T_Led& (0+255),b
  7651   001E62                     l125:
  7652                           
  7653                           ; BSR set to: 0
  7654   001E62  0012               	return		;funcret
  7655   001E64                     __end_of_Proceso_Led:
  7656                           	callstack 0
  7657                           
  7658 ;; *************** function _Set_Led_Wait *****************
  7659 ;; Defined at:
  7660 ;;		line 3 in file "Leds.c"
  7661 ;; Parameters:    Size  Location     Type
  7662 ;;		None
  7663 ;; Auto vars:     Size  Location     Type
  7664 ;;		None
  7665 ;; Return value:  Size  Location     Type
  7666 ;;                  1    wreg      void 
  7667 ;; Registers used:
  7668 ;;		wreg, status,2
  7669 ;; Tracked objects:
  7670 ;;		On entry : 0/0
  7671 ;;		On exit  : 0/0
  7672 ;;		Unchanged: 0/0
  7673 ;; Data sizes:     COMRAM   BANK0   BANK1   BANK2   BANK3   BANK4   BANK5   BANK6   BANK7   BANK8   BANK9  BANK10  BANK1
      +1  BANK12  BANK13  BANK14  BANK15
  7674 ;;      Params:         0       0       0       0       0       0       0       0       0       0       0       0       
      +0       0       0       0       0
  7675 ;;      Locals:         0       0       0       0       0       0       0       0       0       0       0       0       
      +0       0       0       0       0
  7676 ;;      Temps:          0       0       0       0       0       0       0       0       0       0       0       0       
      +0       0       0       0       0
  7677 ;;      Totals:         0       0       0       0       0       0       0       0       0       0       0       0       
      +0       0       0       0       0
  7678 ;;Total ram usage:        0 bytes
  7679 ;; Hardware stack levels used: 1
  7680 ;; Hardware stack levels required when called: 2
  7681 ;; This function calls:
  7682 ;;		Nothing
  7683 ;; This function is called by:
  7684 ;;		_Proceso_Led
  7685 ;; This function uses a non-reentrant model
  7686 ;;
  7687                           
  7688                           	psect	text26
  7689   0034BC                     __ptext26:
  7690                           	callstack 0
  7691   0034BC                     _Set_Led_Wait:
  7692                           	callstack 27
  7693   0034BC                     
  7694                           ;Leds.c: 4:     S_Led = 0;
  7695   0034BC  0100               	movlb	0	; () banked
  7696   0034BE  6B8F               	clrf	_S_Led& (0+255),b
  7697                           
  7698                           ;Leds.c: 5:     T_Led = 0;
  7699   0034C0  6B91               	clrf	_T_Led& (0+255),b
  7700   0034C2                     
  7701                           ; BSR set to: 0
  7702                           ;Leds.c: 6:     W_Led = 1;
  7703   0034C2  0E01               	movlw	1
  7704   0034C4  6F90               	movwf	_W_Led& (0+255),b
  7705   0034C6                     
  7706                           ; BSR set to: 0
  7707                           ;Leds.c: 7:     M_Led = 0;
  7708   0034C6  6A59               	clrf	_M_Led^0,c
  7709   0034C8                     
  7710                           ; BSR set to: 0
  7711   0034C8  0012               	return		;funcret
  7712   0034CA                     __end_of_Set_Led_Wait:
  7713                           	callstack 0
  7714                           
  7715 ;; *************** function _Pic_Gpio_Init *****************
  7716 ;; Defined at:
  7717 ;;		line 16 in file "Config.c"
  7718 ;; Parameters:    Size  Location     Type
  7719 ;;		None
  7720 ;; Auto vars:     Size  Location     Type
  7721 ;;		None
  7722 ;; Return value:  Size  Location     Type
  7723 ;;                  1    wreg      void 
  7724 ;; Registers used:
  7725 ;;		None
  7726 ;; Tracked objects:
  7727 ;;		On entry : 0/0
  7728 ;;		On exit  : 0/0
  7729 ;;		Unchanged: 0/0
  7730 ;; Data sizes:     COMRAM   BANK0   BANK1   BANK2   BANK3   BANK4   BANK5   BANK6   BANK7   BANK8   BANK9  BANK10  BANK1
      +1  BANK12  BANK13  BANK14  BANK15
  7731 ;;      Params:         0       0       0       0       0       0       0       0       0       0       0       0       
      +0       0       0       0       0
  7732 ;;      Locals:         0       0       0       0       0       0       0       0       0       0       0       0       
      +0       0       0       0       0
  7733 ;;      Temps:          0       0       0       0       0       0       0       0       0       0       0       0       
      +0       0       0       0       0
  7734 ;;      Totals:         0       0       0       0       0       0       0       0       0       0       0       0       
      +0       0       0       0       0
  7735 ;;Total ram usage:        0 bytes
  7736 ;; Hardware stack levels used: 1
  7737 ;; Hardware stack levels required when called: 2
  7738 ;; This function calls:
  7739 ;;		Nothing
  7740 ;; This function is called by:
  7741 ;;		_main
  7742 ;; This function uses a non-reentrant model
  7743 ;;
  7744                           
  7745                           	psect	text27
  7746   003140                     __ptext27:
  7747                           	callstack 0
  7748   003140                     _Pic_Gpio_Init:
  7749                           	callstack 28
  7750   003140                     
  7751                           ;Config.c: 20:     LATE = 0x00;
  7752   003140  6A8D               	clrf	141,c	;volatile
  7753                           
  7754                           ;Config.c: 21:     LATD = 0x00;
  7755   003142  6A8C               	clrf	140,c	;volatile
  7756                           
  7757                           ;Config.c: 22:     LATA = 0x00;
  7758   003144  6A89               	clrf	137,c	;volatile
  7759                           
  7760                           ;Config.c: 23:     LATB = 0x00;
  7761   003146  6A8A               	clrf	138,c	;volatile
  7762                           
  7763                           ;Config.c: 24:     LATC = 0x00;
  7764   003148  6A8B               	clrf	139,c	;volatile
  7765                           
  7766                           ;Config.c: 29:     TRISE = 0xFF;
  7767   00314A  6896               	setf	150,c	;volatile
  7768                           
  7769                           ;Config.c: 30:     TRISA = 0xFF;
  7770   00314C  6892               	setf	146,c	;volatile
  7771                           
  7772                           ;Config.c: 31:     TRISB = 0xFF;
  7773   00314E  6893               	setf	147,c	;volatile
  7774                           
  7775                           ;Config.c: 32:     TRISC = 0xFF;
  7776   003150  6894               	setf	148,c	;volatile
  7777                           
  7778                           ;Config.c: 33:     TRISD = 0xFF;
  7779   003152  6895               	setf	149,c	;volatile
  7780                           
  7781                           ;Config.c: 38:     ANSELD = 0x00;
  7782   003154  010F               	movlb	15	; () banked
  7783   003156  6B3B               	clrf	59,b	;volatile
  7784                           
  7785                           ;Config.c: 39:     ANSELC = 0x00;
  7786   003158  6B3A               	clrf	58,b	;volatile
  7787                           
  7788                           ;Config.c: 40:     ANSELB = 0x00;
  7789   00315A  6B39               	clrf	57,b	;volatile
  7790                           
  7791                           ;Config.c: 41:     ANSELE = 0x00;
  7792   00315C  6B3C               	clrf	60,b	;volatile
  7793                           
  7794                           ;Config.c: 42:     ANSELA = 0x00;
  7795   00315E  6B38               	clrf	56,b	;volatile
  7796                           
  7797                           ;Config.c: 47:     WPUB = 0x00;
  7798   003160  6A61               	clrf	97,c	;volatile
  7799                           
  7800                           ;Config.c: 48:     INTCON2bits.nRBPU = 1;
  7801   003162  8EF1               	bsf	241,7,c	;volatile
  7802                           
  7803                           ;Config.c: 51:  CCP5CON = 0x00;
  7804   003164  6B54               	clrf	84,b	;volatile
  7805                           
  7806                           ;Config.c: 53:  CCPR5L = 0x00;
  7807   003166  6B55               	clrf	85,b	;volatile
  7808                           
  7809                           ;Config.c: 55:  CCPR5H = 0x00;
  7810   003168  6B56               	clrf	86,b	;volatile
  7811                           
  7812                           ;Config.c: 58:     TRISBbits.RB0 = 0;
  7813   00316A  9093               	bcf	147,0,c	;volatile
  7814                           
  7815                           ;Config.c: 59:     TRISBbits.RB1 = 0;
  7816   00316C  9293               	bcf	147,1,c	;volatile
  7817                           
  7818                           ;Config.c: 60:     TRISBbits.RB2 = 0;
  7819   00316E  9493               	bcf	147,2,c	;volatile
  7820                           
  7821                           ;Config.c: 61:     TRISBbits.RB3 = 0;
  7822   003170  9693               	bcf	147,3,c	;volatile
  7823                           
  7824                           ;Config.c: 62:     TRISDbits.RD0 = 0;
  7825   003172  9095               	bcf	149,0,c	;volatile
  7826                           
  7827                           ;Config.c: 63:     TRISDbits.RD1 = 0;
  7828   003174  9295               	bcf	149,1,c	;volatile
  7829                           
  7830                           ;Config.c: 64:     TRISDbits.RD2 = 0;
  7831   003176  9495               	bcf	149,2,c	;volatile
  7832                           
  7833                           ;Config.c: 65:     TRISDbits.RD3 = 0;
  7834   003178  9695               	bcf	149,3,c	;volatile
  7835                           
  7836                           ;Config.c: 66:     LATBbits.LATB0 = 1;
  7837   00317A  808A               	bsf	138,0,c	;volatile
  7838                           
  7839                           ;Config.c: 67:     LATBbits.LATB1 = 0;
  7840   00317C  928A               	bcf	138,1,c	;volatile
  7841                           
  7842                           ;Config.c: 68:     LATBbits.LATB2 = 1;
  7843   00317E  848A               	bsf	138,2,c	;volatile
  7844                           
  7845                           ;Config.c: 69:     LATBbits.LATB3 = 0;
  7846   003180  968A               	bcf	138,3,c	;volatile
  7847                           
  7848                           ;Config.c: 70:     LATDbits.LATD3 = 1;
  7849   003182  868C               	bsf	140,3,c	;volatile
  7850                           
  7851                           ;Config.c: 71:     LATDbits.LATD2 = 0;
  7852   003184  948C               	bcf	140,2,c	;volatile
  7853                           
  7854                           ;Config.c: 72:     LATDbits.LATD1 = 1;
  7855   003186  828C               	bsf	140,1,c	;volatile
  7856                           
  7857                           ;Config.c: 73:     LATDbits.LATD0 = 0;
  7858   003188  908C               	bcf	140,0,c	;volatile
  7859                           
  7860                           ;Config.c: 76:     TRISCbits.RC0 = 0;
  7861   00318A  9094               	bcf	148,0,c	;volatile
  7862                           
  7863                           ;Config.c: 77:     TRISCbits.RC1 = 0;
  7864   00318C  9294               	bcf	148,1,c	;volatile
  7865                           
  7866                           ;Config.c: 78:     TRISCbits.RC2 = 0;
  7867   00318E  9494               	bcf	148,2,c	;volatile
  7868                           
  7869                           ;Config.c: 79:     TRISCbits.RC3 = 0;
  7870   003190  9694               	bcf	148,3,c	;volatile
  7871                           
  7872                           ;Config.c: 80:     TRISCbits.RC4 = 0;
  7873   003192  9894               	bcf	148,4,c	;volatile
  7874                           
  7875                           ;Config.c: 81:     LATCbits.LATC0 = 0;
  7876   003194  908B               	bcf	139,0,c	;volatile
  7877                           
  7878                           ;Config.c: 82:     LATCbits.LATC1 = 0;
  7879   003196  928B               	bcf	139,1,c	;volatile
  7880                           
  7881                           ;Config.c: 83:     LATCbits.LATC2 = 0;
  7882   003198  948B               	bcf	139,2,c	;volatile
  7883                           
  7884                           ;Config.c: 84:     LATCbits.LATC3 = 0;
  7885   00319A  968B               	bcf	139,3,c	;volatile
  7886                           
  7887                           ;Config.c: 85:     LATCbits.LATC4 = 0;
  7888   00319C  988B               	bcf	139,4,c	;volatile
  7889                           
  7890                           ;Config.c: 88:     ANSELAbits.ANSA2 = 1;
  7891   00319E  8538               	bsf	56,2,b	;volatile
  7892                           
  7893                           ;Config.c: 91:     TRISDbits.RD5 = 0;
  7894   0031A0  9A95               	bcf	149,5,c	;volatile
  7895                           
  7896                           ;Config.c: 92:     LATDbits.LATD5 = 0;
  7897   0031A2  9A8C               	bcf	140,5,c	;volatile
  7898   0031A4                     
  7899                           ; BSR set to: 15
  7900   0031A4  0012               	return		;funcret
  7901   0031A6                     __end_of_Pic_Gpio_Init:
  7902                           	callstack 0
  7903                           
  7904 ;; *************** function _Pic_Clock_Init *****************
  7905 ;; Defined at:
  7906 ;;		line 4 in file "Config.c"
  7907 ;; Parameters:    Size  Location     Type
  7908 ;;		None
  7909 ;; Auto vars:     Size  Location     Type
  7910 ;;  guarda          2    4[COMRAM] unsigned short 
  7911 ;; Return value:  Size  Location     Type
  7912 ;;                  1    wreg      void 
  7913 ;; Registers used:
  7914 ;;		wreg, status,2, status,0
  7915 ;; Tracked objects:
  7916 ;;		On entry : 0/0
  7917 ;;		On exit  : 0/0
  7918 ;;		Unchanged: 0/0
  7919 ;; Data sizes:     COMRAM   BANK0   BANK1   BANK2   BANK3   BANK4   BANK5   BANK6   BANK7   BANK8   BANK9  BANK10  BANK1
      +1  BANK12  BANK13  BANK14  BANK15
  7920 ;;      Params:         0       0       0       0       0       0       0       0       0       0       0       0       
      +0       0       0       0       0
  7921 ;;      Locals:         2       0       0       0       0       0       0       0       0       0       0       0       
      +0       0       0       0       0
  7922 ;;      Temps:          0       0       0       0       0       0       0       0       0       0       0       0       
      +0       0       0       0       0
  7923 ;;      Totals:         2       0       0       0       0       0       0       0       0       0       0       0       
      +0       0       0       0       0
  7924 ;;Total ram usage:        2 bytes
  7925 ;; Hardware stack levels used: 1
  7926 ;; Hardware stack levels required when called: 2
  7927 ;; This function calls:
  7928 ;;		Nothing
  7929 ;; This function is called by:
  7930 ;;		_main
  7931 ;; This function uses a non-reentrant model
  7932 ;;
  7933                           
  7934                           	psect	text28
  7935   00324E                     __ptext28:
  7936                           	callstack 0
  7937   00324E                     _Pic_Clock_Init:
  7938                           	callstack 28
  7939   00324E                     
  7940                           ;Config.c: 5:     uint16_t guarda;;Config.c: 7:     OSCCON = 0x72;
  7941   00324E  0E72               	movlw	114
  7942   003250  6ED3               	movwf	211,c	;volatile
  7943                           
  7944                           ;Config.c: 8:     OSCCON2 = 0x04;
  7945   003252  0E04               	movlw	4
  7946   003254  6ED2               	movwf	210,c	;volatile
  7947   003256                     
  7948                           ;Config.c: 9:     OSCTUNE = 0x00;
  7949   003256  6A9B               	clrf	155,c	;volatile
  7950                           
  7951                           ;Config.c: 12:     guarda = 0;
  7952   003258  0E00               	movlw	0
  7953   00325A  6E06               	movwf	(Pic_Clock_Init@guarda+1)^0,c
  7954   00325C  0E00               	movlw	0
  7955   00325E  6E05               	movwf	Pic_Clock_Init@guarda^0,c
  7956                           
  7957                           ;Config.c: 13:     while (!OSCCONbits.HFIOFS && ++guarda < 10000) { __asm(" clrwdt"); }
  7958   003260  EF33  F019         	goto	l192
  7959   003264                     l193:
  7960   003264  0004               	clrwdt		;# 
  7961   003266                     l192:
  7962   003266  B4D3               	btfsc	211,2,c	;volatile
  7963   003268  EF38  F019         	goto	u3291
  7964   00326C  EF3A  F019         	goto	u3290
  7965   003270                     u3291:
  7966   003270  EF47  F019         	goto	l197
  7967   003274                     u3290:
  7968   003274  4A05               	infsnz	Pic_Clock_Init@guarda^0,f,c
  7969   003276  2A06               	incf	(Pic_Clock_Init@guarda+1)^0,f,c
  7970   003278  0E10               	movlw	16
  7971   00327A  5C05               	subwf	Pic_Clock_Init@guarda^0,w,c
  7972   00327C  0E27               	movlw	39
  7973   00327E  5806               	subwfb	(Pic_Clock_Init@guarda+1)^0,w,c
  7974   003280  A0D8               	btfss	status,0,c
  7975   003282  EF45  F019         	goto	u3301
  7976   003286  EF47  F019         	goto	u3300
  7977   00328A                     u3301:
  7978   00328A  EF32  F019         	goto	l193
  7979   00328E                     u3300:
  7980   00328E                     l197:
  7981   00328E  0012               	return		;funcret
  7982   003290                     __end_of_Pic_Clock_Init:
  7983                           	callstack 0
  7984                           
  7985 ;; *************** function _Consulta_Server *****************
  7986 ;; Defined at:
  7987 ;;		line 29 in file "Control.c"
  7988 ;; Parameters:    Size  Location     Type
  7989 ;;		None
  7990 ;; Auto vars:     Size  Location     Type
  7991 ;;		None
  7992 ;; Return value:  Size  Location     Type
  7993 ;;                  1    wreg      void 
  7994 ;; Registers used:
  7995 ;;		wreg, fsr1l, fsr1h, fsr2l, fsr2h, status,2, status,0, tblptrl, tblptrh, tblptru, prodl, prodh, cstack
  7996 ;; Tracked objects:
  7997 ;;		On entry : 0/0
  7998 ;;		On exit  : 0/0
  7999 ;;		Unchanged: 0/0
  8000 ;; Data sizes:     COMRAM   BANK0   BANK1   BANK2   BANK3   BANK4   BANK5   BANK6   BANK7   BANK8   BANK9  BANK10  BANK1
      +1  BANK12  BANK13  BANK14  BANK15
  8001 ;;      Params:         0       0       0       0       0       0       0       0       0       0       0       0       
      +0       0       0       0       0
  8002 ;;      Locals:         0       0       0       0       0       0       0       0       0       0       0       0       
      +0       0       0       0       0
  8003 ;;      Temps:          2       0       0       0       0       0       0       0       0       0       0       0       
      +0       0       0       0       0
  8004 ;;      Totals:         2       0       0       0       0       0       0       0       0       0       0       0       
      +0       0       0       0       0
  8005 ;;Total ram usage:        2 bytes
  8006 ;; Hardware stack levels used: 1
  8007 ;; Hardware stack levels required when called: 10
  8008 ;; This function calls:
  8009 ;;		_UART1_WriteString
  8010 ;;		_sprintf
  8011 ;; This function is called by:
  8012 ;;		_main
  8013 ;; This function uses a non-reentrant model
  8014 ;;
  8015                           
  8016                           	psect	text29
  8017   002F5E                     __ptext29:
  8018                           	callstack 0
  8019   002F5E                     _Consulta_Server:
  8020                           	callstack 20
  8021   002F5E                     
  8022                           ;Control.c: 30:     LATDbits.LATD5 = 1;
  8023   002F5E  8A8C               	bsf	140,5,c	;volatile
  8024   002F60                     
  8025                           ;Control.c: 31:     _delay((unsigned long)((5)*(16000000/4000.0)));
  8026   002F60  0E1A               	movlw	26
  8027   002F62  6E48               	movwf	??_Consulta_Server^0,c
  8028   002F64  0EF8               	movlw	248
  8029   002F66                     u3687:
  8030   002F66  2EE8               	decfsz	wreg,f,c
  8031   002F68  D7FE               	bra	u3687
  8032   002F6A  2E48               	decfsz	??_Consulta_Server^0,f,c
  8033   002F6C  D7FC               	bra	u3687
  8034   002F6E  D000               	nop2	
  8035                           
  8036                           ;Control.c: 32:     _delay((unsigned long)((5)*(16000000/4000.0)));
  8037   002F70  0E1A               	movlw	26
  8038   002F72  6E48               	movwf	??_Consulta_Server^0,c
  8039   002F74  0EF8               	movlw	248
  8040   002F76                     u3697:
  8041   002F76  2EE8               	decfsz	wreg,f,c
  8042   002F78  D7FE               	bra	u3697
  8043   002F7A  2E48               	decfsz	??_Consulta_Server^0,f,c
  8044   002F7C  D7FC               	bra	u3697
  8045   002F7E  D000               	nop2	
  8046   002F80                     
  8047                           ;Control.c: 33:     Gasificado.Variables[2] = PPM * 10;
  8048   002F80  0E0A               	movlw	10
  8049   002F82  0100               	movlb	0	; () banked
  8050   002F84  0386               	mulwf	_PPM& (0+255),b
  8051   002F86  CFF3 F048          	movff	prodl,??_Consulta_Server
  8052   002F8A  CFF4 F049          	movff	prodh,??_Consulta_Server+1
  8053   002F8E  0387               	mulwf	(_PPM+1)& (0+255),b
  8054   002F90  50F3               	movf	prodl,w,c
  8055   002F92  2649               	addwf	(??_Consulta_Server+1)^0,f,c
  8056   002F94  C048  F070         	movff	??_Consulta_Server,_Gasificado+16
  8057   002F98  C049  F071         	movff	??_Consulta_Server+1,_Gasificado+17
  8058   002F9C                     
  8059                           ; BSR set to: 0
  8060                           ;Control.c: 34:     UART1_WriteString("PPM:");
  8061   002F9C  0E4E               	movlw	low STR_8
  8062   002F9E  6E08               	movwf	UART1_WriteString@cad^0,c
  8063   002FA0  5008               	movf	UART1_WriteString@cad^0,w,c
  8064   002FA2  A4D8               	btfss	status,2,c
  8065   002FA4  0E10               	movlw	high __smallconst
  8066   002FA6  6E09               	movwf	(UART1_WriteString@cad+1)^0,c
  8067   002FA8  ECD3  F018         	call	_UART1_WriteString	;wreg free
  8068   002FAC                     
  8069                           ;Control.c: 35:     sprintf(txt,"%d",PPM);
  8070   002FAC  0EB9               	movlw	low _txt
  8071   002FAE  6E32               	movwf	sprintf@s^0,c
  8072   002FB0  0E58               	movlw	low STR_9
  8073   002FB2  6E33               	movwf	sprintf@fmt^0,c
  8074   002FB4  C086  F034         	movff	_PPM,?_sprintf+2
  8075   002FB8  C087  F035         	movff	_PPM+1,?_sprintf+3
  8076   002FBC  ECDB  F019         	call	_sprintf	;wreg free
  8077   002FC0                     
  8078                           ;Control.c: 36:     UART1_WriteString(txt);
  8079   002FC0  0EB9               	movlw	low _txt
  8080   002FC2  6E08               	movwf	UART1_WriteString@cad^0,c
  8081   002FC4  6A09               	clrf	(UART1_WriteString@cad+1)^0,c
  8082   002FC6  ECD3  F018         	call	_UART1_WriteString	;wreg free
  8083   002FCA                     
  8084                           ;Control.c: 37:     _delay((unsigned long)((5)*(16000000/4000.0)));
  8085   002FCA  0E1A               	movlw	26
  8086   002FCC  6E48               	movwf	??_Consulta_Server^0,c
  8087   002FCE  0EF8               	movlw	248
  8088   002FD0                     u3707:
  8089   002FD0  2EE8               	decfsz	wreg,f,c
  8090   002FD2  D7FE               	bra	u3707
  8091   002FD4  2E48               	decfsz	??_Consulta_Server^0,f,c
  8092   002FD6  D7FC               	bra	u3707
  8093   002FD8  D000               	nop2	
  8094   002FDA                     
  8095                           ;Control.c: 38:     LATDbits.LATD5 = 0;
  8096   002FDA  9A8C               	bcf	140,5,c	;volatile
  8097   002FDC  0012               	return		;funcret
  8098   002FDE                     __end_of_Consulta_Server:
  8099                           	callstack 0
  8100                           
  8101 ;; *************** function _sprintf *****************
  8102 ;; Defined at:
  8103 ;;		line 9 in file "C:\Program Files\Microchip\xc8\v3.00\pic\sources\c99\common\nf_sprintf.c"
  8104 ;; Parameters:    Size  Location     Type
  8105 ;;  s               1   49[COMRAM] PTR unsigned char 
  8106 ;;		 -> txt(20), 
  8107 ;;  fmt             1   50[COMRAM] PTR const unsigned char 
  8108 ;;		 -> STR_9(3), STR_6(7), STR_5(5), STR_4(12), 
  8109 ;;		 -> STR_3(22), 
  8110 ;; Auto vars:     Size  Location     Type
  8111 ;;  f              11   60[COMRAM] struct _IO_FILE
  8112 ;;  ret             2    0        int 
  8113 ;;  ap              1   59[COMRAM] PTR void [1]
  8114 ;;		 -> ?_sprintf(2), 
  8115 ;; Return value:  Size  Location     Type
  8116 ;;                  2   49[COMRAM] int 
  8117 ;; Registers used:
  8118 ;;		wreg, fsr1l, fsr1h, fsr2l, fsr2h, status,2, status,0, tblptrl, tblptrh, tblptru, prodl, prodh, cstack
  8119 ;; Tracked objects:
  8120 ;;		On entry : 0/0
  8121 ;;		On exit  : 0/0
  8122 ;;		Unchanged: 0/0
  8123 ;; Data sizes:     COMRAM   BANK0   BANK1   BANK2   BANK3   BANK4   BANK5   BANK6   BANK7   BANK8   BANK9  BANK10  BANK1
      +1  BANK12  BANK13  BANK14  BANK15
  8124 ;;      Params:        10       0       0       0       0       0       0       0       0       0       0       0       
      +0       0       0       0       0
  8125 ;;      Locals:        12       0       0       0       0       0       0       0       0       0       0       0       
      +0       0       0       0       0
  8126 ;;      Temps:          0       0       0       0       0       0       0       0       0       0       0       0       
      +0       0       0       0       0
  8127 ;;      Totals:        22       0       0       0       0       0       0       0       0       0       0       0       
      +0       0       0       0       0
  8128 ;;Total ram usage:       22 bytes
  8129 ;; Hardware stack levels used: 1
  8130 ;; Hardware stack levels required when called: 9
  8131 ;; This function calls:
  8132 ;;		_vfprintf
  8133 ;; This function is called by:
  8134 ;;		_Read_X0
  8135 ;;		_Read_X4
  8136 ;;		_Consulta_Server
  8137 ;; This function uses a non-reentrant model
  8138 ;;
  8139                           
  8140                           	psect	text30
  8141   0033B6                     __ptext30:
  8142                           	callstack 0
  8143   0033B6                     _sprintf:
  8144                           	callstack 18
  8145   0033B6  0E34               	movlw	low (?_sprintf+2)
  8146   0033B8  6E3C               	movwf	sprintf@ap^0,c
  8147   0033BA  C032  F03D         	movff	sprintf@s,sprintf@f
  8148   0033BE  0E00               	movlw	0
  8149   0033C0  6E40               	movwf	(sprintf@f+3)^0,c
  8150   0033C2  0E00               	movlw	0
  8151   0033C4  6E3F               	movwf	(sprintf@f+2)^0,c
  8152   0033C6  0E00               	movlw	0
  8153   0033C8  6E47               	movwf	(sprintf@f+10)^0,c
  8154   0033CA  0E00               	movlw	0
  8155   0033CC  6E46               	movwf	(sprintf@f+9)^0,c
  8156   0033CE  0E3D               	movlw	low sprintf@f
  8157   0033D0  6E2E               	movwf	vfprintf@fp^0,c
  8158   0033D2  C033  F02F         	movff	sprintf@fmt,vfprintf@fmt
  8159   0033D6  0E3C               	movlw	low sprintf@ap
  8160   0033D8  6E30               	movwf	vfprintf@ap^0,c
  8161   0033DA  EC48  F019         	call	_vfprintf	;wreg free
  8162   0033DE  5032               	movf	sprintf@s^0,w,c
  8163   0033E0  243F               	addwf	(sprintf@f+2)^0,w,c
  8164   0033E2  6ED9               	movwf	fsr2l,c
  8165   0033E4  6ADA               	clrf	fsr2h,c
  8166   0033E6  6ADF               	clrf	indf2,c
  8167   0033E8  0012               	return		;funcret
  8168   0033EA                     __end_of_sprintf:
  8169                           	callstack 0
  8170                           
  8171 ;; *************** function _vfprintf *****************
  8172 ;; Defined at:
  8173 ;;		line 1817 in file "C:\Program Files\Microchip\xc8\v3.00\pic\sources\c99\common\doprnt.c"
  8174 ;; Parameters:    Size  Location     Type
  8175 ;;  fp              1   45[COMRAM] PTR struct _IO_FILE
  8176 ;;		 -> sprintf@f(11), 
  8177 ;;  fmt             1   46[COMRAM] PTR const unsigned char 
  8178 ;;		 -> STR_9(3), STR_6(7), STR_5(5), STR_4(12), 
  8179 ;;		 -> STR_3(22), 
  8180 ;;  ap              1   47[COMRAM] PTR PTR void 
  8181 ;;		 -> sprintf@ap(1), 
  8182 ;; Auto vars:     Size  Location     Type
  8183 ;;  cfmt            1   48[COMRAM] PTR unsigned char 
  8184 ;;		 -> STR_9(3), STR_6(7), STR_5(5), STR_4(12), 
  8185 ;;		 -> STR_3(22), 
  8186 ;; Return value:  Size  Location     Type
  8187 ;;                  2   45[COMRAM] int 
  8188 ;; Registers used:
  8189 ;;		wreg, fsr1l, fsr1h, fsr2l, fsr2h, status,2, status,0, tblptrl, tblptrh, tblptru, prodl, prodh, cstack
  8190 ;; Tracked objects:
  8191 ;;		On entry : 0/0
  8192 ;;		On exit  : 0/0
  8193 ;;		Unchanged: 0/0
  8194 ;; Data sizes:     COMRAM   BANK0   BANK1   BANK2   BANK3   BANK4   BANK5   BANK6   BANK7   BANK8   BANK9  BANK10  BANK1
      +1  BANK12  BANK13  BANK14  BANK15
  8195 ;;      Params:         3       0       0       0       0       0       0       0       0       0       0       0       
      +0       0       0       0       0
  8196 ;;      Locals:         1       0       0       0       0       0       0       0       0       0       0       0       
      +0       0       0       0       0
  8197 ;;      Temps:          0       0       0       0       0       0       0       0       0       0       0       0       
      +0       0       0       0       0
  8198 ;;      Totals:         4       0       0       0       0       0       0       0       0       0       0       0       
      +0       0       0       0       0
  8199 ;;Total ram usage:        4 bytes
  8200 ;; Hardware stack levels used: 1
  8201 ;; Hardware stack levels required when called: 8
  8202 ;; This function calls:
  8203 ;;		_vfpfcnvrt
  8204 ;; This function is called by:
  8205 ;;		_sprintf
  8206 ;; This function uses a non-reentrant model
  8207 ;;
  8208                           
  8209                           	psect	text31
  8210   003290                     __ptext31:
  8211                           	callstack 0
  8212   003290                     _vfprintf:
  8213                           	callstack 18
  8214   003290                     
  8215                           ;C:\Program Files\Microchip\xc8\v3.00\pic\sources\c99\common\doprnt.c: 1817: int vfprint
      +                          f(FILE *fp, const char *fmt, va_list ap);C:\Program Files\Microchip\xc8\v3.00\pic\source
      +                          s\c99\common\doprnt.c: 1818: {;C:\Program Files\Microchip\xc8\v3.00\pic\sources\c99\comm
      +                          on\doprnt.c: 1820:     char *cfmt;;C:\Program Files\Microchip\xc8\v3.00\pic\sources\c99\
      +                          common\doprnt.c: 1822:     cfmt = (char *)fmt;
  8216   003290  C02F  F031         	movff	vfprintf@fmt,vfprintf@cfmt
  8217                           
  8218                           ;C:\Program Files\Microchip\xc8\v3.00\pic\sources\c99\common\doprnt.c: 1826:     while (
      +                          *cfmt) {
  8219   003294  EF54  F019         	goto	l3130
  8220   003298                     l3128:
  8221                           
  8222                           ;C:\Program Files\Microchip\xc8\v3.00\pic\sources\c99\common\doprnt.c: 1830:    vfpfcnvr
      +                          t(fp, &cfmt, ap);
  8223   003298  C02E  F025         	movff	vfprintf@fp,vfpfcnvrt@fp
  8224   00329C  0E31               	movlw	low vfprintf@cfmt
  8225   00329E  6E26               	movwf	vfpfcnvrt@fmt^0,c
  8226   0032A0  C030  F027         	movff	vfprintf@ap,vfpfcnvrt@ap
  8227   0032A4  EC9D  F00C         	call	_vfpfcnvrt	;wreg free
  8228   0032A8                     l3130:
  8229                           
  8230                           ;C:\Program Files\Microchip\xc8\v3.00\pic\sources\c99\common\doprnt.c: 1826:     while (
      +                          *cfmt) {
  8231   0032A8  C031  FFF6         	movff	vfprintf@cfmt,tblptrl
  8232   0032AC                     	if	1	;There is more than 1 active tblptr byte
  8233   0032AC  0E10               	movlw	high __smallconst
  8234   0032AE  6EF7               	movwf	tblptrh,c
  8235   0032B0                     	endif
  8236   0032B0                     	if	0	;tblptru may be non-zero
  8237   0032B0                     	endif
  8238   0032B0                     	if	0	;tblptru may be non-zero
  8239   0032B0                     	endif
  8240   0032B0  0008               	tblrd		*
  8241   0032B2  50F5               	movf	tablat,w,c
  8242   0032B4  0900               	iorlw	0
  8243   0032B6  A4D8               	btfss	status,2,c
  8244   0032B8  EF60  F019         	goto	u2311
  8245   0032BC  EF62  F019         	goto	u2310
  8246   0032C0                     u2311:
  8247   0032C0  EF4C  F019         	goto	l3128
  8248   0032C4                     u2310:
  8249   0032C4                     
  8250                           ;C:\Program Files\Microchip\xc8\v3.00\pic\sources\c99\common\doprnt.c: 1835:  return 0;
  8251   0032C4  0E00               	movlw	0
  8252   0032C6  6E2F               	movwf	(?_vfprintf+1)^0,c
  8253   0032C8  0E00               	movlw	0
  8254   0032CA  6E2E               	movwf	?_vfprintf^0,c
  8255   0032CC  0012               	return		;funcret
  8256   0032CE                     __end_of_vfprintf:
  8257                           	callstack 0
  8258                           
  8259 ;; *************** function _vfpfcnvrt *****************
  8260 ;; Defined at:
  8261 ;;		line 1177 in file "C:\Program Files\Microchip\xc8\v3.00\pic\sources\c99\common\doprnt.c"
  8262 ;; Parameters:    Size  Location     Type
  8263 ;;  fp              1   36[COMRAM] PTR struct _IO_FILE
  8264 ;;		 -> sprintf@f(11), 
  8265 ;;  fmt             1   37[COMRAM] PTR PTR unsigned char 
  8266 ;;		 -> vfprintf@cfmt(1), 
  8267 ;;  ap              1   38[COMRAM] PTR PTR void 
  8268 ;;		 -> sprintf@ap(1), 
  8269 ;; Auto vars:     Size  Location     Type
  8270 ;;  convarg         4   40[COMRAM] struct .
  8271 ;;  cp              1   44[COMRAM] PTR unsigned char 
  8272 ;;		 -> STR_9(3), STR_6(7), STR_5(5), STR_4(12), 
  8273 ;;		 -> STR_3(22), 
  8274 ;;  done            1   39[COMRAM] _Bool 
  8275 ;;  c               1    0        unsigned char 
  8276 ;; Return value:  Size  Location     Type
  8277 ;;                  1    wreg      void 
  8278 ;; Registers used:
  8279 ;;		wreg, fsr1l, fsr1h, fsr2l, fsr2h, status,2, status,0, tblptrl, tblptrh, tblptru, prodl, prodh, cstack
  8280 ;; Tracked objects:
  8281 ;;		On entry : 0/0
  8282 ;;		On exit  : 0/0
  8283 ;;		Unchanged: 0/0
  8284 ;; Data sizes:     COMRAM   BANK0   BANK1   BANK2   BANK3   BANK4   BANK5   BANK6   BANK7   BANK8   BANK9  BANK10  BANK1
      +1  BANK12  BANK13  BANK14  BANK15
  8285 ;;      Params:         3       0       0       0       0       0       0       0       0       0       0       0       
      +0       0       0       0       0
  8286 ;;      Locals:         6       0       0       0       0       0       0       0       0       0       0       0       
      +0       0       0       0       0
  8287 ;;      Temps:          0       0       0       0       0       0       0       0       0       0       0       0       
      +0       0       0       0       0
  8288 ;;      Totals:         9       0       0       0       0       0       0       0       0       0       0       0       
      +0       0       0       0       0
  8289 ;;Total ram usage:        9 bytes
  8290 ;; Hardware stack levels used: 1
  8291 ;; Hardware stack levels required when called: 7
  8292 ;; This function calls:
  8293 ;;		_dtoa
  8294 ;;		_fputc
  8295 ;;		_read_prec_or_width
  8296 ;;		_xtoa
  8297 ;; This function is called by:
  8298 ;;		_vfprintf
  8299 ;; This function uses a non-reentrant model
  8300 ;;
  8301                           
  8302                           	psect	text32
  8303   00193A                     __ptext32:
  8304                           	callstack 0
  8305   00193A                     _vfpfcnvrt:
  8306                           	callstack 18
  8307   00193A                     
  8308                           ;C:\Program Files\Microchip\xc8\v3.00\pic\sources\c99\common\doprnt.c: 1177: vfpfcnvrt(F
      +                          ILE *fp, char *fmt[], va_list ap);C:\Program Files\Microchip\xc8\v3.00\pic\sources\c99\c
      +                          ommon\doprnt.c: 1178: {;C:\Program Files\Microchip\xc8\v3.00\pic\sources\c99\common\dopr
      +                          nt.c: 1179:     char c, *cp;;C:\Program Files\Microchip\xc8\v3.00\pic\sources\c99\common
      +                          \doprnt.c: 1180:     _Bool done;;C:\Program Files\Microchip\xc8\v3.00\pic\sources\c99\co
      +                          mmon\doprnt.c: 1188:  } convarg;;C:\Program Files\Microchip\xc8\v3.00\pic\sources\c99\co
      +                          mmon\doprnt.c: 1201:     if ((*fmt)[0] == '%') {
  8309   00193A  5026               	movf	vfpfcnvrt@fmt^0,w,c
  8310   00193C  6ED9               	movwf	fsr2l,c
  8311   00193E  6ADA               	clrf	fsr2h,c
  8312   001940  CFDF FFF6          	movff	indf2,tblptrl
  8313   001944                     	if	1	;There is more than 1 active tblptr byte
  8314   001944  0E10               	movlw	high __smallconst
  8315   001946  6EF7               	movwf	tblptrh,c
  8316   001948                     	endif
  8317   001948                     	if	0	;tblptru may be non-zero
  8318   001948                     	endif
  8319   001948                     	if	0	;tblptru may be non-zero
  8320   001948                     	endif
  8321   001948  0008               	tblrd		*
  8322   00194A  50F5               	movf	tablat,w,c
  8323   00194C  0A25               	xorlw	37
  8324   00194E  A4D8               	btfss	status,2,c
  8325   001950  EFAC  F00C         	goto	u2191
  8326   001954  EFAE  F00C         	goto	u2190
  8327   001958                     u2191:
  8328   001958  EF70  F00D         	goto	l3108
  8329   00195C                     u2190:
  8330   00195C                     
  8331                           ;C:\Program Files\Microchip\xc8\v3.00\pic\sources\c99\common\doprnt.c: 1202:         ++*
      +                          fmt;
  8332   00195C  5026               	movf	vfpfcnvrt@fmt^0,w,c
  8333   00195E  6ED9               	movwf	fsr2l,c
  8334   001960  6ADA               	clrf	fsr2h,c
  8335   001962  2ADF               	incf	indf2,f,c
  8336   001964                     
  8337                           ;C:\Program Files\Microchip\xc8\v3.00\pic\sources\c99\common\doprnt.c: 1204:         fla
      +                          gs = width = 0;
  8338   001964  0E00               	movlw	0
  8339   001966  0100               	movlb	0	; () banked
  8340   001968  6F7F               	movwf	(_width+1)& (0+255),b
  8341   00196A  0E00               	movlw	0
  8342   00196C  6F7E               	movwf	_width& (0+255),b
  8343   00196E  C07E  F055         	movff	_width,_flags
  8344   001972                     
  8345                           ; BSR set to: 0
  8346                           ;C:\Program Files\Microchip\xc8\v3.00\pic\sources\c99\common\doprnt.c: 1205:         pre
      +                          c = -1;
  8347   001972  6980               	setf	_prec& (0+255),b
  8348   001974  6981               	setf	(_prec+1)& (0+255),b
  8349   001976                     
  8350                           ; BSR set to: 0
  8351                           ;C:\Program Files\Microchip\xc8\v3.00\pic\sources\c99\common\doprnt.c: 1209:         don
      +                          e = 0;
  8352   001976  6A28               	clrf	vfpfcnvrt@done^0,c
  8353                           
  8354                           ;C:\Program Files\Microchip\xc8\v3.00\pic\sources\c99\common\doprnt.c: 1210:         whi
      +                          le (!done) {
  8355   001978  EFD8  F00C         	goto	l3068
  8356   00197C                     l3058:
  8357                           
  8358                           ;C:\Program Files\Microchip\xc8\v3.00\pic\sources\c99\common\doprnt.c: 1220:            
      +                                   flags |= (1 << 1);
  8359   00197C  8255               	bsf	_flags^0,1,c
  8360   00197E                     
  8361                           ;C:\Program Files\Microchip\xc8\v3.00\pic\sources\c99\common\doprnt.c: 1221:            
      +                                   ++*fmt;
  8362   00197E  5026               	movf	vfpfcnvrt@fmt^0,w,c
  8363   001980  6ED9               	movwf	fsr2l,c
  8364   001982  6ADA               	clrf	fsr2h,c
  8365   001984  2ADF               	incf	indf2,f,c
  8366                           
  8367                           ;C:\Program Files\Microchip\xc8\v3.00\pic\sources\c99\common\doprnt.c: 1222:            
      +                                   break;
  8368   001986  EFD8  F00C         	goto	l3068
  8369   00198A                     l3062:
  8370                           
  8371                           ;C:\Program Files\Microchip\xc8\v3.00\pic\sources\c99\common\doprnt.c: 1243:            
      +                                   done = 1;
  8372   00198A  0E01               	movlw	1
  8373   00198C  6E28               	movwf	vfpfcnvrt@done^0,c
  8374                           
  8375                           ;C:\Program Files\Microchip\xc8\v3.00\pic\sources\c99\common\doprnt.c: 1244:            
      +                                   break;
  8376   00198E  EFD8  F00C         	goto	l3068
  8377   001992                     l3066:
  8378   001992  5026               	movf	vfpfcnvrt@fmt^0,w,c
  8379   001994  6ED9               	movwf	fsr2l,c
  8380   001996  6ADA               	clrf	fsr2h,c
  8381   001998  CFDF FFF6          	movff	indf2,tblptrl
  8382   00199C                     	if	1	;There is more than 1 active tblptr byte
  8383   00199C  0E10               	movlw	high __smallconst
  8384   00199E  6EF7               	movwf	tblptrh,c
  8385   0019A0                     	endif
  8386   0019A0                     	if	0	;tblptru may be non-zero
  8387   0019A0                     	endif
  8388   0019A0                     	if	0	;tblptru may be non-zero
  8389   0019A0                     	endif
  8390   0019A0  0008               	tblrd		*
  8391   0019A2  50F5               	movf	tablat,w,c
  8392                           
  8393                           ; Switch size 1, requested type "simple"
  8394                           ; Number of cases is 1, Range of values is 48 to 48
  8395                           ; switch strategies available:
  8396                           ; Name         Instructions Cycles
  8397                           ; simple_byte            4     3 (average)
  8398                           ;	Chosen strategy is simple_byte
  8399   0019A4  0A30               	xorlw	48	; case 48
  8400   0019A6  B4D8               	btfsc	status,2,c
  8401   0019A8  EFBE  F00C         	goto	l3058
  8402   0019AC  EFC5  F00C         	goto	l3062
  8403   0019B0                     l3068:
  8404                           
  8405                           ;C:\Program Files\Microchip\xc8\v3.00\pic\sources\c99\common\doprnt.c: 1210:         whi
      +                          le (!done) {
  8406   0019B0  5028               	movf	vfpfcnvrt@done^0,w,c
  8407   0019B2  B4D8               	btfsc	status,2,c
  8408   0019B4  EFDE  F00C         	goto	u2201
  8409   0019B8  EFE0  F00C         	goto	u2200
  8410   0019BC                     u2201:
  8411   0019BC  EFC9  F00C         	goto	l3066
  8412   0019C0                     u2200:
  8413   0019C0                     
  8414                           ;C:\Program Files\Microchip\xc8\v3.00\pic\sources\c99\common\doprnt.c: 1256:   width = r
      +                          ead_prec_or_width(fmt, ap);
  8415   0019C0  C026  F005         	movff	vfpfcnvrt@fmt,read_prec_or_width@fmt
  8416   0019C4  C027  F006         	movff	vfpfcnvrt@ap,read_prec_or_width@ap
  8417   0019C8  EC08  F015         	call	_read_prec_or_width	;wreg free
  8418   0019CC  C005  F07E         	movff	?_read_prec_or_width,_width
  8419   0019D0  C006  F07F         	movff	?_read_prec_or_width+1,_width+1
  8420   0019D4                     
  8421                           ;C:\Program Files\Microchip\xc8\v3.00\pic\sources\c99\common\doprnt.c: 1257:   if (width
      +                           < 0) {
  8422   0019D4  0100               	movlb	0	; () banked
  8423   0019D6  BF7F               	btfsc	(_width+1)& (0+255),7,b
  8424   0019D8  EFF2  F00C         	goto	u2210
  8425   0019DC  EFF0  F00C         	goto	u2211
  8426   0019E0                     u2211:
  8427   0019E0  EFF7  F00C         	goto	l3076
  8428   0019E4                     u2210:
  8429   0019E4                     
  8430                           ; BSR set to: 0
  8431                           ;C:\Program Files\Microchip\xc8\v3.00\pic\sources\c99\common\doprnt.c: 1258:    flags |=
      +                           (1 << 0);
  8432   0019E4  8055               	bsf	_flags^0,0,c
  8433                           
  8434                           ;C:\Program Files\Microchip\xc8\v3.00\pic\sources\c99\common\doprnt.c: 1259:    width = 
      +                          -width;
  8435   0019E6  6D7E               	negf	_width& (0+255),b
  8436   0019E8  1F7F               	comf	(_width+1)& (0+255),f,b
  8437   0019EA  B0D8               	btfsc	status,0,c
  8438   0019EC  2B7F               	incf	(_width+1)& (0+255),f,b
  8439   0019EE                     l3076:
  8440                           
  8441                           ; BSR set to: 0
  8442                           ;C:\Program Files\Microchip\xc8\v3.00\pic\sources\c99\common\doprnt.c: 1291:   cp = *fmt
      +                          ;
  8443   0019EE  5026               	movf	vfpfcnvrt@fmt^0,w,c
  8444   0019F0  6ED9               	movwf	fsr2l,c
  8445   0019F2  6ADA               	clrf	fsr2h,c
  8446   0019F4  50DF               	movf	indf2,w,c
  8447   0019F6  6E2D               	movwf	vfpfcnvrt@cp^0,c
  8448   0019F8                     
  8449                           ; BSR set to: 0
  8450                           ;C:\Program Files\Microchip\xc8\v3.00\pic\sources\c99\common\doprnt.c: 1361:   if (*cp =
      +                          = 'd' || *cp == 'i') {
  8451   0019F8  C02D  FFF6         	movff	vfpfcnvrt@cp,tblptrl
  8452   0019FC                     	if	1	;There is more than 1 active tblptr byte
  8453   0019FC  0E10               	movlw	high __smallconst
  8454   0019FE  6EF7               	movwf	tblptrh,c
  8455   001A00                     	endif
  8456   001A00                     	if	0	;tblptru may be non-zero
  8457   001A00                     	endif
  8458   001A00                     	if	0	;tblptru may be non-zero
  8459   001A00                     	endif
  8460   001A00  0008               	tblrd		*
  8461   001A02  50F5               	movf	tablat,w,c
  8462   001A04  0A64               	xorlw	100
  8463   001A06  B4D8               	btfsc	status,2,c
  8464   001A08  EF08  F00D         	goto	u2221
  8465   001A0C  EF0A  F00D         	goto	u2220
  8466   001A10                     u2221:
  8467   001A10  EF18  F00D         	goto	l3082
  8468   001A14                     u2220:
  8469   001A14                     
  8470                           ; BSR set to: 0
  8471   001A14  C02D  FFF6         	movff	vfpfcnvrt@cp,tblptrl
  8472   001A18                     	if	1	;There is more than 1 active tblptr byte
  8473   001A18  0E10               	movlw	high __smallconst
  8474   001A1A  6EF7               	movwf	tblptrh,c
  8475   001A1C                     	endif
  8476   001A1C                     	if	0	;tblptru may be non-zero
  8477   001A1C                     	endif
  8478   001A1C                     	if	0	;tblptru may be non-zero
  8479   001A1C                     	endif
  8480   001A1C  0008               	tblrd		*
  8481   001A1E  50F5               	movf	tablat,w,c
  8482   001A20  0A69               	xorlw	105
  8483   001A22  A4D8               	btfss	status,2,c
  8484   001A24  EF16  F00D         	goto	u2231
  8485   001A28  EF18  F00D         	goto	u2230
  8486   001A2C                     u2231:
  8487   001A2C  EF33  F00D         	goto	l3090
  8488   001A30                     u2230:
  8489   001A30                     l3082:
  8490                           
  8491                           ; BSR set to: 0
  8492                           ;C:\Program Files\Microchip\xc8\v3.00\pic\sources\c99\common\doprnt.c: 1404:    convarg.
      +                          sint = (vfpf_sint_t)(int)(*(int *)__va_arg(*(int **)ap, (int)0));
  8493   001A30  5027               	movf	vfpfcnvrt@ap^0,w,c
  8494   001A32  6ED9               	movwf	fsr2l,c
  8495   001A34  6ADA               	clrf	fsr2h,c
  8496   001A36  0E02               	movlw	2
  8497   001A38  26DF               	addwf	indf2,f,c
  8498   001A3A  5CDF               	subwf	indf2,w,c
  8499   001A3C  6ED9               	movwf	fsr2l,c
  8500   001A3E  6ADA               	clrf	fsr2h,c
  8501   001A40  CFDE F029          	movff	postinc2,vfpfcnvrt@convarg
  8502   001A44  CFDE F02A          	movff	postinc2,vfpfcnvrt@convarg+1
  8503   001A48                     
  8504                           ; BSR set to: 0
  8505                           ;C:\Program Files\Microchip\xc8\v3.00\pic\sources\c99\common\doprnt.c: 1406:    *fmt = c
      +                          p+1;
  8506   001A48  5026               	movf	vfpfcnvrt@fmt^0,w,c
  8507   001A4A  6ED9               	movwf	fsr2l,c
  8508   001A4C  6ADA               	clrf	fsr2h,c
  8509   001A4E  282D               	incf	vfpfcnvrt@cp^0,w,c
  8510   001A50  6EDF               	movwf	indf2,c
  8511   001A52                     
  8512                           ; BSR set to: 0
  8513                           ;C:\Program Files\Microchip\xc8\v3.00\pic\sources\c99\common\doprnt.c: 1432:    return (
      +                          void) dtoa(fp, convarg.sint);;	Return value of _vfpfcnvrt is never used
  8514   001A52  C025  F019         	movff	vfpfcnvrt@fp,dtoa@fp
  8515   001A56  C029  F01A         	movff	vfpfcnvrt@convarg,dtoa@d
  8516   001A5A  C02A  F01B         	movff	vfpfcnvrt@convarg+1,dtoa@d+1
  8517   001A5E  ECFD  F00F         	call	_dtoa	;wreg free
  8518   001A62  EF81  F00D         	goto	l1458
  8519   001A66                     l3090:
  8520                           
  8521                           ; BSR set to: 0
  8522   001A66  C02D  FFF6         	movff	vfpfcnvrt@cp,tblptrl
  8523   001A6A                     	if	1	;There is more than 1 active tblptr byte
  8524   001A6A  0E10               	movlw	high __smallconst
  8525   001A6C  6EF7               	movwf	tblptrh,c
  8526   001A6E                     	endif
  8527   001A6E                     	if	0	;tblptru may be non-zero
  8528   001A6E                     	endif
  8529   001A6E                     	if	0	;tblptru may be non-zero
  8530   001A6E                     	endif
  8531   001A6E  0008               	tblrd		*
  8532   001A70  50F5               	movf	tablat,w,c
  8533   001A72  0A58               	xorlw	88
  8534   001A74  A4D8               	btfss	status,2,c
  8535   001A76  EF3F  F00D         	goto	u2241
  8536   001A7A  EF41  F00D         	goto	u2240
  8537   001A7E                     u2241:
  8538   001A7E  EF6A  F00D         	goto	l3104
  8539   001A82                     u2240:
  8540   001A82                     
  8541                           ; BSR set to: 0
  8542                           ;C:\Program Files\Microchip\xc8\v3.00\pic\sources\c99\common\doprnt.c: 1452:     ) {;C:\
      +                          Program Files\Microchip\xc8\v3.00\pic\sources\c99\common\doprnt.c: 1495:    convarg.uint
      +                           = (vfpf_uint_t)(unsigned int)(*(unsigned int *)__va_arg(*(unsigned int **)ap, (unsigned
      +                           int)0));
  8543   001A82  5027               	movf	vfpfcnvrt@ap^0,w,c
  8544   001A84  6ED9               	movwf	fsr2l,c
  8545   001A86  6ADA               	clrf	fsr2h,c
  8546   001A88  0E02               	movlw	2
  8547   001A8A  26DF               	addwf	indf2,f,c
  8548   001A8C  5CDF               	subwf	indf2,w,c
  8549   001A8E  6ED9               	movwf	fsr2l,c
  8550   001A90  6ADA               	clrf	fsr2h,c
  8551   001A92  CFDE F029          	movff	postinc2,vfpfcnvrt@convarg
  8552   001A96  CFDE F02A          	movff	postinc2,vfpfcnvrt@convarg+1
  8553   001A9A                     
  8554                           ; BSR set to: 0
  8555                           ;C:\Program Files\Microchip\xc8\v3.00\pic\sources\c99\common\doprnt.c: 1497:    *fmt = c
      +                          p+1;
  8556   001A9A  5026               	movf	vfpfcnvrt@fmt^0,w,c
  8557   001A9C  6ED9               	movwf	fsr2l,c
  8558   001A9E  6ADA               	clrf	fsr2h,c
  8559   001AA0  282D               	incf	vfpfcnvrt@cp^0,w,c
  8560   001AA2  6EDF               	movwf	indf2,c
  8561                           
  8562                           ;C:\Program Files\Microchip\xc8\v3.00\pic\sources\c99\common\doprnt.c: 1498:    switch (
      +                          *cp) {
  8563   001AA4  EF5E  F00D         	goto	l3102
  8564   001AA8                     l3096:
  8565                           
  8566                           ; BSR set to: 0
  8567                           ;C:\Program Files\Microchip\xc8\v3.00\pic\sources\c99\common\doprnt.c: 1586:      return
      +                           (void) xtoa(fp,convarg.uint);;	Return value of _vfpfcnvrt is never used
  8568   001AA8  C025  F019         	movff	vfpfcnvrt@fp,xtoa@fp
  8569   001AAC  C029  F01A         	movff	vfpfcnvrt@convarg,xtoa@d
  8570   001AB0  C02A  F01B         	movff	vfpfcnvrt@convarg+1,xtoa@d+1
  8571   001AB4  ECAF  F011         	call	_xtoa	;wreg free
  8572   001AB8  EF81  F00D         	goto	l1458
  8573   001ABC                     l3102:
  8574                           
  8575                           ; BSR set to: 0
  8576   001ABC  C02D  FFF6         	movff	vfpfcnvrt@cp,tblptrl
  8577   001AC0                     	if	1	;There is more than 1 active tblptr byte
  8578   001AC0  0E10               	movlw	high __smallconst
  8579   001AC2  6EF7               	movwf	tblptrh,c
  8580   001AC4                     	endif
  8581   001AC4                     	if	0	;tblptru may be non-zero
  8582   001AC4                     	endif
  8583   001AC4                     	if	0	;tblptru may be non-zero
  8584   001AC4                     	endif
  8585   001AC4  0008               	tblrd		*
  8586   001AC6  50F5               	movf	tablat,w,c
  8587                           
  8588                           ; Switch size 1, requested type "simple"
  8589                           ; Number of cases is 1, Range of values is 88 to 88
  8590                           ; switch strategies available:
  8591                           ; Name         Instructions Cycles
  8592                           ; simple_byte            4     3 (average)
  8593                           ;	Chosen strategy is simple_byte
  8594   001AC8  0A58               	xorlw	88	; case 88
  8595   001ACA  B4D8               	btfsc	status,2,c
  8596   001ACC  EF54  F00D         	goto	l3096
  8597   001AD0  EF6A  F00D         	goto	l3104
  8598   001AD4                     l3104:
  8599                           
  8600                           ;C:\Program Files\Microchip\xc8\v3.00\pic\sources\c99\common\doprnt.c: 1806:         ++*
      +                          fmt;
  8601   001AD4  5026               	movf	vfpfcnvrt@fmt^0,w,c
  8602   001AD6  6ED9               	movwf	fsr2l,c
  8603   001AD8  6ADA               	clrf	fsr2h,c
  8604   001ADA  2ADF               	incf	indf2,f,c
  8605   001ADC  EF81  F00D         	goto	l1458
  8606   001AE0                     l3108:
  8607                           
  8608                           ;C:\Program Files\Microchip\xc8\v3.00\pic\sources\c99\common\doprnt.c: 1811:     fputc((
      +                          int)(*fmt)[0], fp);
  8609   001AE0  5026               	movf	vfpfcnvrt@fmt^0,w,c
  8610   001AE2  6ED9               	movwf	fsr2l,c
  8611   001AE4  6ADA               	clrf	fsr2h,c
  8612   001AE6  CFDF FFF6          	movff	indf2,tblptrl
  8613   001AEA                     	if	1	;There is more than 1 active tblptr byte
  8614   001AEA  0E10               	movlw	high __smallconst
  8615   001AEC  6EF7               	movwf	tblptrh,c
  8616   001AEE                     	endif
  8617   001AEE                     	if	0	;tblptru may be non-zero
  8618   001AEE                     	endif
  8619   001AEE                     	if	0	;tblptru may be non-zero
  8620   001AEE                     	endif
  8621   001AEE  0008               	tblrd		*
  8622   001AF0  50F5               	movf	tablat,w,c
  8623   001AF2  6E05               	movwf	fputc@c^0,c
  8624   001AF4  6A06               	clrf	(fputc@c+1)^0,c
  8625   001AF6  C025  F007         	movff	vfpfcnvrt@fp,fputc@fp
  8626   001AFA  EC61  F014         	call	_fputc	;wreg free
  8627   001AFE  EF6A  F00D         	goto	l3104
  8628   001B02                     l1458:
  8629   001B02  0012               	return		;funcret
  8630   001B04                     __end_of_vfpfcnvrt:
  8631                           	callstack 0
  8632                           
  8633 ;; *************** function _xtoa *****************
  8634 ;; Defined at:
  8635 ;;		line 1055 in file "C:\Program Files\Microchip\xc8\v3.00\pic\sources\c99\common\doprnt.c"
  8636 ;; Parameters:    Size  Location     Type
  8637 ;;  fp              1   24[COMRAM] PTR struct _IO_FILE
  8638 ;;		 -> sprintf@f(11), 
  8639 ;;  d               2   25[COMRAM] unsigned int 
  8640 ;; Auto vars:     Size  Location     Type
  8641 ;;  i               2   34[COMRAM] int 
  8642 ;;  w               2   31[COMRAM] int 
  8643 ;;  c               1   33[COMRAM] unsigned char 
  8644 ;;  p               1   30[COMRAM] _Bool 
  8645 ;; Return value:  Size  Location     Type
  8646 ;;                  1    wreg      void 
  8647 ;; Registers used:
  8648 ;;		wreg, fsr1l, fsr1h, fsr2l, fsr2h, status,2, status,0, cstack
  8649 ;; Tracked objects:
  8650 ;;		On entry : 0/0
  8651 ;;		On exit  : 0/0
  8652 ;;		Unchanged: 0/0
  8653 ;; Data sizes:     COMRAM   BANK0   BANK1   BANK2   BANK3   BANK4   BANK5   BANK6   BANK7   BANK8   BANK9  BANK10  BANK1
      +1  BANK12  BANK13  BANK14  BANK15
  8654 ;;      Params:         3       0       0       0       0       0       0       0       0       0       0       0       
      +0       0       0       0       0
  8655 ;;      Locals:         6       0       0       0       0       0       0       0       0       0       0       0       
      +0       0       0       0       0
  8656 ;;      Temps:          3       0       0       0       0       0       0       0       0       0       0       0       
      +0       0       0       0       0
  8657 ;;      Totals:        12       0       0       0       0       0       0       0       0       0       0       0       
      +0       0       0       0       0
  8658 ;;Total ram usage:       12 bytes
  8659 ;; Hardware stack levels used: 1
  8660 ;; Hardware stack levels required when called: 6
  8661 ;; This function calls:
  8662 ;;		_pad
  8663 ;; This function is called by:
  8664 ;;		_vfpfcnvrt
  8665 ;; This function uses a non-reentrant model
  8666 ;;
  8667                           
  8668                           	psect	text33
  8669   00235E                     __ptext33:
  8670                           	callstack 0
  8671   00235E                     _xtoa:
  8672                           	callstack 18
  8673   00235E                     
  8674                           ;C:\Program Files\Microchip\xc8\v3.00\pic\sources\c99\common\doprnt.c: 1055: static void
      +                           xtoa(FILE *fp, vfpf_uint_t d);C:\Program Files\Microchip\xc8\v3.00\pic\sources\c99\comm
      +                          on\doprnt.c: 1058: {;C:\Program Files\Microchip\xc8\v3.00\pic\sources\c99\common\doprnt.
      +                          c: 1059:  char c;;C:\Program Files\Microchip\xc8\v3.00\pic\sources\c99\common\doprnt.c: 
      +                          1063:     int i, w;;C:\Program Files\Microchip\xc8\v3.00\pic\sources\c99\common\doprnt.c
      +                          : 1067:  _Bool p = 1;
  8675   00235E  0E01               	movlw	1
  8676   002360  6E1F               	movwf	xtoa@p^0,c
  8677   002362                     
  8678                           ;C:\Program Files\Microchip\xc8\v3.00\pic\sources\c99\common\doprnt.c: 1082:     w = wid
      +                          th;
  8679   002362  C07E  F020         	movff	_width,xtoa@w
  8680   002366  C07F  F021         	movff	_width+1,xtoa@w+1
  8681                           
  8682                           ;C:\Program Files\Microchip\xc8\v3.00\pic\sources\c99\common\doprnt.c: 1095:     i = siz
      +                          eof(dbuf) - 1;
  8683   00236A  0E00               	movlw	0
  8684   00236C  6E24               	movwf	(xtoa@i+1)^0,c
  8685   00236E  0E1F               	movlw	31
  8686   002370  6E23               	movwf	xtoa@i^0,c
  8687   002372                     
  8688                           ;C:\Program Files\Microchip\xc8\v3.00\pic\sources\c99\common\doprnt.c: 1096:     dbuf[i]
      +                           = '\0';
  8689   002372  0100               	movlb	0	; () banked
  8690   002374  6BB8               	clrf	(_dbuf+31)& (0+255),b
  8691                           
  8692                           ;C:\Program Files\Microchip\xc8\v3.00\pic\sources\c99\common\doprnt.c: 1097:     while (
      +                          !(i < 2) && (d != 0
  8693   002376  EFEB  F011         	goto	l3020
  8694   00237A                     l3002:
  8695                           
  8696                           ;C:\Program Files\Microchip\xc8\v3.00\pic\sources\c99\common\doprnt.c: 1106:     )) {;C:
      +                          \Program Files\Microchip\xc8\v3.00\pic\sources\c99\common\doprnt.c: 1107:         --i;
  8697   00237A  0623               	decf	xtoa@i^0,f,c
  8698   00237C  A0D8               	btfss	status,0,c
  8699   00237E  0624               	decf	(xtoa@i+1)^0,f,c
  8700   002380                     
  8701                           ;C:\Program Files\Microchip\xc8\v3.00\pic\sources\c99\common\doprnt.c: 1108:         c =
      +                           d & 0x0f;
  8702   002380  501A               	movf	xtoa@d^0,w,c
  8703   002382  0B0F               	andlw	15
  8704   002384  6E22               	movwf	xtoa@c^0,c
  8705   002386                     
  8706                           ;C:\Program Files\Microchip\xc8\v3.00\pic\sources\c99\common\doprnt.c: 1109:   if (c < 1
      +                          0) {
  8707   002386  0E0A               	movlw	10
  8708   002388  6022               	cpfslt	xtoa@c^0,c
  8709   00238A  EFC9  F011         	goto	u2101
  8710   00238E  EFCB  F011         	goto	u2100
  8711   002392                     u2101:
  8712   002392  EFCF  F011         	goto	l3010
  8713   002396                     u2100:
  8714   002396                     
  8715                           ;C:\Program Files\Microchip\xc8\v3.00\pic\sources\c99\common\doprnt.c: 1110:    c += '0'
      +                          ;
  8716   002396  0E30               	movlw	48
  8717   002398  2622               	addwf	xtoa@c^0,f,c
  8718                           
  8719                           ;C:\Program Files\Microchip\xc8\v3.00\pic\sources\c99\common\doprnt.c: 1111:   }
  8720   00239A  EFD1  F011         	goto	l3012
  8721   00239E                     l3010:
  8722                           
  8723                           ;C:\Program Files\Microchip\xc8\v3.00\pic\sources\c99\common\doprnt.c: 1118:    c += 'A'
      +                           - 10;
  8724   00239E  0E37               	movlw	55
  8725   0023A0  2622               	addwf	xtoa@c^0,f,c
  8726   0023A2                     l3012:
  8727                           
  8728                           ;C:\Program Files\Microchip\xc8\v3.00\pic\sources\c99\common\doprnt.c: 1121:   dbuf[i] =
      +                           c;
  8729   0023A2  5023               	movf	xtoa@i^0,w,c
  8730   0023A4  0F99               	addlw	low _dbuf
  8731   0023A6  6ED9               	movwf	fsr2l,c
  8732   0023A8  6ADA               	clrf	fsr2h,c
  8733   0023AA  C022  FFDF         	movff	xtoa@c,indf2
  8734   0023AE                     
  8735                           ;C:\Program Files\Microchip\xc8\v3.00\pic\sources\c99\common\doprnt.c: 1125:   p = 0;
  8736   0023AE  6A1F               	clrf	xtoa@p^0,c
  8737   0023B0                     
  8738                           ;C:\Program Files\Microchip\xc8\v3.00\pic\sources\c99\common\doprnt.c: 1127:         --w
      +                          ;
  8739   0023B0  0620               	decf	xtoa@w^0,f,c
  8740   0023B2  A0D8               	btfss	status,0,c
  8741   0023B4  0621               	decf	(xtoa@w+1)^0,f,c
  8742   0023B6                     
  8743                           ;C:\Program Files\Microchip\xc8\v3.00\pic\sources\c99\common\doprnt.c: 1128:         d =
      +                           d >> 4;
  8744   0023B6  C01A  F01C         	movff	xtoa@d,??_xtoa
  8745   0023BA  C01B  F01D         	movff	xtoa@d+1,??_xtoa+1
  8746   0023BE  0E04               	movlw	4
  8747   0023C0  6E1E               	movwf	(??_xtoa+2)^0,c
  8748   0023C2                     u2115:
  8749   0023C2  90D8               	bcf	status,0,c
  8750   0023C4  321D               	rrcf	(??_xtoa+1)^0,f,c
  8751   0023C6  321C               	rrcf	??_xtoa^0,f,c
  8752   0023C8  2E1E               	decfsz	(??_xtoa+2)^0,f,c
  8753   0023CA  EFE1  F011         	goto	u2115
  8754   0023CE  C01C  F01A         	movff	??_xtoa,xtoa@d
  8755   0023D2  C01D  F01B         	movff	??_xtoa+1,xtoa@d+1
  8756   0023D6                     l3020:
  8757                           
  8758                           ;C:\Program Files\Microchip\xc8\v3.00\pic\sources\c99\common\doprnt.c: 1097:     while (
      +                          !(i < 2) && (d != 0
  8759   0023D6  BE24               	btfsc	(xtoa@i+1)^0,7,c
  8760   0023D8  EFF7  F011         	goto	u2121
  8761   0023DC  5024               	movf	(xtoa@i+1)^0,w,c
  8762   0023DE  E109               	bnz	u2120
  8763   0023E0  0E02               	movlw	2
  8764   0023E2  5C23               	subwf	xtoa@i^0,w,c
  8765   0023E4  A0D8               	btfss	status,0,c
  8766   0023E6  EFF7  F011         	goto	u2121
  8767   0023EA  EFF9  F011         	goto	u2120
  8768   0023EE                     u2121:
  8769   0023EE  EF1E  F012         	goto	l3030
  8770   0023F2                     u2120:
  8771   0023F2  501A               	movf	xtoa@d^0,w,c
  8772   0023F4  101B               	iorwf	(xtoa@d+1)^0,w,c
  8773   0023F6  A4D8               	btfss	status,2,c
  8774   0023F8  EF00  F012         	goto	u2131
  8775   0023FC  EF02  F012         	goto	u2130
  8776   002400                     u2131:
  8777   002400  EFBD  F011         	goto	l3002
  8778   002404                     u2130:
  8779   002404  501F               	movf	xtoa@p^0,w,c
  8780   002406  A4D8               	btfss	status,2,c
  8781   002408  EF08  F012         	goto	u2141
  8782   00240C  EF0A  F012         	goto	u2140
  8783   002410                     u2141:
  8784   002410  EFBD  F011         	goto	l3002
  8785   002414                     u2140:
  8786   002414  BE21               	btfsc	(xtoa@w+1)^0,7,c
  8787   002416  EF15  F012         	goto	u2151
  8788   00241A  5021               	movf	(xtoa@w+1)^0,w,c
  8789   00241C  E108               	bnz	u2150
  8790   00241E  0420               	decf	xtoa@w^0,w,c
  8791   002420  A0D8               	btfss	status,0,c
  8792   002422  EF15  F012         	goto	u2151
  8793   002426  EF17  F012         	goto	u2150
  8794   00242A                     u2151:
  8795   00242A  EF1E  F012         	goto	l3030
  8796   00242E                     u2150:
  8797   00242E  B255               	btfsc	_flags^0,1,c
  8798   002430  EF1C  F012         	goto	u2161
  8799   002434  EF1E  F012         	goto	u2160
  8800   002438                     u2161:
  8801   002438  EFBD  F011         	goto	l3002
  8802   00243C                     u2160:
  8803   00243C                     l3030:
  8804                           
  8805                           ;C:\Program Files\Microchip\xc8\v3.00\pic\sources\c99\common\doprnt.c: 1152:     return 
      +                          (void) pad(fp, &dbuf[i], w);
  8806   00243C  C019  F012         	movff	xtoa@fp,pad@fp
  8807   002440  5023               	movf	xtoa@i^0,w,c
  8808   002442  0F99               	addlw	low _dbuf
  8809   002444  6E13               	movwf	pad@buf^0,c
  8810   002446  C020  F014         	movff	xtoa@w,pad@p
  8811   00244A  C021  F015         	movff	xtoa@w+1,pad@p+1
  8812   00244E  EC27  F017         	call	_pad	;wreg free
  8813   002452  0012               	return		;funcret
  8814   002454                     __end_of_xtoa:
  8815                           	callstack 0
  8816                           
  8817 ;; *************** function _read_prec_or_width *****************
  8818 ;; Defined at:
  8819 ;;		line 1158 in file "C:\Program Files\Microchip\xc8\v3.00\pic\sources\c99\common\doprnt.c"
  8820 ;; Parameters:    Size  Location     Type
  8821 ;;  fmt             1    4[COMRAM] PTR PTR const unsigned c
  8822 ;;		 -> vfprintf@cfmt(1), 
  8823 ;;  ap              1    5[COMRAM] PTR PTR void [1]
  8824 ;;		 -> sprintf@ap(1), 
  8825 ;; Auto vars:     Size  Location     Type
  8826 ;;  c               1    8[COMRAM] unsigned char 
  8827 ;;  n               2    9[COMRAM] int 
  8828 ;; Return value:  Size  Location     Type
  8829 ;;                  2    4[COMRAM] int 
  8830 ;; Registers used:
  8831 ;;		wreg, fsr2l, fsr2h, status,2, status,0, tblptrl, tblptrh, tblptru, prodl, prodh
  8832 ;; Tracked objects:
  8833 ;;		On entry : 0/0
  8834 ;;		On exit  : 0/0
  8835 ;;		Unchanged: 0/0
  8836 ;; Data sizes:     COMRAM   BANK0   BANK1   BANK2   BANK3   BANK4   BANK5   BANK6   BANK7   BANK8   BANK9  BANK10  BANK1
      +1  BANK12  BANK13  BANK14  BANK15
  8837 ;;      Params:         2       0       0       0       0       0       0       0       0       0       0       0       
      +0       0       0       0       0
  8838 ;;      Locals:         3       0       0       0       0       0       0       0       0       0       0       0       
      +0       0       0       0       0
  8839 ;;      Temps:          2       0       0       0       0       0       0       0       0       0       0       0       
      +0       0       0       0       0
  8840 ;;      Totals:         7       0       0       0       0       0       0       0       0       0       0       0       
      +0       0       0       0       0
  8841 ;;Total ram usage:        7 bytes
  8842 ;; Hardware stack levels used: 1
  8843 ;; Hardware stack levels required when called: 2
  8844 ;; This function calls:
  8845 ;;		Nothing
  8846 ;; This function is called by:
  8847 ;;		_vfpfcnvrt
  8848 ;; This function uses a non-reentrant model
  8849 ;;
  8850                           
  8851                           	psect	text34
  8852   002A10                     __ptext34:
  8853                           	callstack 0
  8854   002A10                     _read_prec_or_width:
  8855                           	callstack 22
  8856   002A10                     
  8857                           ;C:\Program Files\Microchip\xc8\v3.00\pic\sources\c99\common\doprnt.c: 1159:     int n =
      +                           0;
  8858   002A10  0E00               	movlw	0
  8859   002A12  6E0B               	movwf	(read_prec_or_width@n+1)^0,c
  8860   002A14  0E00               	movlw	0
  8861   002A16  6E0A               	movwf	read_prec_or_width@n^0,c
  8862   002A18                     
  8863                           ;C:\Program Files\Microchip\xc8\v3.00\pic\sources\c99\common\doprnt.c: 1160:     if ((*f
      +                          mt)[0] == '*') {
  8864   002A18  5005               	movf	read_prec_or_width@fmt^0,w,c
  8865   002A1A  6ED9               	movwf	fsr2l,c
  8866   002A1C  6ADA               	clrf	fsr2h,c
  8867   002A1E  CFDF FFF6          	movff	indf2,tblptrl
  8868   002A22                     	if	1	;There is more than 1 active tblptr byte
  8869   002A22  0E10               	movlw	high __smallconst
  8870   002A24  6EF7               	movwf	tblptrh,c
  8871   002A26                     	endif
  8872   002A26                     	if	0	;tblptru may be non-zero
  8873   002A26                     	endif
  8874   002A26                     	if	0	;tblptru may be non-zero
  8875   002A26                     	endif
  8876   002A26  0008               	tblrd		*
  8877   002A28  50F5               	movf	tablat,w,c
  8878   002A2A  0A2A               	xorlw	42
  8879   002A2C  A4D8               	btfss	status,2,c
  8880   002A2E  EF1B  F015         	goto	u2171
  8881   002A32  EF1D  F015         	goto	u2170
  8882   002A36                     u2171:
  8883   002A36  EF42  F015         	goto	l3046
  8884   002A3A                     u2170:
  8885   002A3A                     
  8886                           ;C:\Program Files\Microchip\xc8\v3.00\pic\sources\c99\common\doprnt.c: 1161:         ++*
      +                          fmt;
  8887   002A3A  5005               	movf	read_prec_or_width@fmt^0,w,c
  8888   002A3C  6ED9               	movwf	fsr2l,c
  8889   002A3E  6ADA               	clrf	fsr2h,c
  8890   002A40  2ADF               	incf	indf2,f,c
  8891   002A42                     
  8892                           ;C:\Program Files\Microchip\xc8\v3.00\pic\sources\c99\common\doprnt.c: 1162:         n =
      +                           (*(int *)__va_arg(*(int **)*ap, (int)0));
  8893   002A42  5006               	movf	read_prec_or_width@ap^0,w,c
  8894   002A44  6ED9               	movwf	fsr2l,c
  8895   002A46  6ADA               	clrf	fsr2h,c
  8896   002A48  0E02               	movlw	2
  8897   002A4A  26DF               	addwf	indf2,f,c
  8898   002A4C  5CDF               	subwf	indf2,w,c
  8899   002A4E  6ED9               	movwf	fsr2l,c
  8900   002A50  6ADA               	clrf	fsr2h,c
  8901   002A52  CFDE F00A          	movff	postinc2,read_prec_or_width@n
  8902   002A56  CFDE F00B          	movff	postinc2,read_prec_or_width@n+1
  8903                           
  8904                           ;C:\Program Files\Microchip\xc8\v3.00\pic\sources\c99\common\doprnt.c: 1163:     } else 
      +                          {
  8905   002A5A  EF55  F015         	goto	l1439
  8906   002A5E                     l3042:
  8907                           
  8908                           ;C:\Program Files\Microchip\xc8\v3.00\pic\sources\c99\common\doprnt.c: 1166:            
      +                           n = n * 10 + c;
  8909   002A5E  0E0A               	movlw	10
  8910   002A60  020A               	mulwf	read_prec_or_width@n^0,c
  8911   002A62  CFF3 F007          	movff	prodl,??_read_prec_or_width
  8912   002A66  CFF4 F008          	movff	prodh,??_read_prec_or_width+1
  8913   002A6A  020B               	mulwf	(read_prec_or_width@n+1)^0,c
  8914   002A6C  50F3               	movf	prodl,w,c
  8915   002A6E  2608               	addwf	(??_read_prec_or_width+1)^0,f,c
  8916   002A70  5009               	movf	read_prec_or_width@c^0,w,c
  8917   002A72  2407               	addwf	??_read_prec_or_width^0,w,c
  8918   002A74  6E0A               	movwf	read_prec_or_width@n^0,c
  8919   002A76  0E00               	movlw	0
  8920   002A78  2008               	addwfc	(??_read_prec_or_width+1)^0,w,c
  8921   002A7A  6E0B               	movwf	(read_prec_or_width@n+1)^0,c
  8922   002A7C                     
  8923                           ;C:\Program Files\Microchip\xc8\v3.00\pic\sources\c99\common\doprnt.c: 1167:            
      +                           ++*fmt;
  8924   002A7C  5005               	movf	read_prec_or_width@fmt^0,w,c
  8925   002A7E  6ED9               	movwf	fsr2l,c
  8926   002A80  6ADA               	clrf	fsr2h,c
  8927   002A82  2ADF               	incf	indf2,f,c
  8928   002A84                     l3046:
  8929                           
  8930                           ;C:\Program Files\Microchip\xc8\v3.00\pic\sources\c99\common\doprnt.c: 1165:         whi
      +                          le ((c = ((unsigned)(*fmt)[0]) - '0') < 10) {
  8931   002A84  5005               	movf	read_prec_or_width@fmt^0,w,c
  8932   002A86  6ED9               	movwf	fsr2l,c
  8933   002A88  6ADA               	clrf	fsr2h,c
  8934   002A8A  CFDF FFF6          	movff	indf2,tblptrl
  8935   002A8E                     	if	1	;There is more than 1 active tblptr byte
  8936   002A8E  0E10               	movlw	high __smallconst
  8937   002A90  6EF7               	movwf	tblptrh,c
  8938   002A92                     	endif
  8939   002A92                     	if	0	;tblptru may be non-zero
  8940   002A92                     	endif
  8941   002A92                     	if	0	;tblptru may be non-zero
  8942   002A92                     	endif
  8943   002A92  0008               	tblrd		*
  8944   002A94  50F5               	movf	tablat,w,c
  8945   002A96  0FD0               	addlw	208
  8946   002A98  6E09               	movwf	read_prec_or_width@c^0,c
  8947   002A9A  0E09               	movlw	9
  8948   002A9C  6409               	cpfsgt	read_prec_or_width@c^0,c
  8949   002A9E  EF53  F015         	goto	u2181
  8950   002AA2  EF55  F015         	goto	u2180
  8951   002AA6                     u2181:
  8952   002AA6  EF2F  F015         	goto	l3042
  8953   002AAA                     u2180:
  8954   002AAA                     l1439:
  8955                           
  8956                           ;C:\Program Files\Microchip\xc8\v3.00\pic\sources\c99\common\doprnt.c: 1170:     return 
      +                          n;
  8957   002AAA  C00A  F005         	movff	read_prec_or_width@n,?_read_prec_or_width
  8958   002AAE  C00B  F006         	movff	read_prec_or_width@n+1,?_read_prec_or_width+1
  8959   002AB2  0012               	return		;funcret
  8960   002AB4                     __end_of_read_prec_or_width:
  8961                           	callstack 0
  8962                           
  8963 ;; *************** function _dtoa *****************
  8964 ;; Defined at:
  8965 ;;		line 513 in file "C:\Program Files\Microchip\xc8\v3.00\pic\sources\c99\common\doprnt.c"
  8966 ;; Parameters:    Size  Location     Type
  8967 ;;  fp              1   24[COMRAM] PTR struct _IO_FILE
  8968 ;;		 -> sprintf@f(11), 
  8969 ;;  d               2   25[COMRAM] int 
  8970 ;; Auto vars:     Size  Location     Type
  8971 ;;  i               2   33[COMRAM] int 
  8972 ;;  w               2   30[COMRAM] int 
  8973 ;;  s               1   32[COMRAM] unsigned char 
  8974 ;;  p               1   29[COMRAM] _Bool 
  8975 ;; Return value:  Size  Location     Type
  8976 ;;                  1    wreg      void 
  8977 ;; Registers used:
  8978 ;;		wreg, fsr1l, fsr1h, fsr2l, fsr2h, status,2, status,0, cstack
  8979 ;; Tracked objects:
  8980 ;;		On entry : 0/0
  8981 ;;		On exit  : 0/0
  8982 ;;		Unchanged: 0/0
  8983 ;; Data sizes:     COMRAM   BANK0   BANK1   BANK2   BANK3   BANK4   BANK5   BANK6   BANK7   BANK8   BANK9  BANK10  BANK1
      +1  BANK12  BANK13  BANK14  BANK15
  8984 ;;      Params:         3       0       0       0       0       0       0       0       0       0       0       0       
      +0       0       0       0       0
  8985 ;;      Locals:         8       0       0       0       0       0       0       0       0       0       0       0       
      +0       0       0       0       0
  8986 ;;      Temps:          0       0       0       0       0       0       0       0       0       0       0       0       
      +0       0       0       0       0
  8987 ;;      Totals:        11       0       0       0       0       0       0       0       0       0       0       0       
      +0       0       0       0       0
  8988 ;;Total ram usage:       11 bytes
  8989 ;; Hardware stack levels used: 1
  8990 ;; Hardware stack levels required when called: 6
  8991 ;; This function calls:
  8992 ;;		___awdiv
  8993 ;;		___awmod
  8994 ;;		_abs
  8995 ;;		_pad
  8996 ;; This function is called by:
  8997 ;;		_vfpfcnvrt
  8998 ;; This function uses a non-reentrant model
  8999 ;;
  9000                           
  9001                           	psect	text35
  9002   001FFA                     __ptext35:
  9003                           	callstack 0
  9004   001FFA                     _dtoa:
  9005                           	callstack 18
  9006   001FFA                     
  9007                           ;C:\Program Files\Microchip\xc8\v3.00\pic\sources\c99\common\doprnt.c: 513: static void 
      +                          dtoa(FILE *fp, vfpf_sint_t d);C:\Program Files\Microchip\xc8\v3.00\pic\sources\c99\commo
      +                          n\doprnt.c: 514: {;C:\Program Files\Microchip\xc8\v3.00\pic\sources\c99\common\doprnt.c:
      +                           515:  char s;;C:\Program Files\Microchip\xc8\v3.00\pic\sources\c99\common\doprnt.c: 516
      +                          :     int i, w;;C:\Program Files\Microchip\xc8\v3.00\pic\sources\c99\common\doprnt.c: 52
      +                          0:  _Bool p = 1;
  9008   001FFA  0E01               	movlw	1
  9009   001FFC  6E1E               	movwf	dtoa@p^0,c
  9010   001FFE                     
  9011                           ;C:\Program Files\Microchip\xc8\v3.00\pic\sources\c99\common\doprnt.c: 524:     s = d < 
      +                          0 ? 1 : 0;
  9012   001FFE  BE1B               	btfsc	(dtoa@d+1)^0,7,c
  9013   002000  EF04  F010         	goto	u2001
  9014   002004  EF07  F010         	goto	u2000
  9015   002008                     u2001:
  9016   002008  0E01               	movlw	1
  9017   00200A  EF08  F010         	goto	u2010
  9018   00200E                     u2000:
  9019   00200E  0E00               	movlw	0
  9020   002010                     u2010:
  9021   002010  6E21               	movwf	dtoa@s^0,c
  9022   002012                     
  9023                           ;C:\Program Files\Microchip\xc8\v3.00\pic\sources\c99\common\doprnt.c: 535:     w = widt
      +                          h;
  9024   002012  C07E  F01F         	movff	_width,dtoa@w
  9025   002016  C07F  F020         	movff	_width+1,dtoa@w+1
  9026   00201A                     
  9027                           ;C:\Program Files\Microchip\xc8\v3.00\pic\sources\c99\common\doprnt.c: 536:     if (s
  9028   00201A  5021               	movf	dtoa@s^0,w,c
  9029   00201C  B4D8               	btfsc	status,2,c
  9030   00201E  EF13  F010         	goto	u2021
  9031   002022  EF15  F010         	goto	u2020
  9032   002026                     u2021:
  9033   002026  EF2C  F010         	goto	l1410
  9034   00202A                     u2020:
  9035   00202A                     
  9036                           ;C:\Program Files\Microchip\xc8\v3.00\pic\sources\c99\common\doprnt.c: 540:     ) {;C:\P
      +                          rogram Files\Microchip\xc8\v3.00\pic\sources\c99\common\doprnt.c: 541:         --w;
  9037   00202A  061F               	decf	dtoa@w^0,f,c
  9038   00202C  A0D8               	btfss	status,0,c
  9039   00202E  0620               	decf	(dtoa@w+1)^0,f,c
  9040   002030                     
  9041                           ;C:\Program Files\Microchip\xc8\v3.00\pic\sources\c99\common\doprnt.c: 542:   s = s ? '-
      +                          ' : '+';
  9042   002030  5021               	movf	dtoa@s^0,w,c
  9043   002032  A4D8               	btfss	status,2,c
  9044   002034  EF1E  F010         	goto	u2031
  9045   002038  EF20  F010         	goto	u2030
  9046   00203C                     u2031:
  9047   00203C  EF26  F010         	goto	l2960
  9048   002040                     u2030:
  9049   002040  0E00               	movlw	0
  9050   002042  6E1D               	movwf	(_dtoa$2369+1)^0,c
  9051   002044  0E2B               	movlw	43
  9052   002046  6E1C               	movwf	_dtoa$2369^0,c
  9053   002048  EF2A  F010         	goto	l2962
  9054   00204C                     l2960:
  9055   00204C  0E00               	movlw	0
  9056   00204E  6E1D               	movwf	(_dtoa$2369+1)^0,c
  9057   002050  0E2D               	movlw	45
  9058   002052  6E1C               	movwf	_dtoa$2369^0,c
  9059   002054                     l2962:
  9060   002054  C01C  F021         	movff	_dtoa$2369,dtoa@s
  9061   002058                     l1410:
  9062                           
  9063                           ;C:\Program Files\Microchip\xc8\v3.00\pic\sources\c99\common\doprnt.c: 552:     i = size
      +                          of(dbuf) - 1;
  9064   002058  0E00               	movlw	0
  9065   00205A  6E23               	movwf	(dtoa@i+1)^0,c
  9066   00205C  0E1F               	movlw	31
  9067   00205E  6E22               	movwf	dtoa@i^0,c
  9068   002060                     
  9069                           ;C:\Program Files\Microchip\xc8\v3.00\pic\sources\c99\common\doprnt.c: 553:     dbuf[i] 
      +                          = '\0';
  9070   002060  0100               	movlb	0	; () banked
  9071   002062  6BB8               	clrf	(_dbuf+31)& (0+255),b
  9072                           
  9073                           ;C:\Program Files\Microchip\xc8\v3.00\pic\sources\c99\common\doprnt.c: 554:     while (!
      +                          (i < 1) && (d != 0
  9074   002064  EF60  F010         	goto	l2976
  9075   002068                     l2966:
  9076                           
  9077                           ;C:\Program Files\Microchip\xc8\v3.00\pic\sources\c99\common\doprnt.c: 563:     )) {;C:\
      +                          Program Files\Microchip\xc8\v3.00\pic\sources\c99\common\doprnt.c: 564:         --i;
  9078   002068  0622               	decf	dtoa@i^0,f,c
  9079   00206A  A0D8               	btfss	status,0,c
  9080   00206C  0623               	decf	(dtoa@i+1)^0,f,c
  9081   00206E                     
  9082                           ;C:\Program Files\Microchip\xc8\v3.00\pic\sources\c99\common\doprnt.c: 565:         dbuf
      +                          [i] = (char)((int)'0' + abs(d % 10));
  9083   00206E  5022               	movf	dtoa@i^0,w,c
  9084   002070  0F99               	addlw	low _dbuf
  9085   002072  6ED9               	movwf	fsr2l,c
  9086   002074  6ADA               	clrf	fsr2h,c
  9087   002076  C01A  F005         	movff	dtoa@d,___awmod@dividend
  9088   00207A  C01B  F006         	movff	dtoa@d+1,___awmod@dividend+1
  9089   00207E  0E00               	movlw	0
  9090   002080  6E08               	movwf	(___awmod@divisor+1)^0,c
  9091   002082  0E0A               	movlw	10
  9092   002084  6E07               	movwf	___awmod@divisor^0,c
  9093   002086  EC0A  F014         	call	___awmod	;wreg free
  9094   00208A  C005  F00B         	movff	?___awmod,abs@a
  9095   00208E  C006  F00C         	movff	?___awmod+1,abs@a+1
  9096   002092  ECF5  F019         	call	_abs	;wreg free
  9097   002096  500B               	movf	?_abs^0,w,c
  9098   002098  0F30               	addlw	48
  9099   00209A  6EDF               	movwf	indf2,c
  9100   00209C                     
  9101                           ;C:\Program Files\Microchip\xc8\v3.00\pic\sources\c99\common\doprnt.c: 569:   p = 0;
  9102   00209C  6A1E               	clrf	dtoa@p^0,c
  9103   00209E                     
  9104                           ;C:\Program Files\Microchip\xc8\v3.00\pic\sources\c99\common\doprnt.c: 571:         --w;
  9105   00209E  061F               	decf	dtoa@w^0,f,c
  9106   0020A0  A0D8               	btfss	status,0,c
  9107   0020A2  0620               	decf	(dtoa@w+1)^0,f,c
  9108   0020A4                     
  9109                           ;C:\Program Files\Microchip\xc8\v3.00\pic\sources\c99\common\doprnt.c: 572:         d = 
      +                          d / 10;
  9110   0020A4  C01A  F005         	movff	dtoa@d,___awdiv@dividend
  9111   0020A8  C01B  F006         	movff	dtoa@d+1,___awdiv@dividend+1
  9112   0020AC  0E00               	movlw	0
  9113   0020AE  6E08               	movwf	(___awdiv@divisor+1)^0,c
  9114   0020B0  0E0A               	movlw	10
  9115   0020B2  6E07               	movwf	___awdiv@divisor^0,c
  9116   0020B4  EC90  F012         	call	___awdiv	;wreg free
  9117   0020B8  C005  F01A         	movff	?___awdiv,dtoa@d
  9118   0020BC  C006  F01B         	movff	?___awdiv+1,dtoa@d+1
  9119   0020C0                     l2976:
  9120                           
  9121                           ;C:\Program Files\Microchip\xc8\v3.00\pic\sources\c99\common\doprnt.c: 554:     while (!
      +                          (i < 1) && (d != 0
  9122   0020C0  BE23               	btfsc	(dtoa@i+1)^0,7,c
  9123   0020C2  EF6B  F010         	goto	u2041
  9124   0020C6  5023               	movf	(dtoa@i+1)^0,w,c
  9125   0020C8  E108               	bnz	u2040
  9126   0020CA  0422               	decf	dtoa@i^0,w,c
  9127   0020CC  A0D8               	btfss	status,0,c
  9128   0020CE  EF6B  F010         	goto	u2041
  9129   0020D2  EF6D  F010         	goto	u2040
  9130   0020D6                     u2041:
  9131   0020D6  EF92  F010         	goto	l2986
  9132   0020DA                     u2040:
  9133   0020DA  501A               	movf	dtoa@d^0,w,c
  9134   0020DC  101B               	iorwf	(dtoa@d+1)^0,w,c
  9135   0020DE  A4D8               	btfss	status,2,c
  9136   0020E0  EF74  F010         	goto	u2051
  9137   0020E4  EF76  F010         	goto	u2050
  9138   0020E8                     u2051:
  9139   0020E8  EF34  F010         	goto	l2966
  9140   0020EC                     u2050:
  9141   0020EC  501E               	movf	dtoa@p^0,w,c
  9142   0020EE  A4D8               	btfss	status,2,c
  9143   0020F0  EF7C  F010         	goto	u2061
  9144   0020F4  EF7E  F010         	goto	u2060
  9145   0020F8                     u2061:
  9146   0020F8  EF34  F010         	goto	l2966
  9147   0020FC                     u2060:
  9148   0020FC  BE20               	btfsc	(dtoa@w+1)^0,7,c
  9149   0020FE  EF89  F010         	goto	u2071
  9150   002102  5020               	movf	(dtoa@w+1)^0,w,c
  9151   002104  E108               	bnz	u2070
  9152   002106  041F               	decf	dtoa@w^0,w,c
  9153   002108  A0D8               	btfss	status,0,c
  9154   00210A  EF89  F010         	goto	u2071
  9155   00210E  EF8B  F010         	goto	u2070
  9156   002112                     u2071:
  9157   002112  EF92  F010         	goto	l2986
  9158   002116                     u2070:
  9159   002116  B255               	btfsc	_flags^0,1,c
  9160   002118  EF90  F010         	goto	u2081
  9161   00211C  EF92  F010         	goto	u2080
  9162   002120                     u2081:
  9163   002120  EF34  F010         	goto	l2966
  9164   002124                     u2080:
  9165   002124                     l2986:
  9166                           
  9167                           ;C:\Program Files\Microchip\xc8\v3.00\pic\sources\c99\common\doprnt.c: 576:     if (s !=
      +                           0) {
  9168   002124  5021               	movf	dtoa@s^0,w,c
  9169   002126  B4D8               	btfsc	status,2,c
  9170   002128  EF98  F010         	goto	u2091
  9171   00212C  EF9A  F010         	goto	u2090
  9172   002130                     u2091:
  9173   002130  EFA3  F010         	goto	l2992
  9174   002134                     u2090:
  9175   002134                     
  9176                           ;C:\Program Files\Microchip\xc8\v3.00\pic\sources\c99\common\doprnt.c: 577:         --i;
  9177   002134  0622               	decf	dtoa@i^0,f,c
  9178   002136  A0D8               	btfss	status,0,c
  9179   002138  0623               	decf	(dtoa@i+1)^0,f,c
  9180   00213A                     
  9181                           ;C:\Program Files\Microchip\xc8\v3.00\pic\sources\c99\common\doprnt.c: 578:         dbuf
      +                          [i] = s;
  9182   00213A  5022               	movf	dtoa@i^0,w,c
  9183   00213C  0F99               	addlw	low _dbuf
  9184   00213E  6ED9               	movwf	fsr2l,c
  9185   002140  6ADA               	clrf	fsr2h,c
  9186   002142  C021  FFDF         	movff	dtoa@s,indf2
  9187   002146                     l2992:
  9188                           
  9189                           ;C:\Program Files\Microchip\xc8\v3.00\pic\sources\c99\common\doprnt.c: 582:     return (
      +                          void) pad(fp, &dbuf[i], w);
  9190   002146  C019  F012         	movff	dtoa@fp,pad@fp
  9191   00214A  5022               	movf	dtoa@i^0,w,c
  9192   00214C  0F99               	addlw	low _dbuf
  9193   00214E  6E13               	movwf	pad@buf^0,c
  9194   002150  C01F  F014         	movff	dtoa@w,pad@p
  9195   002154  C020  F015         	movff	dtoa@w+1,pad@p+1
  9196   002158  EC27  F017         	call	_pad	;wreg free
  9197   00215C  0012               	return		;funcret
  9198   00215E                     __end_of_dtoa:
  9199                           	callstack 0
  9200                           
  9201 ;; *************** function _pad *****************
  9202 ;; Defined at:
  9203 ;;		line 193 in file "C:\Program Files\Microchip\xc8\v3.00\pic\sources\c99\common\doprnt.c"
  9204 ;; Parameters:    Size  Location     Type
  9205 ;;  fp              1   17[COMRAM] PTR struct _IO_FILE
  9206 ;;		 -> sprintf@f(11), 
  9207 ;;  buf             1   18[COMRAM] PTR unsigned char 
  9208 ;;		 -> dbuf(32), 
  9209 ;;  p               2   19[COMRAM] int 
  9210 ;; Auto vars:     Size  Location     Type
  9211 ;;  i               2   22[COMRAM] int 
  9212 ;; Return value:  Size  Location     Type
  9213 ;;                  1    wreg      void 
  9214 ;; Registers used:
  9215 ;;		wreg, fsr1l, fsr1h, fsr2l, fsr2h, status,2, status,0, cstack
  9216 ;; Tracked objects:
  9217 ;;		On entry : 0/0
  9218 ;;		On exit  : 0/0
  9219 ;;		Unchanged: 0/0
  9220 ;; Data sizes:     COMRAM   BANK0   BANK1   BANK2   BANK3   BANK4   BANK5   BANK6   BANK7   BANK8   BANK9  BANK10  BANK1
      +1  BANK12  BANK13  BANK14  BANK15
  9221 ;;      Params:         4       0       0       0       0       0       0       0       0       0       0       0       
      +0       0       0       0       0
  9222 ;;      Locals:         2       0       0       0       0       0       0       0       0       0       0       0       
      +0       0       0       0       0
  9223 ;;      Temps:          1       0       0       0       0       0       0       0       0       0       0       0       
      +0       0       0       0       0
  9224 ;;      Totals:         7       0       0       0       0       0       0       0       0       0       0       0       
      +0       0       0       0       0
  9225 ;;Total ram usage:        7 bytes
  9226 ;; Hardware stack levels used: 1
  9227 ;; Hardware stack levels required when called: 5
  9228 ;; This function calls:
  9229 ;;		_fputc
  9230 ;;		_fputs
  9231 ;; This function is called by:
  9232 ;;		_dtoa
  9233 ;;		_xtoa
  9234 ;; This function uses a non-reentrant model
  9235 ;;
  9236                           
  9237                           	psect	text36
  9238   002E4E                     __ptext36:
  9239                           	callstack 0
  9240   002E4E                     _pad:
  9241                           	callstack 18
  9242   002E4E                     
  9243                           ;C:\Program Files\Microchip\xc8\v3.00\pic\sources\c99\common\doprnt.c: 193: static void 
      +                          pad(FILE *fp, char *buf, int p);C:\Program Files\Microchip\xc8\v3.00\pic\sources\c99\com
      +                          mon\doprnt.c: 194: {;C:\Program Files\Microchip\xc8\v3.00\pic\sources\c99\common\doprnt.
      +                          c: 195:     int i;;C:\Program Files\Microchip\xc8\v3.00\pic\sources\c99\common\doprnt.c:
      +                           199:     if (flags & (1 << 0)) {
  9244   002E4E  A055               	btfss	_flags^0,0,c
  9245   002E50  EF2C  F017         	goto	u1951
  9246   002E54  EF2E  F017         	goto	u1950
  9247   002E58                     u1951:
  9248   002E58  EF34  F017         	goto	l2930
  9249   002E5C                     u1950:
  9250   002E5C                     
  9251                           ;C:\Program Files\Microchip\xc8\v3.00\pic\sources\c99\common\doprnt.c: 200:         fput
      +                          s((const char *)buf, fp);
  9252   002E5C  C013  F00D         	movff	pad@buf,fputs@s
  9253   002E60  C012  F00E         	movff	pad@fp,fputs@fp
  9254   002E64  EC85  F019         	call	_fputs	;wreg free
  9255   002E68                     l2930:
  9256                           
  9257                           ;C:\Program Files\Microchip\xc8\v3.00\pic\sources\c99\common\doprnt.c: 205:  if (p < 0) 
      +                          {
  9258   002E68  BE15               	btfsc	(pad@p+1)^0,7,c
  9259   002E6A  EF3B  F017         	goto	u1960
  9260   002E6E  EF39  F017         	goto	u1961
  9261   002E72                     u1961:
  9262   002E72  EF3F  F017         	goto	l1402
  9263   002E76                     u1960:
  9264   002E76                     
  9265                           ;C:\Program Files\Microchip\xc8\v3.00\pic\sources\c99\common\doprnt.c: 206:   p = 0;
  9266   002E76  0E00               	movlw	0
  9267   002E78  6E15               	movwf	(pad@p+1)^0,c
  9268   002E7A  0E00               	movlw	0
  9269   002E7C  6E14               	movwf	pad@p^0,c
  9270   002E7E                     l1402:
  9271                           
  9272                           ;C:\Program Files\Microchip\xc8\v3.00\pic\sources\c99\common\doprnt.c: 208:     i = 0;
  9273   002E7E  0E00               	movlw	0
  9274   002E80  6E18               	movwf	(pad@i+1)^0,c
  9275   002E82  0E00               	movlw	0
  9276   002E84  6E17               	movwf	pad@i^0,c
  9277                           
  9278                           ;C:\Program Files\Microchip\xc8\v3.00\pic\sources\c99\common\doprnt.c: 209:     while (i
      +                           < p) {
  9279   002E86  EF4F  F017         	goto	l2938
  9280   002E8A                     l2934:
  9281                           
  9282                           ;C:\Program Files\Microchip\xc8\v3.00\pic\sources\c99\common\doprnt.c: 210:         fput
      +                          c(' ', fp);
  9283   002E8A  0E00               	movlw	0
  9284   002E8C  6E06               	movwf	(fputc@c+1)^0,c
  9285   002E8E  0E20               	movlw	32
  9286   002E90  6E05               	movwf	fputc@c^0,c
  9287   002E92  C012  F007         	movff	pad@fp,fputc@fp
  9288   002E96  EC61  F014         	call	_fputc	;wreg free
  9289   002E9A                     
  9290                           ;C:\Program Files\Microchip\xc8\v3.00\pic\sources\c99\common\doprnt.c: 211:         ++i;
  9291   002E9A  4A17               	infsnz	pad@i^0,f,c
  9292   002E9C  2A18               	incf	(pad@i+1)^0,f,c
  9293   002E9E                     l2938:
  9294                           
  9295                           ;C:\Program Files\Microchip\xc8\v3.00\pic\sources\c99\common\doprnt.c: 209:     while (i
      +                           < p) {
  9296   002E9E  5014               	movf	pad@p^0,w,c
  9297   002EA0  5C17               	subwf	pad@i^0,w,c
  9298   002EA2  5018               	movf	(pad@i+1)^0,w,c
  9299   002EA4  0A80               	xorlw	128
  9300   002EA6  6E16               	movwf	??_pad^0,c
  9301   002EA8  5015               	movf	(pad@p+1)^0,w,c
  9302   002EAA  0A80               	xorlw	128
  9303   002EAC  5816               	subwfb	??_pad^0,w,c
  9304   002EAE  A0D8               	btfss	status,0,c
  9305   002EB0  EF5C  F017         	goto	u1971
  9306   002EB4  EF5E  F017         	goto	u1970
  9307   002EB8                     u1971:
  9308   002EB8  EF45  F017         	goto	l2934
  9309   002EBC                     u1970:
  9310   002EBC                     
  9311                           ;C:\Program Files\Microchip\xc8\v3.00\pic\sources\c99\common\doprnt.c: 216:     if (!(fl
      +                          ags & (1 << 0))) {
  9312   002EBC  B055               	btfsc	_flags^0,0,c
  9313   002EBE  EF63  F017         	goto	u1981
  9314   002EC2  EF65  F017         	goto	u1980
  9315   002EC6                     u1981:
  9316   002EC6  EF6B  F017         	goto	l1407
  9317   002ECA                     u1980:
  9318   002ECA                     
  9319                           ;C:\Program Files\Microchip\xc8\v3.00\pic\sources\c99\common\doprnt.c: 218:         fput
      +                          s((const char *)buf, fp);
  9320   002ECA  C013  F00D         	movff	pad@buf,fputs@s
  9321   002ECE  C012  F00E         	movff	pad@fp,fputs@fp
  9322   002ED2  EC85  F019         	call	_fputs	;wreg free
  9323   002ED6                     l1407:
  9324   002ED6  0012               	return		;funcret
  9325   002ED8                     __end_of_pad:
  9326                           	callstack 0
  9327                           
  9328 ;; *************** function _fputs *****************
  9329 ;; Defined at:
  9330 ;;		line 8 in file "C:\Program Files\Microchip\xc8\v3.00\pic\sources\c99\common\nf_fputs.c"
  9331 ;; Parameters:    Size  Location     Type
  9332 ;;  s               1   12[COMRAM] PTR const unsigned char 
  9333 ;;		 -> dbuf(32), 
  9334 ;;  fp              1   13[COMRAM] PTR struct _IO_FILE
  9335 ;;		 -> sprintf@f(11), 
  9336 ;; Auto vars:     Size  Location     Type
  9337 ;;  i               2   15[COMRAM] int 
  9338 ;;  c               1   14[COMRAM] unsigned char 
  9339 ;; Return value:  Size  Location     Type
  9340 ;;                  2   12[COMRAM] int 
  9341 ;; Registers used:
  9342 ;;		wreg, fsr1l, fsr1h, fsr2l, fsr2h, status,2, status,0, cstack
  9343 ;; Tracked objects:
  9344 ;;		On entry : 0/0
  9345 ;;		On exit  : 0/0
  9346 ;;		Unchanged: 0/0
  9347 ;; Data sizes:     COMRAM   BANK0   BANK1   BANK2   BANK3   BANK4   BANK5   BANK6   BANK7   BANK8   BANK9  BANK10  BANK1
      +1  BANK12  BANK13  BANK14  BANK15
  9348 ;;      Params:         2       0       0       0       0       0       0       0       0       0       0       0       
      +0       0       0       0       0
  9349 ;;      Locals:         3       0       0       0       0       0       0       0       0       0       0       0       
      +0       0       0       0       0
  9350 ;;      Temps:          0       0       0       0       0       0       0       0       0       0       0       0       
      +0       0       0       0       0
  9351 ;;      Totals:         5       0       0       0       0       0       0       0       0       0       0       0       
      +0       0       0       0       0
  9352 ;;Total ram usage:        5 bytes
  9353 ;; Hardware stack levels used: 1
  9354 ;; Hardware stack levels required when called: 4
  9355 ;; This function calls:
  9356 ;;		_fputc
  9357 ;; This function is called by:
  9358 ;;		_pad
  9359 ;; This function uses a non-reentrant model
  9360 ;;
  9361                           
  9362                           	psect	text37
  9363   00330A                     __ptext37:
  9364                           	callstack 0
  9365   00330A                     _fputs:
  9366                           	callstack 18
  9367   00330A  0E00               	movlw	0
  9368   00330C  6E11               	movwf	(fputs@i+1)^0,c
  9369   00330E  0E00               	movlw	0
  9370   003310  6E10               	movwf	fputs@i^0,c
  9371   003312  EF94  F019         	goto	l2844
  9372   003316                     l2840:
  9373   003316  C00F  F005         	movff	fputs@c,fputc@c
  9374   00331A  6A06               	clrf	(fputc@c+1)^0,c
  9375   00331C  C00E  F007         	movff	fputs@fp,fputc@fp
  9376   003320  EC61  F014         	call	_fputc	;wreg free
  9377   003324  4A10               	infsnz	fputs@i^0,f,c
  9378   003326  2A11               	incf	(fputs@i+1)^0,f,c
  9379   003328                     l2844:
  9380   003328  500D               	movf	fputs@s^0,w,c
  9381   00332A  2410               	addwf	fputs@i^0,w,c
  9382   00332C  6ED9               	movwf	fsr2l,c
  9383   00332E  6ADA               	clrf	fsr2h,c
  9384   003330  50DF               	movf	indf2,w,c
  9385   003332  6E0F               	movwf	fputs@c^0,c
  9386   003334  500F               	movf	fputs@c^0,w,c
  9387   003336  A4D8               	btfss	status,2,c
  9388   003338  EFA0  F019         	goto	u1821
  9389   00333C  EFA2  F019         	goto	u1820
  9390   003340                     u1821:
  9391   003340  EF8B  F019         	goto	l2840
  9392   003344                     u1820:
  9393   003344  0012               	return		;funcret
  9394   003346                     __end_of_fputs:
  9395                           	callstack 0
  9396                           
  9397 ;; *************** function _fputc *****************
  9398 ;; Defined at:
  9399 ;;		line 8 in file "C:\Program Files\Microchip\xc8\v3.00\pic\sources\c99\common\nf_fputc.c"
  9400 ;; Parameters:    Size  Location     Type
  9401 ;;  c               2    4[COMRAM] int 
  9402 ;;  fp              1    6[COMRAM] PTR struct _IO_FILE
  9403 ;;		 -> sprintf@f(11), 
  9404 ;; Auto vars:     Size  Location     Type
  9405 ;;		None
  9406 ;; Return value:  Size  Location     Type
  9407 ;;                  2    4[COMRAM] int 
  9408 ;; Registers used:
  9409 ;;		wreg, fsr1l, fsr1h, fsr2l, fsr2h, status,2, status,0, cstack
  9410 ;; Tracked objects:
  9411 ;;		On entry : 0/0
  9412 ;;		On exit  : 0/0
  9413 ;;		Unchanged: 0/0
  9414 ;; Data sizes:     COMRAM   BANK0   BANK1   BANK2   BANK3   BANK4   BANK5   BANK6   BANK7   BANK8   BANK9  BANK10  BANK1
      +1  BANK12  BANK13  BANK14  BANK15
  9415 ;;      Params:         3       0       0       0       0       0       0       0       0       0       0       0       
      +0       0       0       0       0
  9416 ;;      Locals:         0       0       0       0       0       0       0       0       0       0       0       0       
      +0       0       0       0       0
  9417 ;;      Temps:          5       0       0       0       0       0       0       0       0       0       0       0       
      +0       0       0       0       0
  9418 ;;      Totals:         8       0       0       0       0       0       0       0       0       0       0       0       
      +0       0       0       0       0
  9419 ;;Total ram usage:        8 bytes
  9420 ;; Hardware stack levels used: 1
  9421 ;; Hardware stack levels required when called: 3
  9422 ;; This function calls:
  9423 ;;		_putch
  9424 ;; This function is called by:
  9425 ;;		_pad
  9426 ;;		_vfpfcnvrt
  9427 ;;		_fputs
  9428 ;; This function uses a non-reentrant model
  9429 ;;
  9430                           
  9431                           	psect	text38
  9432   0028C2                     __ptext38:
  9433                           	callstack 0
  9434   0028C2                     _fputc:
  9435                           	callstack 18
  9436   0028C2  5007               	movf	fputc@fp^0,w,c
  9437   0028C4  B4D8               	btfsc	status,2,c
  9438   0028C6  EF67  F014         	goto	u1781
  9439   0028CA  EF69  F014         	goto	u1780
  9440   0028CE                     u1781:
  9441   0028CE  EF71  F014         	goto	l2828
  9442   0028D2                     u1780:
  9443   0028D2  5007               	movf	fputc@fp^0,w,c
  9444   0028D4  A4D8               	btfss	status,2,c
  9445   0028D6  EF6F  F014         	goto	u1791
  9446   0028DA  EF71  F014         	goto	u1790
  9447   0028DE                     u1791:
  9448   0028DE  EF76  F014         	goto	l2830
  9449   0028E2                     u1790:
  9450   0028E2                     l2828:
  9451   0028E2  5005               	movf	fputc@c^0,w,c
  9452   0028E4  EC65  F01A         	call	_putch
  9453   0028E8  EFB5  F014         	goto	l1489
  9454   0028EC                     l2830:
  9455   0028EC  5007               	movf	fputc@fp^0,w,c
  9456   0028EE  6ED9               	movwf	fsr2l,c
  9457   0028F0  6ADA               	clrf	fsr2h,c
  9458   0028F2  0E09               	movlw	9
  9459   0028F4  26D9               	addwf	fsr2l,f,c
  9460   0028F6  50DE               	movf	postinc2,w,c
  9461   0028F8  10DE               	iorwf	postinc2,w,c
  9462   0028FA  B4D8               	btfsc	status,2,c
  9463   0028FC  EF82  F014         	goto	u1801
  9464   002900  EF84  F014         	goto	u1800
  9465   002904                     u1801:
  9466   002904  EF9D  F014         	goto	l2834
  9467   002908                     u1800:
  9468   002908  5007               	movf	fputc@fp^0,w,c
  9469   00290A  6ED9               	movwf	fsr2l,c
  9470   00290C  6ADA               	clrf	fsr2h,c
  9471   00290E  0E09               	movlw	9
  9472   002910  26D9               	addwf	fsr2l,f,c
  9473   002912  5007               	movf	fputc@fp^0,w,c
  9474   002914  6EE1               	movwf	fsr1l,c
  9475   002916  6AE2               	clrf	fsr1h,c
  9476   002918  0E02               	movlw	2
  9477   00291A  26E1               	addwf	fsr1l,f,c
  9478   00291C  50DE               	movf	postinc2,w,c
  9479   00291E  5CE6               	subwf	postinc1,w,c
  9480   002920  50E6               	movf	postinc1,w,c
  9481   002922  0A80               	xorlw	128
  9482   002924  6E0C               	movwf	(??_fputc+4)^0,c
  9483   002926  50DE               	movf	postinc2,w,c
  9484   002928  0A80               	xorlw	128
  9485   00292A  580C               	subwfb	(??_fputc+4)^0,w,c
  9486   00292C  B0D8               	btfsc	status,0,c
  9487   00292E  EF9B  F014         	goto	u1811
  9488   002932  EF9D  F014         	goto	u1810
  9489   002936                     u1811:
  9490   002936  EFB5  F014         	goto	l1489
  9491   00293A                     u1810:
  9492   00293A                     l2834:
  9493   00293A  5007               	movf	fputc@fp^0,w,c
  9494   00293C  6ED9               	movwf	fsr2l,c
  9495   00293E  6ADA               	clrf	fsr2h,c
  9496   002940  0E02               	movlw	2
  9497   002942  26D9               	addwf	fsr2l,f,c
  9498   002944  50DF               	movf	indf2,w,c
  9499   002946  6E08               	movwf	??_fputc^0,c
  9500   002948  5007               	movf	fputc@fp^0,w,c
  9501   00294A  6ED9               	movwf	fsr2l,c
  9502   00294C  6ADA               	clrf	fsr2h,c
  9503   00294E  50DF               	movf	indf2,w,c
  9504   002950  2408               	addwf	??_fputc^0,w,c
  9505   002952  6ED9               	movwf	fsr2l,c
  9506   002954  6ADA               	clrf	fsr2h,c
  9507   002956  C005  FFDF         	movff	fputc@c,indf2
  9508   00295A  5007               	movf	fputc@fp^0,w,c
  9509   00295C  6ED9               	movwf	fsr2l,c
  9510   00295E  6ADA               	clrf	fsr2h,c
  9511   002960  0E02               	movlw	2
  9512   002962  26D9               	addwf	fsr2l,f,c
  9513   002964  2ADE               	incf	postinc2,f,c
  9514   002966  0E00               	movlw	0
  9515   002968  22DD               	addwfc	postdec2,f,c
  9516   00296A                     l1489:
  9517   00296A  0012               	return		;funcret
  9518   00296C                     __end_of_fputc:
  9519                           	callstack 0
  9520                           
  9521 ;; *************** function _putch *****************
  9522 ;; Defined at:
  9523 ;;		line 7 in file "C:\Program Files\Microchip\xc8\v3.00\pic\sources\c99\common\putch.c"
  9524 ;; Parameters:    Size  Location     Type
  9525 ;;  c               1    wreg     unsigned char 
  9526 ;; Auto vars:     Size  Location     Type
  9527 ;;  c               1    0[COMRAM] unsigned char 
  9528 ;; Return value:  Size  Location     Type
  9529 ;;                  1    wreg      void 
  9530 ;; Registers used:
  9531 ;;		wreg
  9532 ;; Tracked objects:
  9533 ;;		On entry : 0/0
  9534 ;;		On exit  : 0/0
  9535 ;;		Unchanged: 0/0
  9536 ;; Data sizes:     COMRAM   BANK0   BANK1   BANK2   BANK3   BANK4   BANK5   BANK6   BANK7   BANK8   BANK9  BANK10  BANK1
      +1  BANK12  BANK13  BANK14  BANK15
  9537 ;;      Params:         0       0       0       0       0       0       0       0       0       0       0       0       
      +0       0       0       0       0
  9538 ;;      Locals:         0       0       0       0       0       0       0       0       0       0       0       0       
      +0       0       0       0       0
  9539 ;;      Temps:          0       0       0       0       0       0       0       0       0       0       0       0       
      +0       0       0       0       0
  9540 ;;      Totals:         0       0       0       0       0       0       0       0       0       0       0       0       
      +0       0       0       0       0
  9541 ;;Total ram usage:        0 bytes
  9542 ;; Hardware stack levels used: 1
  9543 ;; Hardware stack levels required when called: 2
  9544 ;; This function calls:
  9545 ;;		Nothing
  9546 ;; This function is called by:
  9547 ;;		_fputc
  9548 ;; This function uses a non-reentrant model
  9549 ;;
  9550                           
  9551                           	psect	text39
  9552   0034CA                     __ptext39:
  9553                           	callstack 0
  9554   0034CA                     _putch:
  9555                           	callstack 18
  9556   0034CA  0012               	return		;funcret
  9557   0034CC                     __end_of_putch:
  9558                           	callstack 0
  9559                           
  9560 ;; *************** function _abs *****************
  9561 ;; Defined at:
  9562 ;;		line 1 in file "C:\Program Files\Microchip\xc8\v3.00\pic\sources\c99\common\abs.c"
  9563 ;; Parameters:    Size  Location     Type
  9564 ;;  a               2   10[COMRAM] int 
  9565 ;; Auto vars:     Size  Location     Type
  9566 ;;		None
  9567 ;; Return value:  Size  Location     Type
  9568 ;;                  2   10[COMRAM] int 
  9569 ;; Registers used:
  9570 ;;		wreg, status,2, status,0
  9571 ;; Tracked objects:
  9572 ;;		On entry : 0/0
  9573 ;;		On exit  : 0/0
  9574 ;;		Unchanged: 0/0
  9575 ;; Data sizes:     COMRAM   BANK0   BANK1   BANK2   BANK3   BANK4   BANK5   BANK6   BANK7   BANK8   BANK9  BANK10  BANK1
      +1  BANK12  BANK13  BANK14  BANK15
  9576 ;;      Params:         2       0       0       0       0       0       0       0       0       0       0       0       
      +0       0       0       0       0
  9577 ;;      Locals:         0       0       0       0       0       0       0       0       0       0       0       0       
      +0       0       0       0       0
  9578 ;;      Temps:          2       0       0       0       0       0       0       0       0       0       0       0       
      +0       0       0       0       0
  9579 ;;      Totals:         4       0       0       0       0       0       0       0       0       0       0       0       
      +0       0       0       0       0
  9580 ;;Total ram usage:        4 bytes
  9581 ;; Hardware stack levels used: 1
  9582 ;; Hardware stack levels required when called: 2
  9583 ;; This function calls:
  9584 ;;		Nothing
  9585 ;; This function is called by:
  9586 ;;		_dtoa
  9587 ;; This function uses a non-reentrant model
  9588 ;;
  9589                           
  9590                           	psect	text40
  9591   0033EA                     __ptext40:
  9592                           	callstack 0
  9593   0033EA                     _abs:
  9594                           	callstack 21
  9595   0033EA  BE0C               	btfsc	(abs@a+1)^0,7,c
  9596   0033EC  EFFA  F019         	goto	u1991
  9597   0033F0  EFFC  F019         	goto	u1990
  9598   0033F4                     u1991:
  9599   0033F4  EF02  F01A         	goto	l1474
  9600   0033F8                     u1990:
  9601   0033F8  C00B  F00B         	movff	abs@a,?_abs
  9602   0033FC  C00C  F00C         	movff	abs@a+1,?_abs+1
  9603   003400  EF0E  F01A         	goto	l1477
  9604   003404                     l1474:
  9605   003404  C00B  F00D         	movff	abs@a,??_abs
  9606   003408  C00C  F00E         	movff	abs@a+1,??_abs+1
  9607   00340C  1E0D               	comf	??_abs^0,f,c
  9608   00340E  1E0E               	comf	(??_abs+1)^0,f,c
  9609   003410  4A0D               	infsnz	??_abs^0,f,c
  9610   003412  2A0E               	incf	(??_abs+1)^0,f,c
  9611   003414  C00D  F00B         	movff	??_abs,?_abs
  9612   003418  C00E  F00C         	movff	??_abs+1,?_abs+1
  9613   00341C                     l1477:
  9614   00341C  0012               	return		;funcret
  9615   00341E                     __end_of_abs:
  9616                           	callstack 0
  9617                           
  9618 ;; *************** function ___awmod *****************
  9619 ;; Defined at:
  9620 ;;		line 7 in file "C:\Program Files\Microchip\xc8\v3.00\pic\sources\c99\common\awmod.c"
  9621 ;; Parameters:    Size  Location     Type
  9622 ;;  dividend        2    4[COMRAM] int 
  9623 ;;  divisor         2    6[COMRAM] int 
  9624 ;; Auto vars:     Size  Location     Type
  9625 ;;  sign            1    9[COMRAM] unsigned char 
  9626 ;;  counter         1    8[COMRAM] unsigned char 
  9627 ;; Return value:  Size  Location     Type
  9628 ;;                  2    4[COMRAM] int 
  9629 ;; Registers used:
  9630 ;;		wreg, status,2, status,0
  9631 ;; Tracked objects:
  9632 ;;		On entry : 0/0
  9633 ;;		On exit  : 0/0
  9634 ;;		Unchanged: 0/0
  9635 ;; Data sizes:     COMRAM   BANK0   BANK1   BANK2   BANK3   BANK4   BANK5   BANK6   BANK7   BANK8   BANK9  BANK10  BANK1
      +1  BANK12  BANK13  BANK14  BANK15
  9636 ;;      Params:         4       0       0       0       0       0       0       0       0       0       0       0       
      +0       0       0       0       0
  9637 ;;      Locals:         2       0       0       0       0       0       0       0       0       0       0       0       
      +0       0       0       0       0
  9638 ;;      Temps:          0       0       0       0       0       0       0       0       0       0       0       0       
      +0       0       0       0       0
  9639 ;;      Totals:         6       0       0       0       0       0       0       0       0       0       0       0       
      +0       0       0       0       0
  9640 ;;Total ram usage:        6 bytes
  9641 ;; Hardware stack levels used: 1
  9642 ;; Hardware stack levels required when called: 2
  9643 ;; This function calls:
  9644 ;;		Nothing
  9645 ;; This function is called by:
  9646 ;;		_dtoa
  9647 ;; This function uses a non-reentrant model
  9648 ;;
  9649                           
  9650                           	psect	text41
  9651   002814                     __ptext41:
  9652                           	callstack 0
  9653   002814                     ___awmod:
  9654                           	callstack 21
  9655   002814  6A0A               	clrf	___awmod@sign^0,c
  9656   002816  BE06               	btfsc	(___awmod@dividend+1)^0,7,c
  9657   002818  EF12  F014         	goto	u1890
  9658   00281C  EF10  F014         	goto	u1891
  9659   002820                     u1891:
  9660   002820  EF18  F014         	goto	l2898
  9661   002824                     u1890:
  9662   002824  6C05               	negf	___awmod@dividend^0,c
  9663   002826  1E06               	comf	(___awmod@dividend+1)^0,f,c
  9664   002828  B0D8               	btfsc	status,0,c
  9665   00282A  2A06               	incf	(___awmod@dividend+1)^0,f,c
  9666   00282C  0E01               	movlw	1
  9667   00282E  6E0A               	movwf	___awmod@sign^0,c
  9668   002830                     l2898:
  9669   002830  BE08               	btfsc	(___awmod@divisor+1)^0,7,c
  9670   002832  EF1F  F014         	goto	u1900
  9671   002836  EF1D  F014         	goto	u1901
  9672   00283A                     u1901:
  9673   00283A  EF23  F014         	goto	l2902
  9674   00283E                     u1900:
  9675   00283E  6C07               	negf	___awmod@divisor^0,c
  9676   002840  1E08               	comf	(___awmod@divisor+1)^0,f,c
  9677   002842  B0D8               	btfsc	status,0,c
  9678   002844  2A08               	incf	(___awmod@divisor+1)^0,f,c
  9679   002846                     l2902:
  9680   002846  5007               	movf	___awmod@divisor^0,w,c
  9681   002848  1008               	iorwf	(___awmod@divisor+1)^0,w,c
  9682   00284A  B4D8               	btfsc	status,2,c
  9683   00284C  EF2A  F014         	goto	u1911
  9684   002850  EF2C  F014         	goto	u1910
  9685   002854                     u1911:
  9686   002854  EF50  F014         	goto	l2918
  9687   002858                     u1910:
  9688   002858  0E01               	movlw	1
  9689   00285A  6E09               	movwf	___awmod@counter^0,c
  9690   00285C  EF34  F014         	goto	l2908
  9691   002860                     l2906:
  9692   002860  90D8               	bcf	status,0,c
  9693   002862  3607               	rlcf	___awmod@divisor^0,f,c
  9694   002864  3608               	rlcf	(___awmod@divisor+1)^0,f,c
  9695   002866  2A09               	incf	___awmod@counter^0,f,c
  9696   002868                     l2908:
  9697   002868  AE08               	btfss	(___awmod@divisor+1)^0,7,c
  9698   00286A  EF39  F014         	goto	u1921
  9699   00286E  EF3B  F014         	goto	u1920
  9700   002872                     u1921:
  9701   002872  EF30  F014         	goto	l2906
  9702   002876                     u1920:
  9703   002876                     l2910:
  9704   002876  5007               	movf	___awmod@divisor^0,w,c
  9705   002878  5C05               	subwf	___awmod@dividend^0,w,c
  9706   00287A  5008               	movf	(___awmod@divisor+1)^0,w,c
  9707   00287C  5806               	subwfb	(___awmod@dividend+1)^0,w,c
  9708   00287E  A0D8               	btfss	status,0,c
  9709   002880  EF44  F014         	goto	u1931
  9710   002884  EF46  F014         	goto	u1930
  9711   002888                     u1931:
  9712   002888  EF4A  F014         	goto	l2914
  9713   00288C                     u1930:
  9714   00288C  5007               	movf	___awmod@divisor^0,w,c
  9715   00288E  5E05               	subwf	___awmod@dividend^0,f,c
  9716   002890  5008               	movf	(___awmod@divisor+1)^0,w,c
  9717   002892  5A06               	subwfb	(___awmod@dividend+1)^0,f,c
  9718   002894                     l2914:
  9719   002894  90D8               	bcf	status,0,c
  9720   002896  3208               	rrcf	(___awmod@divisor+1)^0,f,c
  9721   002898  3207               	rrcf	___awmod@divisor^0,f,c
  9722   00289A  2E09               	decfsz	___awmod@counter^0,f,c
  9723   00289C  EF3B  F014         	goto	l2910
  9724   0028A0                     l2918:
  9725   0028A0  500A               	movf	___awmod@sign^0,w,c
  9726   0028A2  B4D8               	btfsc	status,2,c
  9727   0028A4  EF56  F014         	goto	u1941
  9728   0028A8  EF58  F014         	goto	u1940
  9729   0028AC                     u1941:
  9730   0028AC  EF5C  F014         	goto	l2922
  9731   0028B0                     u1940:
  9732   0028B0  6C05               	negf	___awmod@dividend^0,c
  9733   0028B2  1E06               	comf	(___awmod@dividend+1)^0,f,c
  9734   0028B4  B0D8               	btfsc	status,0,c
  9735   0028B6  2A06               	incf	(___awmod@dividend+1)^0,f,c
  9736   0028B8                     l2922:
  9737   0028B8  C005  F005         	movff	___awmod@dividend,?___awmod
  9738   0028BC  C006  F006         	movff	___awmod@dividend+1,?___awmod+1
  9739   0028C0  0012               	return		;funcret
  9740   0028C2                     __end_of___awmod:
  9741                           	callstack 0
  9742                           
  9743 ;; *************** function ___awdiv *****************
  9744 ;; Defined at:
  9745 ;;		line 7 in file "C:\Program Files\Microchip\xc8\v3.00\pic\sources\c99\common\awdiv.c"
  9746 ;; Parameters:    Size  Location     Type
  9747 ;;  dividend        2    4[COMRAM] int 
  9748 ;;  divisor         2    6[COMRAM] int 
  9749 ;; Auto vars:     Size  Location     Type
  9750 ;;  quotient        2   10[COMRAM] int 
  9751 ;;  sign            1    9[COMRAM] unsigned char 
  9752 ;;  counter         1    8[COMRAM] unsigned char 
  9753 ;; Return value:  Size  Location     Type
  9754 ;;                  2    4[COMRAM] int 
  9755 ;; Registers used:
  9756 ;;		wreg, status,2, status,0
  9757 ;; Tracked objects:
  9758 ;;		On entry : 0/0
  9759 ;;		On exit  : 0/0
  9760 ;;		Unchanged: 0/0
  9761 ;; Data sizes:     COMRAM   BANK0   BANK1   BANK2   BANK3   BANK4   BANK5   BANK6   BANK7   BANK8   BANK9  BANK10  BANK1
      +1  BANK12  BANK13  BANK14  BANK15
  9762 ;;      Params:         4       0       0       0       0       0       0       0       0       0       0       0       
      +0       0       0       0       0
  9763 ;;      Locals:         4       0       0       0       0       0       0       0       0       0       0       0       
      +0       0       0       0       0
  9764 ;;      Temps:          0       0       0       0       0       0       0       0       0       0       0       0       
      +0       0       0       0       0
  9765 ;;      Totals:         8       0       0       0       0       0       0       0       0       0       0       0       
      +0       0       0       0       0
  9766 ;;Total ram usage:        8 bytes
  9767 ;; Hardware stack levels used: 1
  9768 ;; Hardware stack levels required when called: 2
  9769 ;; This function calls:
  9770 ;;		Nothing
  9771 ;; This function is called by:
  9772 ;;		_dtoa
  9773 ;; This function uses a non-reentrant model
  9774 ;;
  9775                           
  9776                           	psect	text42
  9777   002520                     __ptext42:
  9778                           	callstack 0
  9779   002520                     ___awdiv:
  9780                           	callstack 21
  9781   002520  6A0A               	clrf	___awdiv@sign^0,c
  9782   002522  BE08               	btfsc	(___awdiv@divisor+1)^0,7,c
  9783   002524  EF98  F012         	goto	u1830
  9784   002528  EF96  F012         	goto	u1831
  9785   00252C                     u1831:
  9786   00252C  EF9E  F012         	goto	l2854
  9787   002530                     u1830:
  9788   002530  6C07               	negf	___awdiv@divisor^0,c
  9789   002532  1E08               	comf	(___awdiv@divisor+1)^0,f,c
  9790   002534  B0D8               	btfsc	status,0,c
  9791   002536  2A08               	incf	(___awdiv@divisor+1)^0,f,c
  9792   002538  0E01               	movlw	1
  9793   00253A  6E0A               	movwf	___awdiv@sign^0,c
  9794   00253C                     l2854:
  9795   00253C  BE06               	btfsc	(___awdiv@dividend+1)^0,7,c
  9796   00253E  EFA5  F012         	goto	u1840
  9797   002542  EFA3  F012         	goto	u1841
  9798   002546                     u1841:
  9799   002546  EFAB  F012         	goto	l2860
  9800   00254A                     u1840:
  9801   00254A  6C05               	negf	___awdiv@dividend^0,c
  9802   00254C  1E06               	comf	(___awdiv@dividend+1)^0,f,c
  9803   00254E  B0D8               	btfsc	status,0,c
  9804   002550  2A06               	incf	(___awdiv@dividend+1)^0,f,c
  9805   002552  0E01               	movlw	1
  9806   002554  1A0A               	xorwf	___awdiv@sign^0,f,c
  9807   002556                     l2860:
  9808   002556  0E00               	movlw	0
  9809   002558  6E0C               	movwf	(___awdiv@quotient+1)^0,c
  9810   00255A  0E00               	movlw	0
  9811   00255C  6E0B               	movwf	___awdiv@quotient^0,c
  9812   00255E  5007               	movf	___awdiv@divisor^0,w,c
  9813   002560  1008               	iorwf	(___awdiv@divisor+1)^0,w,c
  9814   002562  B4D8               	btfsc	status,2,c
  9815   002564  EFB6  F012         	goto	u1851
  9816   002568  EFB8  F012         	goto	u1850
  9817   00256C                     u1851:
  9818   00256C  EFE0  F012         	goto	l2882
  9819   002570                     u1850:
  9820   002570  0E01               	movlw	1
  9821   002572  6E09               	movwf	___awdiv@counter^0,c
  9822   002574  EFC0  F012         	goto	l2868
  9823   002578                     l2866:
  9824   002578  90D8               	bcf	status,0,c
  9825   00257A  3607               	rlcf	___awdiv@divisor^0,f,c
  9826   00257C  3608               	rlcf	(___awdiv@divisor+1)^0,f,c
  9827   00257E  2A09               	incf	___awdiv@counter^0,f,c
  9828   002580                     l2868:
  9829   002580  AE08               	btfss	(___awdiv@divisor+1)^0,7,c
  9830   002582  EFC5  F012         	goto	u1861
  9831   002586  EFC7  F012         	goto	u1860
  9832   00258A                     u1861:
  9833   00258A  EFBC  F012         	goto	l2866
  9834   00258E                     u1860:
  9835   00258E                     l2870:
  9836   00258E  90D8               	bcf	status,0,c
  9837   002590  360B               	rlcf	___awdiv@quotient^0,f,c
  9838   002592  360C               	rlcf	(___awdiv@quotient+1)^0,f,c
  9839   002594  5007               	movf	___awdiv@divisor^0,w,c
  9840   002596  5C05               	subwf	___awdiv@dividend^0,w,c
  9841   002598  5008               	movf	(___awdiv@divisor+1)^0,w,c
  9842   00259A  5806               	subwfb	(___awdiv@dividend+1)^0,w,c
  9843   00259C  A0D8               	btfss	status,0,c
  9844   00259E  EFD3  F012         	goto	u1871
  9845   0025A2  EFD5  F012         	goto	u1870
  9846   0025A6                     u1871:
  9847   0025A6  EFDA  F012         	goto	l2878
  9848   0025AA                     u1870:
  9849   0025AA  5007               	movf	___awdiv@divisor^0,w,c
  9850   0025AC  5E05               	subwf	___awdiv@dividend^0,f,c
  9851   0025AE  5008               	movf	(___awdiv@divisor+1)^0,w,c
  9852   0025B0  5A06               	subwfb	(___awdiv@dividend+1)^0,f,c
  9853   0025B2  800B               	bsf	___awdiv@quotient^0,0,c
  9854   0025B4                     l2878:
  9855   0025B4  90D8               	bcf	status,0,c
  9856   0025B6  3208               	rrcf	(___awdiv@divisor+1)^0,f,c
  9857   0025B8  3207               	rrcf	___awdiv@divisor^0,f,c
  9858   0025BA  2E09               	decfsz	___awdiv@counter^0,f,c
  9859   0025BC  EFC7  F012         	goto	l2870
  9860   0025C0                     l2882:
  9861   0025C0  500A               	movf	___awdiv@sign^0,w,c
  9862   0025C2  B4D8               	btfsc	status,2,c
  9863   0025C4  EFE6  F012         	goto	u1881
  9864   0025C8  EFE8  F012         	goto	u1880
  9865   0025CC                     u1881:
  9866   0025CC  EFEC  F012         	goto	l2886
  9867   0025D0                     u1880:
  9868   0025D0  6C0B               	negf	___awdiv@quotient^0,c
  9869   0025D2  1E0C               	comf	(___awdiv@quotient+1)^0,f,c
  9870   0025D4  B0D8               	btfsc	status,0,c
  9871   0025D6  2A0C               	incf	(___awdiv@quotient+1)^0,f,c
  9872   0025D8                     l2886:
  9873   0025D8  C00B  F005         	movff	___awdiv@quotient,?___awdiv
  9874   0025DC  C00C  F006         	movff	___awdiv@quotient+1,?___awdiv+1
  9875   0025E0  0012               	return		;funcret
  9876   0025E2                     __end_of___awdiv:
  9877                           	callstack 0
  9878                           
  9879 ;; *************** function _Consulta_Sensor *****************
  9880 ;; Defined at:
  9881 ;;		line 6 in file "Control.c"
  9882 ;; Parameters:    Size  Location     Type
  9883 ;;		None
  9884 ;; Auto vars:     Size  Location     Type
  9885 ;;  i               2    8[COMRAM] int 
  9886 ;; Return value:  Size  Location     Type
  9887 ;;                  1    wreg      void 
  9888 ;; Registers used:
  9889 ;;		wreg, status,2, status,0, tblptrl, tblptrh, tblptru, cstack
  9890 ;; Tracked objects:
  9891 ;;		On entry : 0/0
  9892 ;;		On exit  : 0/0
  9893 ;;		Unchanged: 0/0
  9894 ;; Data sizes:     COMRAM   BANK0   BANK1   BANK2   BANK3   BANK4   BANK5   BANK6   BANK7   BANK8   BANK9  BANK10  BANK1
      +1  BANK12  BANK13  BANK14  BANK15
  9895 ;;      Params:         0       0       0       0       0       0       0       0       0       0       0       0       
      +0       0       0       0       0
  9896 ;;      Locals:         2       0       0       0       0       0       0       0       0       0       0       0       
      +0       0       0       0       0
  9897 ;;      Temps:          1       0       0       0       0       0       0       0       0       0       0       0       
      +0       0       0       0       0
  9898 ;;      Totals:         3       0       0       0       0       0       0       0       0       0       0       0       
      +0       0       0       0       0
  9899 ;;Total ram usage:        3 bytes
  9900 ;; Hardware stack levels used: 1
  9901 ;; Hardware stack levels required when called: 3
  9902 ;; This function calls:
  9903 ;;		_UART1_Write
  9904 ;; This function is called by:
  9905 ;;		_main
  9906 ;; This function uses a non-reentrant model
  9907 ;;
  9908                           
  9909                           	psect	text43
  9910   002DBC                     __ptext43:
  9911                           	callstack 0
  9912   002DBC                     _Consulta_Sensor:
  9913                           	callstack 27
  9914   002DBC                     
  9915                           ;Control.c: 7:     LATDbits.LATD5 = 1;
  9916   002DBC  8A8C               	bsf	140,5,c	;volatile
  9917   002DBE                     
  9918                           ;Control.c: 8:     _delay((unsigned long)((5)*(16000000/4000.0)));
  9919   002DBE  0E1A               	movlw	26
  9920   002DC0  6E08               	movwf	??_Consulta_Sensor^0,c
  9921   002DC2  0EF8               	movlw	248
  9922   002DC4                     u3717:
  9923   002DC4  2EE8               	decfsz	wreg,f,c
  9924   002DC6  D7FE               	bra	u3717
  9925   002DC8  2E08               	decfsz	??_Consulta_Sensor^0,f,c
  9926   002DCA  D7FC               	bra	u3717
  9927   002DCC  D000               	nop2	
  9928                           
  9929                           ;Control.c: 9:     _delay((unsigned long)((5)*(16000000/4000.0)));
  9930   002DCE  0E1A               	movlw	26
  9931   002DD0  6E08               	movwf	??_Consulta_Sensor^0,c
  9932   002DD2  0EF8               	movlw	248
  9933   002DD4                     u3727:
  9934   002DD4  2EE8               	decfsz	wreg,f,c
  9935   002DD6  D7FE               	bra	u3727
  9936   002DD8  2E08               	decfsz	??_Consulta_Sensor^0,f,c
  9937   002DDA  D7FC               	bra	u3727
  9938   002DDC  D000               	nop2	
  9939   002DDE                     
  9940                           ;Control.c: 10:     for (int i = 0; i < 5; i++) {
  9941   002DDE  0E00               	movlw	0
  9942   002DE0  6E0A               	movwf	(Consulta_Sensor@i+1)^0,c
  9943   002DE2  0E00               	movlw	0
  9944   002DE4  6E09               	movwf	Consulta_Sensor@i^0,c
  9945   002DE6                     l4068:
  9946                           
  9947                           ;Control.c: 11:         UART1_Write(Get_PPM[i]);
  9948   002DE6  5009               	movf	Consulta_Sensor@i^0,w,c
  9949   002DE8  0F01               	addlw	low _Get_PPM
  9950   002DEA  6E08               	movwf	??_Consulta_Sensor^0,c
  9951   002DEC  C008  FFF6         	movff	??_Consulta_Sensor,tblptrl
  9952   002DF0                     	if	1	;There is more than 1 active tblptr byte
  9953   002DF0  0E10               	movlw	high __smallconst
  9954   002DF2  6EF7               	movwf	tblptrh,c
  9955   002DF4                     	endif
  9956   002DF4                     	if	0	;tblptru may be non-zero
  9957   002DF4                     	endif
  9958   002DF4                     	if	0	;tblptru may be non-zero
  9959   002DF4                     	endif
  9960   002DF4  0008               	tblrd		*
  9961   002DF6  50F5               	movf	tablat,w,c
  9962   002DF8  ECA9  F015         	call	_UART1_Write
  9963   002DFC                     
  9964                           ;Control.c: 12:         if (i == 4) LATDbits.LATD5 = 0;
  9965   002DFC  0E04               	movlw	4
  9966   002DFE  1809               	xorwf	Consulta_Sensor@i^0,w,c
  9967   002E00  100A               	iorwf	(Consulta_Sensor@i+1)^0,w,c
  9968   002E02  A4D8               	btfss	status,2,c
  9969   002E04  EF06  F017         	goto	u3481
  9970   002E08  EF08  F017         	goto	u3480
  9971   002E0C                     u3481:
  9972   002E0C  EF09  F017         	goto	l4074
  9973   002E10                     u3480:
  9974   002E10  9A8C               	bcf	140,5,c	;volatile
  9975   002E12                     l4074:
  9976                           
  9977                           ;Control.c: 13:         _delay((unsigned long)((30)*(16000000/4000000.0)));
  9978   002E12  0E28               	movlw	40
  9979   002E14                     u3737:
  9980   002E14  2EE8               	decfsz	wreg,f,c
  9981   002E16  D7FE               	bra	u3737
  9982   002E18  0004               	clrwdt		;# 
  9983   002E1A                     
  9984                           ;Control.c: 15:     }
  9985   002E1A  4A09               	infsnz	Consulta_Sensor@i^0,f,c
  9986   002E1C  2A0A               	incf	(Consulta_Sensor@i+1)^0,f,c
  9987   002E1E  BE0A               	btfsc	(Consulta_Sensor@i+1)^0,7,c
  9988   002E20  EF1B  F017         	goto	u3491
  9989   002E24  500A               	movf	(Consulta_Sensor@i+1)^0,w,c
  9990   002E26  E109               	bnz	u3490
  9991   002E28  0E05               	movlw	5
  9992   002E2A  5C09               	subwf	Consulta_Sensor@i^0,w,c
  9993   002E2C  A0D8               	btfss	status,0,c
  9994   002E2E  EF1B  F017         	goto	u3491
  9995   002E32  EF1D  F017         	goto	u3490
  9996   002E36                     u3491:
  9997   002E36  EFF3  F016         	goto	l4068
  9998   002E3A                     u3490:
  9999   002E3A                     
 10000                           ;Control.c: 16:     _delay((unsigned long)((5)*(16000000/4000.0)));
 10001   002E3A  0E1A               	movlw	26
 10002   002E3C  6E08               	movwf	??_Consulta_Sensor^0,c
 10003   002E3E  0EF8               	movlw	248
 10004   002E40                     u3747:
 10005   002E40  2EE8               	decfsz	wreg,f,c
 10006   002E42  D7FE               	bra	u3747
 10007   002E44  2E08               	decfsz	??_Consulta_Sensor^0,f,c
 10008   002E46  D7FC               	bra	u3747
 10009   002E48  D000               	nop2	
 10010   002E4A                     
 10011                           ;Control.c: 17:     LATDbits.LATD5 = 0;
 10012   002E4A  9A8C               	bcf	140,5,c	;volatile
 10013   002E4C  0012               	return		;funcret
 10014   002E4E                     __end_of_Consulta_Sensor:
 10015                           	callstack 0
 10016                           
 10017 ;; *************** function _Consulta_Relay *****************
 10018 ;; Defined at:
 10019 ;;		line 20 in file "Control.c"
 10020 ;; Parameters:    Size  Location     Type
 10021 ;;		None
 10022 ;; Auto vars:     Size  Location     Type
 10023 ;;		None
 10024 ;; Return value:  Size  Location     Type
 10025 ;;                  1    wreg      void 
 10026 ;; Registers used:
 10027 ;;		wreg, fsr1l, fsr1h, status,2, status,0, tblptrl, tblptrh, tblptru, cstack
 10028 ;; Tracked objects:
 10029 ;;		On entry : 0/0
 10030 ;;		On exit  : 0/0
 10031 ;;		Unchanged: 0/0
 10032 ;; Data sizes:     COMRAM   BANK0   BANK1   BANK2   BANK3   BANK4   BANK5   BANK6   BANK7   BANK8   BANK9  BANK10  BANK1
      +1  BANK12  BANK13  BANK14  BANK15
 10033 ;;      Params:         0       0       0       0       0       0       0       0       0       0       0       0       
      +0       0       0       0       0
 10034 ;;      Locals:         0       0       0       0       0       0       0       0       0       0       0       0       
      +0       0       0       0       0
 10035 ;;      Temps:          1       0       0       0       0       0       0       0       0       0       0       0       
      +0       0       0       0       0
 10036 ;;      Totals:         1       0       0       0       0       0       0       0       0       0       0       0       
      +0       0       0       0       0
 10037 ;;Total ram usage:        1 bytes
 10038 ;; Hardware stack levels used: 1
 10039 ;; Hardware stack levels required when called: 4
 10040 ;; This function calls:
 10041 ;;		_UART1_WriteString
 10042 ;; This function is called by:
 10043 ;;		_main
 10044 ;; This function uses a non-reentrant model
 10045 ;;
 10046                           
 10047                           	psect	text44
 10048   003208                     __ptext44:
 10049                           	callstack 0
 10050   003208                     _Consulta_Relay:
 10051                           	callstack 26
 10052   003208                     
 10053                           ;Control.c: 21:     LATDbits.LATD5 = 1;
 10054   003208  8A8C               	bsf	140,5,c	;volatile
 10055   00320A                     
 10056                           ;Control.c: 22:     _delay((unsigned long)((5)*(16000000/4000.0)));
 10057   00320A  0E1A               	movlw	26
 10058   00320C  6E0A               	movwf	??_Consulta_Relay^0,c
 10059   00320E  0EF8               	movlw	248
 10060   003210                     u3757:
 10061   003210  2EE8               	decfsz	wreg,f,c
 10062   003212  D7FE               	bra	u3757
 10063   003214  2E0A               	decfsz	??_Consulta_Relay^0,f,c
 10064   003216  D7FC               	bra	u3757
 10065   003218  D000               	nop2	
 10066                           
 10067                           ;Control.c: 23:     _delay((unsigned long)((5)*(16000000/4000.0)));
 10068   00321A  0E1A               	movlw	26
 10069   00321C  6E0A               	movwf	??_Consulta_Relay^0,c
 10070   00321E  0EF8               	movlw	248
 10071   003220                     u3767:
 10072   003220  2EE8               	decfsz	wreg,f,c
 10073   003222  D7FE               	bra	u3767
 10074   003224  2E0A               	decfsz	??_Consulta_Relay^0,f,c
 10075   003226  D7FC               	bra	u3767
 10076   003228  D000               	nop2	
 10077   00322A                     
 10078                           ;Control.c: 24:     UART1_WriteString("AGROLATINA_G01_CB01_STATUS_");
 10079   00322A  0E06               	movlw	low STR_7
 10080   00322C  6E08               	movwf	UART1_WriteString@cad^0,c
 10081   00322E  5008               	movf	UART1_WriteString@cad^0,w,c
 10082   003230  A4D8               	btfss	status,2,c
 10083   003232  0E10               	movlw	high __smallconst
 10084   003234  6E09               	movwf	(UART1_WriteString@cad+1)^0,c
 10085   003236  ECD3  F018         	call	_UART1_WriteString	;wreg free
 10086   00323A                     
 10087                           ;Control.c: 25:     _delay((unsigned long)((5)*(16000000/4000.0)));
 10088   00323A  0E1A               	movlw	26
 10089   00323C  6E0A               	movwf	??_Consulta_Relay^0,c
 10090   00323E  0EF8               	movlw	248
 10091   003240                     u3777:
 10092   003240  2EE8               	decfsz	wreg,f,c
 10093   003242  D7FE               	bra	u3777
 10094   003244  2E0A               	decfsz	??_Consulta_Relay^0,f,c
 10095   003246  D7FC               	bra	u3777
 10096   003248  D000               	nop2	
 10097   00324A                     
 10098                           ;Control.c: 26:     LATDbits.LATD5 = 0;
 10099   00324A  9A8C               	bcf	140,5,c	;volatile
 10100   00324C  0012               	return		;funcret
 10101   00324E                     __end_of_Consulta_Relay:
 10102                           	callstack 0
 10103                           
 10104 ;; *************** function _UART1_WriteString *****************
 10105 ;; Defined at:
 10106 ;;		line 150 in file "Uarts.c"
 10107 ;; Parameters:    Size  Location     Type
 10108 ;;  cad             2    7[COMRAM] PTR const unsigned char 
 10109 ;;		 -> STR_8(5), STR_7(28), txt(20), 
 10110 ;; Auto vars:     Size  Location     Type
 10111 ;;		None
 10112 ;; Return value:  Size  Location     Type
 10113 ;;                  1    wreg      void 
 10114 ;; Registers used:
 10115 ;;		wreg, fsr1l, fsr1h, status,2, status,0, tblptrl, tblptrh, tblptru, cstack
 10116 ;; Tracked objects:
 10117 ;;		On entry : 0/0
 10118 ;;		On exit  : 0/0
 10119 ;;		Unchanged: 0/0
 10120 ;; Data sizes:     COMRAM   BANK0   BANK1   BANK2   BANK3   BANK4   BANK5   BANK6   BANK7   BANK8   BANK9  BANK10  BANK1
      +1  BANK12  BANK13  BANK14  BANK15
 10121 ;;      Params:         2       0       0       0       0       0       0       0       0       0       0       0       
      +0       0       0       0       0
 10122 ;;      Locals:         0       0       0       0       0       0       0       0       0       0       0       0       
      +0       0       0       0       0
 10123 ;;      Temps:          0       0       0       0       0       0       0       0       0       0       0       0       
      +0       0       0       0       0
 10124 ;;      Totals:         2       0       0       0       0       0       0       0       0       0       0       0       
      +0       0       0       0       0
 10125 ;;Total ram usage:        2 bytes
 10126 ;; Hardware stack levels used: 1
 10127 ;; Hardware stack levels required when called: 3
 10128 ;; This function calls:
 10129 ;;		_UART1_Write
 10130 ;; This function is called by:
 10131 ;;		_Consulta_Relay
 10132 ;;		_Consulta_Server
 10133 ;; This function uses a non-reentrant model
 10134 ;;
 10135                           
 10136                           	psect	text45
 10137   0031A6                     __ptext45:
 10138                           	callstack 0
 10139   0031A6                     _UART1_WriteString:
 10140                           	callstack 26
 10141   0031A6                     
 10142                           ;Uarts.c: 151:     while (*cad) UART1_Write((uint8_t) * cad++);
 10143   0031A6  EFEA  F018         	goto	l3758
 10144   0031AA                     l3754:
 10145   0031AA  C008  FFF6         	movff	UART1_WriteString@cad,tblptrl
 10146   0031AE  C009  FFF7         	movff	UART1_WriteString@cad+1,tblptrh
 10147   0031B2  0E00               	movlw	low (__smallconst shr (0+16))
 10148   0031B4  6EF8               	movwf	tblptru,c
 10149   0031B6  0E0F               	movlw	(high __ramtop+-1)
 10150   0031B8  64F7               	cpfsgt	tblptrh,c
 10151   0031BA  D003               	bra	u3147
 10152   0031BC  0008               	tblrd		*
 10153   0031BE  50F5               	movf	tablat,w,c
 10154   0031C0  D005               	bra	u3140
 10155   0031C2                     u3147:
 10156   0031C2  CFF6 FFE1          	movff	tblptrl,fsr1l
 10157   0031C6  CFF7 FFE2          	movff	tblptrh,fsr1h
 10158   0031CA  50E7               	movf	indf1,w,c
 10159   0031CC                     u3140:
 10160   0031CC  ECA9  F015         	call	_UART1_Write
 10161   0031D0  4A08               	infsnz	UART1_WriteString@cad^0,f,c
 10162   0031D2  2A09               	incf	(UART1_WriteString@cad+1)^0,f,c
 10163   0031D4                     l3758:
 10164   0031D4  C008  FFF6         	movff	UART1_WriteString@cad,tblptrl
 10165   0031D8  C009  FFF7         	movff	UART1_WriteString@cad+1,tblptrh
 10166   0031DC  0E00               	movlw	low (__smallconst shr (0+16))
 10167   0031DE  6EF8               	movwf	tblptru,c
 10168   0031E0  0E0F               	movlw	(high __ramtop+-1)
 10169   0031E2  64F7               	cpfsgt	tblptrh,c
 10170   0031E4  D003               	bra	u3157
 10171   0031E6  0008               	tblrd		*
 10172   0031E8  50F5               	movf	tablat,w,c
 10173   0031EA  D005               	bra	u3150
 10174   0031EC                     u3157:
 10175   0031EC  CFF6 FFE1          	movff	tblptrl,fsr1l
 10176   0031F0  CFF7 FFE2          	movff	tblptrh,fsr1h
 10177   0031F4  50E7               	movf	indf1,w,c
 10178   0031F6                     u3150:
 10179   0031F6  0900               	iorlw	0
 10180   0031F8  A4D8               	btfss	status,2,c
 10181   0031FA  EF01  F019         	goto	u3161
 10182   0031FE  EF03  F019         	goto	u3160
 10183   003202                     u3161:
 10184   003202  EFD5  F018         	goto	l3754
 10185   003206                     u3160:
 10186   003206  0012               	return		;funcret
 10187   003208                     __end_of_UART1_WriteString:
 10188                           	callstack 0
 10189                           
 10190 ;; *************** function _UART1_Write *****************
 10191 ;; Defined at:
 10192 ;;		line 118 in file "Uarts.c"
 10193 ;; Parameters:    Size  Location     Type
 10194 ;;  dato            1    wreg     unsigned char 
 10195 ;; Auto vars:     Size  Location     Type
 10196 ;;  dato            1    4[COMRAM] unsigned char 
 10197 ;;  g               2    5[COMRAM] unsigned short 
 10198 ;; Return value:  Size  Location     Type
 10199 ;;                  1    wreg      void 
 10200 ;; Registers used:
 10201 ;;		wreg, status,2, status,0
 10202 ;; Tracked objects:
 10203 ;;		On entry : 0/0
 10204 ;;		On exit  : 0/0
 10205 ;;		Unchanged: 0/0
 10206 ;; Data sizes:     COMRAM   BANK0   BANK1   BANK2   BANK3   BANK4   BANK5   BANK6   BANK7   BANK8   BANK9  BANK10  BANK1
      +1  BANK12  BANK13  BANK14  BANK15
 10207 ;;      Params:         0       0       0       0       0       0       0       0       0       0       0       0       
      +0       0       0       0       0
 10208 ;;      Locals:         3       0       0       0       0       0       0       0       0       0       0       0       
      +0       0       0       0       0
 10209 ;;      Temps:          0       0       0       0       0       0       0       0       0       0       0       0       
      +0       0       0       0       0
 10210 ;;      Totals:         3       0       0       0       0       0       0       0       0       0       0       0       
      +0       0       0       0       0
 10211 ;;Total ram usage:        3 bytes
 10212 ;; Hardware stack levels used: 1
 10213 ;; Hardware stack levels required when called: 2
 10214 ;; This function calls:
 10215 ;;		Nothing
 10216 ;; This function is called by:
 10217 ;;		_UART1_WriteString
 10218 ;;		_Consulta_Sensor
 10219 ;; This function uses a non-reentrant model
 10220 ;;
 10221                           
 10222                           	psect	text46
 10223   002B52                     __ptext46:
 10224                           	callstack 0
 10225   002B52                     _UART1_Write:
 10226                           	callstack 26
 10227                           
 10228                           ;incstack = 0
 10229                           ;UART1_Write@dato stored from wreg
 10230   002B52  6E05               	movwf	UART1_Write@dato^0,c
 10231   002B54                     
 10232                           ;Uarts.c: 119:     uint16_t g = 0;
 10233   002B54  0E00               	movlw	0
 10234   002B56  6E07               	movwf	(UART1_Write@g+1)^0,c
 10235   002B58  0E00               	movlw	0
 10236   002B5A  6E06               	movwf	UART1_Write@g^0,c
 10237                           
 10238                           ;Uarts.c: 120:     while (!PIR1bits.TX1IF && ++g) {
 10239   002B5C  EFB1  F015         	goto	l416
 10240   002B60                     l417:
 10241   002B60  0004               	clrwdt		;# 
 10242   002B62                     l416:
 10243                           
 10244                           ;Uarts.c: 120:     while (!PIR1bits.TX1IF && ++g) {
 10245   002B62  B89E               	btfsc	158,4,c	;volatile
 10246   002B64  EFB6  F015         	goto	u2371
 10247   002B68  EFB8  F015         	goto	u2370
 10248   002B6C                     u2371:
 10249   002B6C  EFC3  F015         	goto	l420
 10250   002B70                     u2370:
 10251   002B70  4A06               	infsnz	UART1_Write@g^0,f,c
 10252   002B72  2A07               	incf	(UART1_Write@g+1)^0,f,c
 10253   002B74  5006               	movf	UART1_Write@g^0,w,c
 10254   002B76  1007               	iorwf	(UART1_Write@g+1)^0,w,c
 10255   002B78  A4D8               	btfss	status,2,c
 10256   002B7A  EFC1  F015         	goto	u2381
 10257   002B7E  EFC3  F015         	goto	u2380
 10258   002B82                     u2381:
 10259   002B82  EFB0  F015         	goto	l417
 10260   002B86                     u2380:
 10261   002B86                     l420:
 10262                           
 10263                           ;Uarts.c: 123:     TXREG1 = dato;
 10264   002B86  C005  FFAD         	movff	UART1_Write@dato,4013	;volatile
 10265   002B8A                     
 10266                           ;Uarts.c: 124:     g = 0;
 10267   002B8A  0E00               	movlw	0
 10268   002B8C  6E07               	movwf	(UART1_Write@g+1)^0,c
 10269   002B8E  0E00               	movlw	0
 10270   002B90  6E06               	movwf	UART1_Write@g^0,c
 10271                           
 10272                           ;Uarts.c: 125:     while (!PIR1bits.TX1IF && ++g) {
 10273   002B92  EFCC  F015         	goto	l421
 10274   002B96                     l422:
 10275   002B96  0004               	clrwdt		;# 
 10276   002B98                     l421:
 10277                           
 10278                           ;Uarts.c: 125:     while (!PIR1bits.TX1IF && ++g) {
 10279   002B98  B89E               	btfsc	158,4,c	;volatile
 10280   002B9A  EFD1  F015         	goto	u2391
 10281   002B9E  EFD3  F015         	goto	u2390
 10282   002BA2                     u2391:
 10283   002BA2  EFDE  F015         	goto	l3200
 10284   002BA6                     u2390:
 10285   002BA6  4A06               	infsnz	UART1_Write@g^0,f,c
 10286   002BA8  2A07               	incf	(UART1_Write@g+1)^0,f,c
 10287   002BAA  5006               	movf	UART1_Write@g^0,w,c
 10288   002BAC  1007               	iorwf	(UART1_Write@g+1)^0,w,c
 10289   002BAE  A4D8               	btfss	status,2,c
 10290   002BB0  EFDC  F015         	goto	u2401
 10291   002BB4  EFDE  F015         	goto	u2400
 10292   002BB8                     u2401:
 10293   002BB8  EFCB  F015         	goto	l422
 10294   002BBC                     u2400:
 10295   002BBC                     l3200:
 10296                           
 10297                           ;Uarts.c: 128:     g = 0;
 10298   002BBC  0E00               	movlw	0
 10299   002BBE  6E07               	movwf	(UART1_Write@g+1)^0,c
 10300   002BC0  0E00               	movlw	0
 10301   002BC2  6E06               	movwf	UART1_Write@g^0,c
 10302                           
 10303                           ;Uarts.c: 129:     while (!TXSTA1bits.TRMT && ++g) {
 10304   002BC4  EFE5  F015         	goto	l426
 10305   002BC8                     l427:
 10306   002BC8  0004               	clrwdt		;# 
 10307   002BCA                     l426:
 10308                           
 10309                           ;Uarts.c: 129:     while (!TXSTA1bits.TRMT && ++g) {
 10310   002BCA  B2AC               	btfsc	172,1,c	;volatile
 10311   002BCC  EFEA  F015         	goto	u2411
 10312   002BD0  EFEC  F015         	goto	u2410
 10313   002BD4                     u2411:
 10314   002BD4  EFF7  F015         	goto	l431
 10315   002BD8                     u2410:
 10316   002BD8  4A06               	infsnz	UART1_Write@g^0,f,c
 10317   002BDA  2A07               	incf	(UART1_Write@g+1)^0,f,c
 10318   002BDC  5006               	movf	UART1_Write@g^0,w,c
 10319   002BDE  1007               	iorwf	(UART1_Write@g+1)^0,w,c
 10320   002BE0  A4D8               	btfss	status,2,c
 10321   002BE2  EFF5  F015         	goto	u2421
 10322   002BE6  EFF7  F015         	goto	u2420
 10323   002BEA                     u2421:
 10324   002BEA  EFE4  F015         	goto	l427
 10325   002BEE                     u2420:
 10326   002BEE                     l431:
 10327   002BEE  0012               	return		;funcret
 10328   002BF0                     __end_of_UART1_Write:
 10329                           	callstack 0
 10330                           
 10331 ;; *************** function _Interrupcion *****************
 10332 ;; Defined at:
 10333 ;;		line 15 in file "main.c"
 10334 ;; Parameters:    Size  Location     Type
 10335 ;;		None
 10336 ;; Auto vars:     Size  Location     Type
 10337 ;;		None
 10338 ;; Return value:  Size  Location     Type
 10339 ;;                  1    wreg      void 
 10340 ;; Registers used:
 10341 ;;		wreg, fsr2l, fsr2h, status,2, status,0, cstack
 10342 ;; Tracked objects:
 10343 ;;		On entry : 0/0
 10344 ;;		On exit  : 0/0
 10345 ;;		Unchanged: 0/0
 10346 ;; Data sizes:     COMRAM   BANK0   BANK1   BANK2   BANK3   BANK4   BANK5   BANK6   BANK7   BANK8   BANK9  BANK10  BANK1
      +1  BANK12  BANK13  BANK14  BANK15
 10347 ;;      Params:         0       0       0       0       0       0       0       0       0       0       0       0       
      +0       0       0       0       0
 10348 ;;      Locals:         0       0       0       0       0       0       0       0       0       0       0       0       
      +0       0       0       0       0
 10349 ;;      Temps:          2       0       0       0       0       0       0       0       0       0       0       0       
      +0       0       0       0       0
 10350 ;;      Totals:         2       0       0       0       0       0       0       0       0       0       0       0       
      +0       0       0       0       0
 10351 ;;Total ram usage:        2 bytes
 10352 ;; Hardware stack levels used: 1
 10353 ;; Hardware stack levels required when called: 1
 10354 ;; This function calls:
 10355 ;;		_Timer_Interrupt
 10356 ;;		_UART_Interrupt
 10357 ;; This function is called by:
 10358 ;;		Interrupt level 2
 10359 ;; This function uses a non-reentrant model
 10360 ;;
 10361                           
 10362                           	psect	intcode
 10363   000008                     __pintcode:
 10364                           	callstack 0
 10365   000008                     _Interrupcion:
 10366                           	callstack 18
 10367                           
 10368                           ;incstack = 0
 10369   000008  825A               	bsf	int$flags,1,c	;set compiler interrupt flag (level 2)
 10370   00000A  CFD9 F003          	movff	fsr2l,??_Interrupcion
 10371   00000E  CFDA F004          	movff	fsr2h,??_Interrupcion+1
 10372   000012                     
 10373                           ;main.c: 16:     UART_Interrupt();
 10374   000012  EC6C  F017         	call	_UART_Interrupt	;wreg free
 10375   000016                     
 10376                           ;main.c: 17:     Timer_Interrupt();
 10377   000016  EC67  F018         	call	_Timer_Interrupt	;wreg free
 10378   00001A  C004  FFDA         	movff	??_Interrupcion+1,fsr2h
 10379   00001E  C003  FFD9         	movff	??_Interrupcion,fsr2l
 10380   000022  925A               	bcf	int$flags,1,c	;clear compiler interrupt flag (level 2)
 10381   000024  0011               	retfie		f
 10382   000026                     __end_of_Interrupcion:
 10383                           	callstack 0
 10384                           
 10385 ;; *************** function _UART_Interrupt *****************
 10386 ;; Defined at:
 10387 ;;		line 6 in file "Uarts.c"
 10388 ;; Parameters:    Size  Location     Type
 10389 ;;		None
 10390 ;; Auto vars:     Size  Location     Type
 10391 ;;  c               1    1[COMRAM] unsigned char 
 10392 ;;  c               1    0[COMRAM] unsigned char 
 10393 ;; Return value:  Size  Location     Type
 10394 ;;                  1    wreg      void 
 10395 ;; Registers used:
 10396 ;;		wreg, fsr2l, fsr2h, status,2, status,0
 10397 ;; Tracked objects:
 10398 ;;		On entry : 0/0
 10399 ;;		On exit  : 0/0
 10400 ;;		Unchanged: 0/0
 10401 ;; Data sizes:     COMRAM   BANK0   BANK1   BANK2   BANK3   BANK4   BANK5   BANK6   BANK7   BANK8   BANK9  BANK10  BANK1
      +1  BANK12  BANK13  BANK14  BANK15
 10402 ;;      Params:         0       0       0       0       0       0       0       0       0       0       0       0       
      +0       0       0       0       0
 10403 ;;      Locals:         2       0       0       0       0       0       0       0       0       0       0       0       
      +0       0       0       0       0
 10404 ;;      Temps:          0       0       0       0       0       0       0       0       0       0       0       0       
      +0       0       0       0       0
 10405 ;;      Totals:         2       0       0       0       0       0       0       0       0       0       0       0       
      +0       0       0       0       0
 10406 ;;Total ram usage:        2 bytes
 10407 ;; Hardware stack levels used: 1
 10408 ;; This function calls:
 10409 ;;		Nothing
 10410 ;; This function is called by:
 10411 ;;		_Interrupcion
 10412 ;; This function uses a non-reentrant model
 10413 ;;
 10414                           
 10415                           	psect	text48
 10416   002ED8                     __ptext48:
 10417                           	callstack 0
 10418   002ED8                     _UART_Interrupt:
 10419                           	callstack 18
 10420   002ED8                     
 10421                           ;Uarts.c: 7:     if (PIR1bits.RC1IF) {
 10422   002ED8  AA9E               	btfss	158,5,c	;volatile
 10423   002EDA  EF71  F017         	goto	i2u320_41
 10424   002EDE  EF73  F017         	goto	i2u320_40
 10425   002EE2                     i2u320_41:
 10426   002EE2  EF8D  F017         	goto	i2l3800
 10427   002EE6                     i2u320_40:
 10428   002EE6                     
 10429                           ;Uarts.c: 8:         char c = RCREG1;
 10430   002EE6  CFAE F001          	movff	4014,UART_Interrupt@c	;volatile
 10431   002EEA                     
 10432                           ;Uarts.c: 9:         if (Length_U1 < 100) {
 10433   002EEA  0E64               	movlw	100
 10434   002EEC  0100               	movlb	0	; () banked
 10435   002EEE  6198               	cpfslt	_Length_U1& (0+255),b
 10436   002EF0  EF7C  F017         	goto	i2u321_41
 10437   002EF4  EF7E  F017         	goto	i2u321_40
 10438   002EF8                     i2u321_41:
 10439   002EF8  EF87  F017         	goto	i2l3792
 10440   002EFC                     i2u321_40:
 10441   002EFC                     
 10442                           ; BSR set to: 0
 10443                           ;Uarts.c: 10:             Buffer_U1[Length_U1] = c;
 10444   002EFC  0E00               	movlw	low _Buffer_U1
 10445   002EFE  2598               	addwf	_Length_U1& (0+255),w,b
 10446   002F00  6ED9               	movwf	fsr2l,c
 10447   002F02  6ADA               	clrf	fsr2h,c
 10448   002F04  0E01               	movlw	high _Buffer_U1
 10449   002F06  22DA               	addwfc	fsr2h,f,c
 10450   002F08  C001  FFDF         	movff	UART_Interrupt@c,indf2
 10451   002F0C                     
 10452                           ; BSR set to: 0
 10453                           ;Uarts.c: 11:             Length_U1++;
 10454   002F0C  2B98               	incf	_Length_U1& (0+255),f,b
 10455   002F0E                     i2l3792:
 10456                           
 10457                           ; BSR set to: 0
 10458                           ;Uarts.c: 13:         T0CONbits.TMR0ON = 1;
 10459   002F0E  8ED5               	bsf	213,7,c	;volatile
 10460   002F10                     
 10461                           ; BSR set to: 0
 10462                           ;Uarts.c: 14:         TMR0H = (uint8_t) (53036 >> 8);
 10463   002F10  0ECF               	movlw	207
 10464   002F12  6ED7               	movwf	215,c	;volatile
 10465   002F14                     
 10466                           ; BSR set to: 0
 10467                           ;Uarts.c: 15:         TMR0L = (uint8_t) (53036 & 0xFF);
 10468   002F14  0E2C               	movlw	44
 10469   002F16  6ED6               	movwf	214,c	;volatile
 10470   002F18                     
 10471                           ; BSR set to: 0
 10472                           ;Uarts.c: 16:         PIR1bits.RC1IF = 0;
 10473   002F18  9A9E               	bcf	158,5,c	;volatile
 10474   002F1A                     i2l3800:
 10475                           
 10476                           ;Uarts.c: 18:     if (PIR3bits.RC2IF) {
 10477   002F1A  AAA4               	btfss	164,5,c	;volatile
 10478   002F1C  EF92  F017         	goto	i2u322_41
 10479   002F20  EF94  F017         	goto	i2u322_40
 10480   002F24                     i2u322_41:
 10481   002F24  EFAE  F017         	goto	i2l396
 10482   002F28                     i2u322_40:
 10483   002F28                     
 10484                           ;Uarts.c: 19:         char c = RCREG2;
 10485   002F28  CF74 F002          	movff	3956,UART_Interrupt@c_1521	;volatile
 10486   002F2C                     
 10487                           ;Uarts.c: 20:         if (Length_U2 < 200) {
 10488   002F2C  0EC8               	movlw	200
 10489   002F2E  0100               	movlb	0	; () banked
 10490   002F30  6196               	cpfslt	_Length_U2& (0+255),b
 10491   002F32  EF9D  F017         	goto	i2u323_41
 10492   002F36  EF9F  F017         	goto	i2u323_40
 10493   002F3A                     i2u323_41:
 10494   002F3A  EFA8  F017         	goto	i2l3810
 10495   002F3E                     i2u323_40:
 10496   002F3E                     
 10497                           ; BSR set to: 0
 10498                           ;Uarts.c: 21:             Buffer_U2[Length_U2] = c;
 10499   002F3E  0E00               	movlw	low _Buffer_U2
 10500   002F40  2596               	addwf	_Length_U2& (0+255),w,b
 10501   002F42  6ED9               	movwf	fsr2l,c
 10502   002F44  6ADA               	clrf	fsr2h,c
 10503   002F46  0E02               	movlw	high _Buffer_U2
 10504   002F48  22DA               	addwfc	fsr2h,f,c
 10505   002F4A  C002  FFDF         	movff	UART_Interrupt@c_1521,indf2
 10506   002F4E                     
 10507                           ; BSR set to: 0
 10508                           ;Uarts.c: 22:             Length_U2++;
 10509   002F4E  2B96               	incf	_Length_U2& (0+255),f,b
 10510   002F50                     i2l3810:
 10511                           
 10512                           ; BSR set to: 0
 10513                           ;Uarts.c: 24:         T1CONbits.TMR1ON = 1;
 10514   002F50  80CD               	bsf	205,0,c	;volatile
 10515   002F52                     
 10516                           ; BSR set to: 0
 10517                           ;Uarts.c: 25:         TMR1H = (uint8_t) (40536 >> 8);
 10518   002F52  0E9E               	movlw	158
 10519   002F54  6ECF               	movwf	207,c	;volatile
 10520   002F56                     
 10521                           ; BSR set to: 0
 10522                           ;Uarts.c: 26:         TMR1L = (uint8_t) (40536 & 0xFF);
 10523   002F56  0E58               	movlw	88
 10524   002F58  6ECE               	movwf	206,c	;volatile
 10525   002F5A                     
 10526                           ; BSR set to: 0
 10527                           ;Uarts.c: 27:         PIR3bits.RC2IF = 0;
 10528   002F5A  9AA4               	bcf	164,5,c	;volatile
 10529   002F5C                     i2l396:
 10530   002F5C  0012               	return		;funcret
 10531   002F5E                     __end_of_UART_Interrupt:
 10532                           	callstack 0
 10533                           
 10534 ;; *************** function _Timer_Interrupt *****************
 10535 ;; Defined at:
 10536 ;;		line 6 in file "Timers.c"
 10537 ;; Parameters:    Size  Location     Type
 10538 ;;		None
 10539 ;; Auto vars:     Size  Location     Type
 10540 ;;		None
 10541 ;; Return value:  Size  Location     Type
 10542 ;;                  1    wreg      void 
 10543 ;; Registers used:
 10544 ;;		wreg, status,2, status,0
 10545 ;; Tracked objects:
 10546 ;;		On entry : 0/0
 10547 ;;		On exit  : 0/0
 10548 ;;		Unchanged: 0/0
 10549 ;; Data sizes:     COMRAM   BANK0   BANK1   BANK2   BANK3   BANK4   BANK5   BANK6   BANK7   BANK8   BANK9  BANK10  BANK1
      +1  BANK12  BANK13  BANK14  BANK15
 10550 ;;      Params:         0       0       0       0       0       0       0       0       0       0       0       0       
      +0       0       0       0       0
 10551 ;;      Locals:         0       0       0       0       0       0       0       0       0       0       0       0       
      +0       0       0       0       0
 10552 ;;      Temps:          0       0       0       0       0       0       0       0       0       0       0       0       
      +0       0       0       0       0
 10553 ;;      Totals:         0       0       0       0       0       0       0       0       0       0       0       0       
      +0       0       0       0       0
 10554 ;;Total ram usage:        0 bytes
 10555 ;; Hardware stack levels used: 1
 10556 ;; This function calls:
 10557 ;;		Nothing
 10558 ;; This function is called by:
 10559 ;;		_Interrupcion
 10560 ;; This function uses a non-reentrant model
 10561 ;;
 10562                           
 10563                           	psect	text49
 10564   0030CE                     __ptext49:
 10565                           	callstack 0
 10566   0030CE                     _Timer_Interrupt:
 10567                           	callstack 18
 10568   0030CE                     
 10569                           ;Timers.c: 7:     if (INTCONbits.TMR0IF) {
 10570   0030CE  A4F2               	btfss	242,2,c	;volatile
 10571   0030D0  EF6C  F018         	goto	i2u324_41
 10572   0030D4  EF6E  F018         	goto	i2u324_40
 10573   0030D8                     i2u324_41:
 10574   0030D8  EF73  F018         	goto	i2l3826
 10575   0030DC                     i2u324_40:
 10576   0030DC                     
 10577                           ;Timers.c: 8:         Flag_U1 = 1;
 10578   0030DC  0E01               	movlw	1
 10579   0030DE  0100               	movlb	0	; () banked
 10580   0030E0  6F97               	movwf	_Flag_U1& (0+255),b
 10581   0030E2                     
 10582                           ; BSR set to: 0
 10583                           ;Timers.c: 9:         T0CONbits.TMR0ON = 0;
 10584   0030E2  9ED5               	bcf	213,7,c	;volatile
 10585   0030E4                     
 10586                           ; BSR set to: 0
 10587                           ;Timers.c: 10:         INTCONbits.TMR0IF = 0;
 10588   0030E4  94F2               	bcf	242,2,c	;volatile
 10589   0030E6                     i2l3826:
 10590                           
 10591                           ;Timers.c: 12:     if (PIR1bits.TMR1IF) {
 10592   0030E6  A09E               	btfss	158,0,c	;volatile
 10593   0030E8  EF78  F018         	goto	i2u325_41
 10594   0030EC  EF7A  F018         	goto	i2u325_40
 10595   0030F0                     i2u325_41:
 10596   0030F0  EF7F  F018         	goto	i2l3834
 10597   0030F4                     i2u325_40:
 10598   0030F4                     
 10599                           ;Timers.c: 13:         Flag_U2 = 1;
 10600   0030F4  0E01               	movlw	1
 10601   0030F6  0100               	movlb	0	; () banked
 10602   0030F8  6F95               	movwf	_Flag_U2& (0+255),b
 10603   0030FA                     
 10604                           ; BSR set to: 0
 10605                           ;Timers.c: 14:         T1CONbits.TMR1ON = 0;
 10606   0030FA  90CD               	bcf	205,0,c	;volatile
 10607   0030FC                     
 10608                           ; BSR set to: 0
 10609                           ;Timers.c: 15:         PIR1bits.TMR1IF = 0;
 10610   0030FC  909E               	bcf	158,0,c	;volatile
 10611   0030FE                     i2l3834:
 10612                           
 10613                           ;Timers.c: 17:     if (PIR1bits.TMR2IF) {
 10614   0030FE  A29E               	btfss	158,1,c	;volatile
 10615   003100  EF84  F018         	goto	i2u326_41
 10616   003104  EF86  F018         	goto	i2u326_40
 10617   003108                     i2u326_41:
 10618   003108  EF9F  F018         	goto	i2l278
 10619   00310C                     i2u326_40:
 10620   00310C                     
 10621                           ;Timers.c: 18:         Flag_100ms++;
 10622   00310C  0100               	movlb	0	; () banked
 10623   00310E  2B93               	incf	_Flag_100ms& (0+255),f,b
 10624   003110                     
 10625                           ; BSR set to: 0
 10626                           ;Timers.c: 19:         if(Flag_100ms >= 10){
 10627   003110  0E09               	movlw	9
 10628   003112  6593               	cpfsgt	_Flag_100ms& (0+255),b
 10629   003114  EF8E  F018         	goto	i2u327_41
 10630   003118  EF90  F018         	goto	i2u327_40
 10631   00311C                     i2u327_41:
 10632   00311C  EF92  F018         	goto	i2l276
 10633   003120                     i2u327_40:
 10634   003120                     
 10635                           ; BSR set to: 0
 10636                           ;Timers.c: 20:             T_Led++;
 10637   003120  2B91               	incf	_T_Led& (0+255),f,b
 10638   003122                     
 10639                           ; BSR set to: 0
 10640                           ;Timers.c: 21:             Flag_100ms = 0;
 10641   003122  6B93               	clrf	_Flag_100ms& (0+255),b
 10642   003124                     i2l276:
 10643                           
 10644                           ; BSR set to: 0
 10645                           ;Timers.c: 23:         Flag_1000ms++;
 10646   003124  2B94               	incf	_Flag_1000ms& (0+255),f,b
 10647   003126                     
 10648                           ; BSR set to: 0
 10649                           ;Timers.c: 24:         if (Flag_1000ms >= 100) {
 10650   003126  0E63               	movlw	99
 10651   003128  6594               	cpfsgt	_Flag_1000ms& (0+255),b
 10652   00312A  EF99  F018         	goto	i2u328_41
 10653   00312E  EF9B  F018         	goto	i2u328_40
 10654   003132                     i2u328_41:
 10655   003132  EF9E  F018         	goto	i2l3850
 10656   003136                     i2u328_40:
 10657   003136                     
 10658                           ; BSR set to: 0
 10659                           ;Timers.c: 25:             Z_Led++;
 10660   003136  2B92               	incf	_Z_Led& (0+255),f,b
 10661                           
 10662                           ;Timers.c: 26:             Tiempo_Control++;
 10663   003138  2B8E               	incf	_Tiempo_Control& (0+255),f,b
 10664   00313A                     
 10665                           ; BSR set to: 0
 10666                           ;Timers.c: 27:             Flag_1000ms = 0;
 10667   00313A  6B94               	clrf	_Flag_1000ms& (0+255),b
 10668   00313C                     i2l3850:
 10669                           
 10670                           ; BSR set to: 0
 10671                           ;Timers.c: 29:         PIR1bits.TMR2IF = 0;
 10672   00313C  929E               	bcf	158,1,c	;volatile
 10673   00313E                     i2l278:
 10674   00313E  0012               	return		;funcret
 10675   003140                     __end_of_Timer_Interrupt:
 10676                           	callstack 0
 10677                           
 10678                           	psect	rparam
 10679   000001                     ___rparam_used  equ	1
 10680   000000                     ___param_bank   equ	0
 10681   000000                     __Lparam        equ	__Lrparam
 10682   000000                     __Hparam        equ	__Hrparam
 10683                           
 10684                           	psect	temp
 10685   00005A                     btemp:
 10686                           	callstack 0
 10687   00005A                     	ds	1
 10688   00005A                     int$flags       set	btemp
 10689   00005B                     wtemp8          set	btemp+1
 10690   00005B                     ttemp5          set	btemp+1
 10691   00005E                     ttemp6          set	btemp+4
 10692   000062                     ttemp7          set	btemp+8
 10693                           
 10694                           	psect	config
 10695                           
 10696                           ; Padding undefined space
 10697   300000                     	org	3145728
 10698   300000  FF                 	db	255
 10699                           
 10700                           ;Config register CONFIG1H @ 0x300001
 10701                           ;	Oscillator Selection bits
 10702                           ;	FOSC = INTIO67, Internal oscillator block
 10703                           ;	4X PLL Enable
 10704                           ;	PLLCFG = ON, Oscillator multiplied by 4
 10705                           ;	Primary clock enable bit
 10706                           ;	PRICLKEN = ON, Primary clock is always enabled
 10707                           ;	Fail-Safe Clock Monitor Enable bit
 10708                           ;	FCMEN = OFF, Fail-Safe Clock Monitor disabled
 10709                           ;	Internal/External Oscillator Switchover bit
 10710                           ;	IESO = OFF, Oscillator Switchover mode disabled
 10711   300001                     	org	3145729
 10712   300001  38                 	db	56
 10713                           
 10714                           ;Config register CONFIG2L @ 0x300002
 10715                           ;	Power-up Timer Enable bit
 10716                           ;	PWRTEN = OFF, Power up timer disabled
 10717                           ;	Brown-out Reset Enable bits
 10718                           ;	BOREN = SBORDIS, Brown-out Reset enabled in hardware only (SBOREN is disabled)
 10719                           ;	Brown Out Reset Voltage bits
 10720                           ;	BORV = 190, VBOR set to 1.90 V nominal
 10721   300002                     	org	3145730
 10722   300002  1F                 	db	31
 10723                           
 10724                           ;Config register CONFIG2H @ 0x300003
 10725                           ;	Watchdog Timer Enable bits
 10726                           ;	WDTEN = ON, WDT is always enabled. SWDTEN bit has no effect
 10727                           ;	Watchdog Timer Postscale Select bits
 10728                           ;	WDTPS = 128, 1:128
 10729   300003                     	org	3145731
 10730   300003  1F                 	db	31
 10731                           
 10732                           ; Padding undefined space
 10733   300004                     	org	3145732
 10734   300004  FF                 	db	255
 10735                           
 10736                           ;Config register CONFIG3H @ 0x300005
 10737                           ;	CCP2 MUX bit
 10738                           ;	CCP2MX = PORTC1, CCP2 input/output is multiplexed with RC1
 10739                           ;	PORTB A/D Enable bit
 10740                           ;	PBADEN = ON, PORTB<5:0> pins are configured as analog input channels on Reset
 10741                           ;	P3A/CCP3 Mux bit
 10742                           ;	CCP3MX = PORTB5, P3A/CCP3 input/output is multiplexed with RB5
 10743                           ;	HFINTOSC Fast Start-up
 10744                           ;	HFOFST = ON, HFINTOSC output and ready status are not delayed by the oscillator stable
      +                           status
 10745                           ;	Timer3 Clock input mux bit
 10746                           ;	T3CMX = PORTC0, T3CKI is on RC0
 10747                           ;	ECCP2 B output mux bit
 10748                           ;	P2BMX = PORTD2, P2B is on RD2
 10749                           ;	MCLR Pin Enable bit
 10750                           ;	MCLRE = EXTMCLR, MCLR pin enabled, RE3 input pin disabled
 10751   300005                     	org	3145733
 10752   300005  BF                 	db	191
 10753                           
 10754                           ;Config register CONFIG4L @ 0x300006
 10755                           ;	Stack Full/Underflow Reset Enable bit
 10756                           ;	STVREN = ON, Stack full/underflow will cause Reset
 10757                           ;	Single-Supply ICSP Enable bit
 10758                           ;	LVP = ON, Single-Supply ICSP enabled if MCLRE is also 1
 10759                           ;	Extended Instruction Set Enable bit
 10760                           ;	XINST = OFF, Instruction set extension and Indexed Addressing mode disabled (Legacy mo
      +                          de)
 10761                           ;	Background Debug
 10762                           ;	DEBUG = OFF, Disabled
 10763   300006                     	org	3145734
 10764   300006  85                 	db	133
 10765                           
 10766                           ; Padding undefined space
 10767   300007                     	org	3145735
 10768   300007  FF                 	db	255
 10769                           
 10770                           ;Config register CONFIG5L @ 0x300008
 10771                           ;	Code Protection Block 0
 10772                           ;	CP0 = OFF, Block 0 (000800-003FFFh) not code-protected
 10773                           ;	Code Protection Block 1
 10774                           ;	CP1 = OFF, Block 1 (004000-007FFFh) not code-protected
 10775                           ;	Code Protection Block 2
 10776                           ;	CP2 = OFF, Block 2 (008000-00BFFFh) not code-protected
 10777                           ;	Code Protection Block 3
 10778                           ;	CP3 = OFF, Block 3 (00C000-00FFFFh) not code-protected
 10779   300008                     	org	3145736
 10780   300008  0F                 	db	15
 10781                           
 10782                           ;Config register CONFIG5H @ 0x300009
 10783                           ;	Boot Block Code Protection bit
 10784                           ;	CPB = OFF, Boot block (000000-0007FFh) not code-protected
 10785                           ;	Data EEPROM Code Protection bit
 10786                           ;	CPD = OFF, Data EEPROM not code-protected
 10787   300009                     	org	3145737
 10788   300009  C0                 	db	192
 10789                           
 10790                           ;Config register CONFIG6L @ 0x30000A
 10791                           ;	Write Protection Block 0
 10792                           ;	WRT0 = OFF, Block 0 (000800-003FFFh) not write-protected
 10793                           ;	Write Protection Block 1
 10794                           ;	WRT1 = OFF, Block 1 (004000-007FFFh) not write-protected
 10795                           ;	Write Protection Block 2
 10796                           ;	WRT2 = OFF, Block 2 (008000-00BFFFh) not write-protected
 10797                           ;	Write Protection Block 3
 10798                           ;	WRT3 = OFF, Block 3 (00C000-00FFFFh) not write-protected
 10799   30000A                     	org	3145738
 10800   30000A  0F                 	db	15
 10801                           
 10802                           ;Config register CONFIG6H @ 0x30000B
 10803                           ;	Configuration Register Write Protection bit
 10804                           ;	WRTC = OFF, Configuration registers (300000-3000FFh) not write-protected
 10805                           ;	Boot Block Write Protection bit
 10806                           ;	WRTB = OFF, Boot Block (000000-0007FFh) not write-protected
 10807                           ;	Data EEPROM Write Protection bit
 10808                           ;	WRTD = OFF, Data EEPROM not write-protected
 10809   30000B                     	org	3145739
 10810   30000B  E0                 	db	224
 10811                           
 10812                           ;Config register CONFIG7L @ 0x30000C
 10813                           ;	Table Read Protection Block 0
 10814                           ;	EBTR0 = OFF, Block 0 (000800-003FFFh) not protected from table reads executed in other
      +                           blocks
 10815                           ;	Table Read Protection Block 1
 10816                           ;	EBTR1 = OFF, Block 1 (004000-007FFFh) not protected from table reads executed in other
      +                           blocks
 10817                           ;	Table Read Protection Block 2
 10818                           ;	EBTR2 = OFF, Block 2 (008000-00BFFFh) not protected from table reads executed in other
      +                           blocks
 10819                           ;	Table Read Protection Block 3
 10820                           ;	EBTR3 = OFF, Block 3 (00C000-00FFFFh) not protected from table reads executed in other
      +                           blocks
 10821   30000C                     	org	3145740
 10822   30000C  0F                 	db	15
 10823                           
 10824                           ;Config register CONFIG7H @ 0x30000D
 10825                           ;	Boot Block Table Read Protection bit
 10826                           ;	EBTRB = OFF, Boot Block (000000-0007FFh) not protected from table reads executed in ot
      +                          her blocks
 10827   30000D                     	org	3145741
 10828   30000D  40                 	db	64
 10829                           tosu	equ	0xFFF
 10830                           tosh	equ	0xFFE
 10831                           tosl	equ	0xFFD
 10832                           stkptr	equ	0xFFC
 10833                           pclatu	equ	0xFFB
 10834                           pclath	equ	0xFFA
 10835                           pcl	equ	0xFF9
 10836                           tblptru	equ	0xFF8
 10837                           tblptrh	equ	0xFF7
 10838                           tblptrl	equ	0xFF6
 10839                           tablat	equ	0xFF5
 10840                           prodh	equ	0xFF4
 10841                           prodl	equ	0xFF3
 10842                           indf0	equ	0xFEF
 10843                           postinc0	equ	0xFEE
 10844                           postdec0	equ	0xFED
 10845                           preinc0	equ	0xFEC
 10846                           plusw0	equ	0xFEB
 10847                           fsr0h	equ	0xFEA
 10848                           fsr0l	equ	0xFE9
 10849                           wreg	equ	0xFE8
 10850                           indf1	equ	0xFE7
 10851                           postinc1	equ	0xFE6
 10852                           postdec1	equ	0xFE5
 10853                           preinc1	equ	0xFE4
 10854                           plusw1	equ	0xFE3
 10855                           fsr1h	equ	0xFE2
 10856                           fsr1l	equ	0xFE1
 10857                           bsr	equ	0xFE0
 10858                           indf2	equ	0xFDF
 10859                           postinc2	equ	0xFDE
 10860                           postdec2	equ	0xFDD
 10861                           preinc2	equ	0xFDC
 10862                           plusw2	equ	0xFDB
 10863                           fsr2h	equ	0xFDA
 10864                           fsr2l	equ	0xFD9
 10865                           status	equ	0xFD8

Data Sizes:
    Strings     85
    Constant    5
    Data        0
    BSS         416
    Persistent  0
    Stack       0

Auto Spaces:
    Space          Size  Autos    Used
    COMRAM           94     84      89
    BANK0           160     17     126
    BANK1           256      0     101
    BANK2           256      0     201
    BANK3           256      0       0
    BANK4           256      0       0
    BANK5           256      0       0
    BANK6           256      0       0
    BANK7           256      0       0
    BANK8           256      0       0
    BANK9           256      0       0
    BANK10          256      0       0
    BANK11          256      0       0
    BANK12          256      0       0
    BANK13          256      0       0
    BANK14          256      0       0
    BANK15           56      0       0

Pointer List with Targets:

    dtoa@fp	PTR struct _IO_FILE size(1) Largest target is 11
		 -> sprintf@f(COMRAM[11]), 

    f$.$buffer	PTR unsigned char  size(1) Largest target is 20
		 -> txt(BANK0[20]), 

    f$.$source	PTR const unsigned char  size(2) Largest target is 0

    fputc@fp	PTR struct _IO_FILE size(1) Largest target is 11
		 -> sprintf@f(COMRAM[11]), 

    fputc@fp$.$buffer	PTR unsigned char  size(1) Largest target is 20
		 -> txt(BANK0[20]), 

    fputc@fp$.$source	PTR const unsigned char  size(2) Largest target is 0

    fputs@fp	PTR struct _IO_FILE size(1) Largest target is 11
		 -> sprintf@f(COMRAM[11]), 

    fputs@s	PTR const unsigned char  size(1) Largest target is 32
		 -> dbuf(BANK0[32]), 

    Get_Comando@Data	PTR unsigned char  size(2) Largest target is 101
		 -> Buffer_U1(BANK1[101]), 

    IndexOf_Str@buf	PTR const unsigned char  size(2) Largest target is 201
		 -> Buffer_U1(BANK1[101]), Buffer_U2(BANK2[201]), 

    IndexOf_Str@patron	PTR unsigned char  size(1) Largest target is 10
		 -> STR_1(CODE[10]), STR_2(CODE[2]), 

    pad@buf	PTR unsigned char  size(1) Largest target is 32
		 -> dbuf(BANK0[32]), 

    pad@fp	PTR struct _IO_FILE size(1) Largest target is 11
		 -> sprintf@f(COMRAM[11]), 

    Read_Cmd@Data	PTR unsigned char  size(2) Largest target is 201
		 -> Buffer_U2(BANK2[201]), 

    read_prec_or_width@ap	PTR PTR void [1] size(1) Largest target is 1
		 -> sprintf@ap(COMRAM[1]), 

    read_prec_or_width@fmt	PTR PTR const unsigned char  size(1) Largest target is 1
		 -> vfprintf@cfmt(COMRAM[1]), 

    S2290$buffer	PTR unsigned char  size(1) Largest target is 20
		 -> txt(BANK0[20]), 

    S2290$source	PTR const unsigned char  size(2) Largest target is 0

    sprintf@ap	PTR void [1] size(1) Largest target is 2
		 -> ?_sprintf(COMRAM[2]), 

    sprintf@fmt	PTR const unsigned char  size(1) Largest target is 22
		 -> STR_3(CODE[22]), STR_4(CODE[12]), STR_5(CODE[5]), STR_6(CODE[7]), 
		 -> STR_9(CODE[3]), 

    sprintf@s	PTR unsigned char  size(1) Largest target is 20
		 -> txt(BANK0[20]), 

    Texto_Length@texto	PTR unsigned char  size(2) Largest target is 201
		 -> Buffer_U1(BANK1[101]), Buffer_U2(BANK2[201]), 

    UART1_WriteString@cad	PTR const unsigned char  size(2) Largest target is 28
		 -> STR_7(CODE[28]), STR_8(CODE[5]), txt(BANK0[20]), 

    UART2_WriteString@cad	PTR const unsigned char  size(1) Largest target is 20
		 -> txt(BANK0[20]), 

    vfpfcnvrt@ap	PTR PTR void  size(1) Largest target is 1
		 -> sprintf@ap(COMRAM[1]), 

    vfpfcnvrt@cp	PTR unsigned char  size(1) Largest target is 22
		 -> STR_3(CODE[22]), STR_4(CODE[12]), STR_5(CODE[5]), STR_6(CODE[7]), 
		 -> STR_9(CODE[3]), 

    vfpfcnvrt@fmt	PTR PTR unsigned char  size(1) Largest target is 1
		 -> vfprintf@cfmt(COMRAM[1]), 

    vfpfcnvrt@fp	PTR struct _IO_FILE size(1) Largest target is 11
		 -> sprintf@f(COMRAM[11]), 

    vfprintf@ap	PTR PTR void  size(1) Largest target is 1
		 -> sprintf@ap(COMRAM[1]), 

    vfprintf@cfmt	PTR unsigned char  size(1) Largest target is 22
		 -> STR_3(CODE[22]), STR_4(CODE[12]), STR_5(CODE[5]), STR_6(CODE[7]), 
		 -> STR_9(CODE[3]), 

    vfprintf@fmt	PTR const unsigned char  size(1) Largest target is 22
		 -> STR_3(CODE[22]), STR_4(CODE[12]), STR_5(CODE[5]), STR_6(CODE[7]), 
		 -> STR_9(CODE[3]), 

    vfprintf@fp	PTR struct _IO_FILE size(1) Largest target is 11
		 -> sprintf@f(COMRAM[11]), 

    xtoa@fp	PTR struct _IO_FILE size(1) Largest target is 11
		 -> sprintf@f(COMRAM[11]), 


Critical Paths under _main in COMRAM

    _Read_Cmd->_Read_X4
    _Write_X4->_UART2_Write
    _Write_X0->_UART2_Write
    _Read_X4->_sprintf
    _Read_X0->_sprintf
    _UART2_WriteString->_UART2_Write
    _Get_Comando->___fldiv
    _IndexOf_Str->_Texto_Length
    _UART2_Init->___lldiv
    _UART1_Init->___lldiv
    _Consulta_Server->_sprintf
    _sprintf->_vfprintf
    _vfprintf->_vfpfcnvrt
    _vfpfcnvrt->_xtoa
    _xtoa->_pad
    _dtoa->_pad
    _pad->_fputs
    _fputs->_fputc
    _abs->___awmod
    _Consulta_Sensor->_UART1_Write
    _Consulta_Relay->_UART1_WriteString
    _UART1_WriteString->_UART1_Write

Critical Paths under _Interrupcion in COMRAM

    _Interrupcion->_UART_Interrupt

Critical Paths under _main in BANK0

    _main->_UART_Read
    _UART_Read->_Read_Cmd

Critical Paths under _Interrupcion in BANK0

    None.

Critical Paths under _main in BANK1

    None.

Critical Paths under _Interrupcion in BANK1

    None.

Critical Paths under _main in BANK2

    None.

Critical Paths under _Interrupcion in BANK2

    None.

Critical Paths under _main in BANK3

    None.

Critical Paths under _Interrupcion in BANK3

    None.

Critical Paths under _main in BANK4

    None.

Critical Paths under _Interrupcion in BANK4

    None.

Critical Paths under _main in BANK5

    None.

Critical Paths under _Interrupcion in BANK5

    None.

Critical Paths under _main in BANK6

    None.

Critical Paths under _Interrupcion in BANK6

    None.

Critical Paths under _main in BANK7

    None.

Critical Paths under _Interrupcion in BANK7

    None.

Critical Paths under _main in BANK8

    None.

Critical Paths under _Interrupcion in BANK8

    None.

Critical Paths under _main in BANK9

    None.

Critical Paths under _Interrupcion in BANK9

    None.

Critical Paths under _main in BANK10

    None.

Critical Paths under _Interrupcion in BANK10

    None.

Critical Paths under _main in BANK11

    None.

Critical Paths under _Interrupcion in BANK11

    None.

Critical Paths under _main in BANK12

    None.

Critical Paths under _Interrupcion in BANK12

    None.

Critical Paths under _main in BANK13

    None.

Critical Paths under _Interrupcion in BANK13

    None.

Critical Paths under _main in BANK14

    None.

Critical Paths under _Interrupcion in BANK14

    None.

Critical Paths under _main in BANK15

    None.

Critical Paths under _Interrupcion in BANK15

    None.

Call Graph Tables:

 ---------------------------------------------------------------------------------
 (Depth) Function   	        Calls       Base Space   Used Autos Params    Refs
 ---------------------------------------------------------------------------------
 (0) _main                                                 0     0      0   20733
                     _Consulta_Relay
                    _Consulta_Sensor
                    _Consulta_Server
                     _Pic_Clock_Init
                      _Pic_Gpio_Init
                        _Proceso_Led
                  _Set_Led_Conectado
                        _Timer0_Init
                        _Timer1_Init
                        _Timer2_Init
                         _UART1_Init
                         _UART2_Init
                          _UART_Read
 ---------------------------------------------------------------------------------
 (1) _UART_Read                                            4     4      0   15455
                                             13 BANK0      4     4      0
                        _Get_Comando
                           _Read_Cmd
 ---------------------------------------------------------------------------------
 (2) _Read_Cmd                                            13    11      2   12605
                                              0 BANK0     13    11      2
                           _HexToNum
                        _IndexOf_Str
                            _Read_X0
                            _Read_X4
                           _Write_X0
                           _Write_X4
 ---------------------------------------------------------------------------------
 (3) _Write_X4                                             6     2      4     234
                                              7 COMRAM     6     2      4
                        _UART2_Write
 ---------------------------------------------------------------------------------
 (3) _Write_X0                                             6     2      4     278
                                              7 COMRAM     6     2      4
                        _UART2_Write
 ---------------------------------------------------------------------------------
 (3) _Read_X4                                             13     9      4    4734
                                             71 COMRAM    13     9      4
                         _Leer_1Byte
                  _UART2_WriteString
                            _sprintf
 ---------------------------------------------------------------------------------
 (4) _Leer_1Byte                                           2     0      2      45
                                              4 COMRAM     2     0      2
 ---------------------------------------------------------------------------------
 (3) _Read_X0                                             12     8      4    4711
                                             71 COMRAM    12     8      4
                          _Leer_1Bit
                  _UART2_WriteString
                            _sprintf
 ---------------------------------------------------------------------------------
 (4) _UART2_WriteString                                    1     0      1     147
                                              7 COMRAM     1     0      1
                        _UART2_Write
 ---------------------------------------------------------------------------------
 (4) _UART2_Write                                          3     3      0      98
                                              4 COMRAM     3     3      0
 ---------------------------------------------------------------------------------
 (4) _Leer_1Bit                                            2     0      2      45
                                              4 COMRAM     2     0      2
 ---------------------------------------------------------------------------------
 (3) _HexToNum                                             1     1      0     261
                                              4 COMRAM     1     1      0
 ---------------------------------------------------------------------------------
 (2) _Get_Comando                                         39    37      2    2652
                                             29 COMRAM    38    36      2
                        _IndexOf_Str
                  _Set_Led_Conectado
                       _Texto_Length
                            ___fldiv
                            ___fltol
                           ___xxtofl
 ---------------------------------------------------------------------------------
 (3) ___xxtofl                                            14    10      4     337
                                              4 COMRAM    14    10      4
 ---------------------------------------------------------------------------------
 (3) ___fltol                                             10     6      4     230
                                              4 COMRAM    10     6      4
 ---------------------------------------------------------------------------------
 (3) ___fldiv                                             25    17      8    1123
                                              4 COMRAM    25    17      8
 ---------------------------------------------------------------------------------
 (3) _Set_Led_Conectado                                    0     0      0       0
 ---------------------------------------------------------------------------------
 (3) _IndexOf_Str                                         11     8      3     499
                                              7 COMRAM    11     8      3
                       _Texto_Length
 ---------------------------------------------------------------------------------
 (4) _Texto_Length                                         3     1      2      70
                                              4 COMRAM     3     1      2
 ---------------------------------------------------------------------------------
 (1) _UART2_Init                                          10     6      4     278
                                             17 COMRAM    10     6      4
                            ___lldiv
 ---------------------------------------------------------------------------------
 (1) _UART1_Init                                          10     6      4     278
                                             17 COMRAM    10     6      4
                            ___lldiv
 ---------------------------------------------------------------------------------
 (2) ___lldiv                                             13     5      8     166
                                              4 COMRAM    13     5      8
 ---------------------------------------------------------------------------------
 (1) _Timer2_Init                                          0     0      0       0
 ---------------------------------------------------------------------------------
 (1) _Timer1_Init                                          0     0      0       0
 ---------------------------------------------------------------------------------
 (1) _Timer0_Init                                          0     0      0       0
 ---------------------------------------------------------------------------------
 (1) _Proceso_Led                                          2     2      0       0
                                              4 COMRAM     2     2      0
                       _Set_Led_Wait
 ---------------------------------------------------------------------------------
 (2) _Set_Led_Wait                                         0     0      0       0
 ---------------------------------------------------------------------------------
 (1) _Pic_Gpio_Init                                        0     0      0       0
 ---------------------------------------------------------------------------------
 (1) _Pic_Clock_Init                                       2     2      0      23
                                              4 COMRAM     2     2      0
 ---------------------------------------------------------------------------------
 (1) _Consulta_Server                                      2     2      0    4365
                                             71 COMRAM     2     2      0
                  _UART1_WriteString
                            _sprintf
 ---------------------------------------------------------------------------------
 (4) _sprintf                                             24    14     10    4219
                                             49 COMRAM    22    12     10
                           _vfprintf
 ---------------------------------------------------------------------------------
 (5) _vfprintf                                             4     1      3    4006
                                             45 COMRAM     4     1      3
                          _vfpfcnvrt
 ---------------------------------------------------------------------------------
 (6) _vfpfcnvrt                                           10     7      3    3870
                                             36 COMRAM     9     6      3
                               _dtoa
                              _fputc
                 _read_prec_or_width
                               _xtoa
 ---------------------------------------------------------------------------------
 (7) _xtoa                                                12     9      3    1048
                                             24 COMRAM    12     9      3
                                _pad
 ---------------------------------------------------------------------------------
 (7) _read_prec_or_width                                   7     5      2     182
                                              4 COMRAM     7     5      2
 ---------------------------------------------------------------------------------
 (7) _dtoa                                                11     8      3    1828
                                             24 COMRAM    11     8      3
                            ___awdiv
                            ___awmod
                                _abs
                                _pad
 ---------------------------------------------------------------------------------
 (8) _pad                                                  7     3      4     750
                                             17 COMRAM     7     3      4
                              _fputc
                              _fputs
 ---------------------------------------------------------------------------------
 (9) _fputs                                                5     3      2     333
                                             12 COMRAM     5     3      2
                              _fputc
 ---------------------------------------------------------------------------------
 (10) _fputc                                               8     5      3     232
                                              4 COMRAM     8     5      3
                              _putch
 ---------------------------------------------------------------------------------
 (11) _putch                                               1     1      0       0
 ---------------------------------------------------------------------------------
 (8) _abs                                                  4     2      2      67
                                             10 COMRAM     4     2      2
                            ___awmod (ARG)
 ---------------------------------------------------------------------------------
 (8) ___awmod                                              6     2      4     298
                                              4 COMRAM     6     2      4
 ---------------------------------------------------------------------------------
 (8) ___awdiv                                              8     4      4     302
                                              4 COMRAM     8     4      4
 ---------------------------------------------------------------------------------
 (1) _Consulta_Sensor                                      3     3      0     188
                                              7 COMRAM     3     3      0
                        _UART1_Write
 ---------------------------------------------------------------------------------
 (1) _Consulta_Relay                                       1     1      0     146
                                              9 COMRAM     1     1      0
                  _UART1_WriteString
 ---------------------------------------------------------------------------------
 (2) _UART1_WriteString                                    2     0      2     146
                                              7 COMRAM     2     0      2
                        _UART1_Write
 ---------------------------------------------------------------------------------
 (3) _UART1_Write                                          3     3      0      98
                                              4 COMRAM     3     3      0
 ---------------------------------------------------------------------------------
 Estimated maximum stack depth 11
 ---------------------------------------------------------------------------------
 (Depth) Function   	        Calls       Base Space   Used Autos Params    Refs
 ---------------------------------------------------------------------------------
 (12) _Interrupcion                                        2     2      0      46
                                              2 COMRAM     2     2      0
                    _Timer_Interrupt
                     _UART_Interrupt
 ---------------------------------------------------------------------------------
 (13) _UART_Interrupt                                      2     2      0      46
                                              0 COMRAM     2     2      0
 ---------------------------------------------------------------------------------
 (13) _Timer_Interrupt                                     0     0      0       0
 ---------------------------------------------------------------------------------
 Estimated maximum stack depth 13
 ---------------------------------------------------------------------------------

 Call Graph Graphs:

 _main (ROOT)
   _Consulta_Relay
     _UART1_WriteString
       _UART1_Write
   _Consulta_Sensor
     _UART1_Write
   _Consulta_Server
     _UART1_WriteString
     _sprintf
       _vfprintf
         _vfpfcnvrt
           _dtoa
             ___awdiv
             ___awmod
             _abs
               ___awmod (ARG)
             _pad
               _fputc
                 _putch
               _fputs
                 _fputc
           _fputc
           _read_prec_or_width
           _xtoa
             _pad
   _Pic_Clock_Init
   _Pic_Gpio_Init
   _Proceso_Led
     _Set_Led_Wait
   _Set_Led_Conectado
   _Timer0_Init
   _Timer1_Init
   _Timer2_Init
   _UART1_Init
     ___lldiv
   _UART2_Init
     ___lldiv
   _UART_Read
     _Get_Comando
       _IndexOf_Str
         _Texto_Length
       _Set_Led_Conectado
       _Texto_Length
       ___fldiv
       ___fltol
       ___xxtofl
     _Read_Cmd
       _HexToNum
       _IndexOf_Str
       _Read_X0
         _Leer_1Bit
         _UART2_WriteString
           _UART2_Write
         _sprintf
       _Read_X4
         _Leer_1Byte
         _UART2_WriteString
         _sprintf
       _Write_X0
         _UART2_Write
       _Write_X4
         _UART2_Write

 _Interrupcion (ROOT)
   _Timer_Interrupt
   _UART_Interrupt

Address spaces:
Name               Size   Autos  Total    Usage
BIGRAM            3895      0       0      0.0%
BITBANK14          256      0       0      0.0%
BANK14             256      0       0      0.0%
BITBANK13          256      0       0      0.0%
BANK13             256      0       0      0.0%
BITBANK12          256      0       0      0.0%
BANK12             256      0       0      0.0%
BITBANK11          256      0       0      0.0%
BANK11             256      0       0      0.0%
BITBANK10          256      0       0      0.0%
BANK10             256      0       0      0.0%
BITBANK9           256      0       0      0.0%
BANK9              256      0       0      0.0%
BITBANK8           256      0       0      0.0%
BANK8              256      0       0      0.0%
BITBANK7           256      0       0      0.0%
BANK7              256      0       0      0.0%
BITBANK6           256      0       0      0.0%
BANK6              256      0       0      0.0%
BITBANK5           256      0       0      0.0%
BANK5              256      0       0      0.0%
BITBANK4           256      0       0      0.0%
BANK4              256      0       0      0.0%
BITBANK3           256      0       0      0.0%
BANK3              256      0       0      0.0%
BITBANK2           256      0       0      0.0%
BANK2              256      0     201     78.5%
BITBANK1           256      0       0      0.0%
BANK1              256      0     101     39.5%
BITBANK0           160      0       0      0.0%
BANK0              160     17     126     78.8%
BITCOMRAM           94      0       0      0.0%
COMRAM              94     84      89     94.7%
BITBIGSFRlllh       80      0       0      0.0%
BITBIGSFRh          69      0       0      0.0%
BITBANK15           56      0       0      0.0%
BANK15              56      0       0      0.0%
BITBIGSFRllh        31      0       0      0.0%
BITBIGSFRlh         13      0       0      0.0%
STACK                0      0       0      0.0%
DATA                 0      0     517      0.0%


Microchip Technology PIC18 Macro Assembler V3.00 build 20241204225717 
Symbol Table                                                                                   Mon Sep 28 14:21:54 2026

        Get_Comando@iBuffer 0023                ___fldiv@aexp 001D                ___fldiv@bexp 001C  
              ___fldiv@sign 0015         Get_Comando@iCntEthy 0039             ?_Consulta_Relay 0001  
                        l83 2696                          l87 2692                ___awdiv@sign 000A  
      UART1_WriteString@cad 0008                         l200 31A4                         l112 34BA  
                       l123 1E54                         l124 1E60                         l109 34C8  
                       l125 1E62                         l401 26FA                         l420 2B86  
                       l404 2756                         l421 2B98                         l413 2C88  
                       l405 275A                         l422 2B96                         l431 2BEE  
                       l416 2B62                         l192 3266                         l440 2AF8  
                       l417 2B60                         l193 3264                         l281 3498  
                       l409 2D22                         l426 2BCA                         l434 2AC4  
                       l427 2BC8                         l435 2AC2                         l284 3484  
                       l444 2B2C                         l701 2FDC                         l197 328E  
                       l445 2B2A                         l461 3446                         l613 251E  
                       l621 2DBA                         l470 235C                         l534 1ED6  
                       l438 2AE8                         l455 3206                         l287 34AA  
                       l631 346E                         l439 2AFA                         l607 2812  
                       l472 22CA                         l449 2B50                         l731 29FE  
                       l467 22C4                         l539 1FF8                         l635 337C  
                       l627 30CC                         l486 33B4                         l639 305A  
                _M_Cantidad 0082                         l592 108E                         l593 15A8  
                       l738 2A0E                         l695 2E4C                         l935 25E0  
                       l698 324C                         l948 28C0            ?_Consulta_Sensor 0001  
          ?_Consulta_Server 0001                         _PR2 0FBB                         _PPM 0086  
                       _abs 33EA                         _pad 2E4E                         _txt 00B9  
              ___awmod@sign 000A                         wreg 0FE8                  _TXSTA1bits 0FAC  
                _TXSTA2bits 0F72         __end_of_Get_Comando 1FFA               ??_IndexOf_Str 000B  
              ___fltol@exp1 000E                        l1001 2262                        ?_abs 000B  
                      l1300 1846                        l3000 2372                        l1402 2E7E  
                      l1410 2058                        l3010 239E                        l3002 237A  
                      l1500 34CA                        l3012 23A2                        l3004 2380  
                      l3020 23D6                        l1405 2EBC                        l3022 23F2  
                      l3030 243C                        l3014 23AE                        l3006 2386  
                      l3102 1ABC                        l1407 2ED6                        l1423 215C  
                      l3200 2BBC                        l3040 2A42                        l3024 2404  
                      l3016 23B0                        l3008 2396                        l3104 1AD4  
                      l3120 2B08                        l3202 2BD8                        l3042 2A5E  
                      l3034 2A10                        l3026 2414                        l3018 23B6  
                      l3050 195C                        l3130 32A8                        l4010 1CCA  
                      l3210 227A                        l1362 1CB6                        l3122 2B1E  
                      l3114 2AB6                        l1443 2AB2                        l1435 2452  
                      l1291 1760                        l3044 2A7C                        l3036 2A18  
                      l3028 242E                        l3060 197E                        l3052 1964  
                      l3108 1AE0                        l3132 32C4                        l4020 1CF4  
                      l4012 1CDA                        l3220 22D0                        l3212 229C  
                      l3204 2264                        l3124 2B3A                        l3116 2AD2  
                      l3140 342E                        l3300 245A                        l1373 1C4E  
                      l3038 2A3A                        l3046 2A84                        l3070 19C0  
                      l3062 198A                        l3054 1972                        l1470 32CC  
                      l3126 3290                        l1382 33E8                        l4030 1D8E  
                      l4022 1D06                        l4014 1CDE                        l3150 3396  
                      l3230 2338                        l3214 22AC                        l3206 2266  
                      l1286 1938                        l1366 1BF2                        l3118 2AEC  
                      l3142 3430                        l3310 24A4                        l3302 2468  
                      l1439 2AAA                        l1359 1B5A                        l3080 1A14  
                      l3072 19D4                        l3056 1976                        l3048 193A  
                      l3128 3298                        l4040 1E20                        l4032 1E0A  
                      l4024 1D16                        l4016 1CE0                        l4008 1CB8  
                      l3152 33B2                        l3144 337E                        l3224 2312  
                      l3216 22BE                        l3208 2278                        l1288 179C  
                      l3400 1628                        l3136 341E                        l3320 24CC  
                      l3312 24BC                        l3304 2478                        l4200 136E  
                      l1297 17E2                        l4050 320A                        l1474 3404  
                      l1458 1B02                        l3090 1A66                        l3082 1A30  
                      l3074 19E4                        l3066 1992                        l3058 197C  
                      l3170 33C6                        l4042 1E32                        l4034 1E0C  
                      l4026 1D84                        l4018 1CE4                        l3146 3384  
                      l3234 233E                        l3226 2314                        l1298 1800  
                      l3410 165C                        l3402 162A                        l3250 3008  
                      l3242 2FE0                        l3162 346C                        l3138 3422  
                      l3330 2504                        l3322 24E0                        l3314 24C0  
                      l3306 2490                        l4210 1420                        l4202 1398  
                      l1299 1858                        l4052 322A                        l4060 2DBE  
                      l3092 1A82                        l3084 1A48                        l3076 19EE  
                      l3068 19B0                        l3172 33CE                        l4044 1E42  
                      l4036 1E0E                        l4028 1D86                        l3148 3386  
                      l3228 2326                        l3236 2340                        l3500 1926  
                      l3420 16A0                        l3404 163A                        l3412 1662  
                      l3260 3040                        l3252 3018                        l3244 2FF0  
                      l3156 3448                        l3180 335C                        l3332 2516  
                      l3324 24E8                        l3316 24C4                        l3308 2498  
                      l3340 2D58                        l4220 14CC                        l4212 144A  
                      l4204 13A0                        l4300 2640                        l1477 341C  
                      l4054 323A                        l4070 2DFC                        l4062 2DDE  
                      l3094 1A9A                        l3086 1A52                        l3078 19F8  
                      l3174 33DE                        l3166 33B6                        l4046 1E4C  
                      l4038 1E10                        l3190 34B2                        l3502 192C  
                      l3430 16C8                        l3422 16A4                        l3414 1672  
                      l3406 164A                        l3262 3050                        l3254 3028  
                      l3246 3000                        l3158 345E                        l3270 275C  
                      l3318 24C8                        l3326 24EC                        l3350 2D7C  
                      l3342 2D6A                        l3334 2D24                        l4230 1512  
                      l4222 14D4                        l4214 1452                        l4206 13D0  
                      l4310 267A                        l4302 2650                        l3192 2B54  
                      l4056 324A                        l4048 3208                        l4080 2E4A  
                      l4072 2E10                        l3096 1AA8                        l3168 33BE  
                      l3504 192E                        l3440 1716                        l3416 1688  
                      l3408 165A                        l3520 21B2                        l3512 215E  
                      l3280 279C                        l3272 275E                        l3184 3374  
                      l3328 2502                        l3352 2D8E                        l3336 2D3A  
                      l3344 2D74                        l3360 3072                        l4232 152E  
                      l4240 1582                        l4224 14E0                        l4216 147C  
                      l4208 13F8                        l4160 10FC                        l4152 1092  
                      l4312 267E                        l4304 2654                        l1489 296A  
                      l1497 3344                        l3194 2B70                        l4074 2E12  
                      l4058 2DBC                        l4090 2FAC                        l4082 2F5E  
                      l3602 34BC                        l3450 175E                        l3442 1726  
                      l3434 16DC                        l3418 1698                        l3426 16B8  
                      l3522 21B4                        l3514 2174                        l3610 1E6C  
                      l3266 3058                        l3258 3030                        l3290 27E0  
                      l3282 27B2                        l3274 276A                        l3178 3346  
                      l3354 2D92                        l3338 2D4C                        l3370 30A0  
                      l3362 3086                        l4234 154A                        l4226 14F0  
                      l4218 14A4                        l4170 1186                        l4162 1104  
                      l4154 10A2                        l4146 105C                        l4242 26A0  
                      l4314 2680                        l4306 2664                        l3196 2B8A  
                      l4076 2E1A                        l4068 2DE6                        l2900 283E  
                      l4092 2FC0                        l4084 2F60                        l3604 34C2  
                      l3188 34AC                        l3460 17AC                        l3452 176A  
                      l3444 172C                        l3436 16F6                        l3428 16C8  
                      l3380 15C4                        l3524 21C4                        l3620 1ED2  
                      l3612 1E7A                        l3292 27E4                        l3284 27D4  
                      l3276 277C                        l3356 2DAE                        l3372 30A4  
                      l4236 1566                        l4180 1210                        l4172 118E  
                      l4164 112E                        l4156 10AC                        l4148 1076  
                      l4260 270E                        l4252 26C8                        l4244 26B2  
                      l4316 2690                        l4308 2668                        l3198 2BA6  
                      l4078 2E3A                        l2910 2876                        l2902 2846  
                      l2830 28EC                        l4094 2FCA                        l4086 2F80  
                      l3606 34C6                        l3462 17C2                        l3470 17F2  
                      l3454 1788                        l3446 173C                        l3438 1706  
                      l3390 15F8                        l3382 15C6                        l3550 2242  
                      l3534 21EE                        l3526 21C8                        l3518 2188  
                      l3630 1F1A                        l3622 1ED8                        l3614 1E98  
                      l3294 27E6                        l3286 27DA                        l3278 2798  
                      l3374 30C0                        l3358 305C                        l4190 12C2  
                      l4182 123A                        l4174 11B8                        l4166 1136  
                      l4158 10D4                        l4270 2734                        l4262 271A  
                      l4254 26D8                        l4246 26BE                        l2920 28B0  
                      l2912 288C                        l2904 2858                        l2832 2908  
                      l2824 28C2                        l2840 3316                        l4096 2FDA  
                      l4088 2F9C                        l3480 1874                        l3472 1810  
                      l3464 17C8                        l3456 178A                        l3448 1750  
                      l3384 15D6                        l3392 15FE                        l3376 15AA  
                      l3552 2252                        l3544 2216                        l3536 21F8  
                      l3528 21D6                        l3560 1B24                        l3632 1F20  
                      l3640 1FA6                        l3616 1E9C                        l3624 1EDC  
                      l3608 1E64                        l3296 280A                        l3288 27DC  
                      l3368 308E                        l4192 12EC                        l4184 1242  
                      l4176 11C0                        l4168 115E                        l4272 273A  
                      l4256 26DE                        l4280 25EE                        l2850 2530  
                      l2922 28B8                        l2914 2894                        l2906 2860  
                      l2834 293A                        l2826 28D2                        l2842 3324  
                      l2930 2E68                        l3490 18E0                        l3482 1882  
                      l3474 183E                        l3466 17D2                        l3458 179A  
                      l3394 160E                        l3386 15E6                        l3378 15B6  
                      l3546 2222                        l3538 2202                        l3570 1B9C  
                      l3562 1B6A                        l3650 1FEC                        l3642 1FB2  
                      l3634 1F2C                        l3626 1F02                        l3618 1EAC  
                      l3298 2454                        l4194 12F4                        l4186 1272  
                      l4178 11E8                        l4258 26FE                        l4290 2620  
                      l4282 25F2                        l4274 25E2                        l2860 2556  
                      l2852 2538                        l2916 289A                        l2908 2868  
                      l2828 28E2                        l2844 3328                        l2940 2ECA  
                      l2932 2E76                        l3900 2CFE                        l3492 18FA  
                      l3484 18AC                        l3468 17E0                        l3396 1614  
                      l3388 15F6                        l3548 2232                        l3580 1C24  
                      l3572 1BA8                        l3564 1B80                        l3556 1B06  
                      l3652 1FF0                        l3644 1FCA                        l3636 1F4E  
                      l3628 1F12                        l4196 131E                        l4188 129A  
                      l4268 2724                        l4292 2622                        l4284 25F6  
                      l4276 25E6                        l2870 258E                        l2862 255E  
                      l2854 253C                        l2846 2520                        l2918 28A0  
                      l2942 33EA                        l2838 330A                        l2934 2E8A  
                      l2926 2E4E                        l2950 2012                        l3910 2D08  
                      l3902 2D00                        l3494 1912                        l3478 1868  
                      l3486 18B0                        l3398 161A                        l3590 1C62  
                      l3582 1C30                        l3574 1BDA                        l3558 1B16  
                      l3654 1FF4                        l3646 1FD8                        l3638 1F82  
                      l4198 1346                        l4294 2626                        l4286 260A  
                      l4278 25EA                        ?_pad 0012                        l3752 31A6  
                      l2880 25BA                        l2872 2594                        l2864 2570  
                      l2856 254A                        l2848 2522                        l2944 33F8  
                      l2936 2E9A                        l2928 2E5C                        l2960 204C  
                      l2952 201A                        l3760 296C                        l3920 2D16  
                      l3912 2D0A                        l3904 2D02                        l3496 1914  
                      l3488 18CA                        l3592 1C86                        l3584 1C3E  
                      l3576 1BDC                        l3568 1B94                        l3648 1FDC  
                      l4296 262A                        l4288 261E                        l3754 31AA  
                      l2874 25AA                        l2866 2578                        l2882 25C0  
                      l2858 2552                        l2890 2814                        l2938 2E9E  
                      l2970 209C                        l2962 2054                        l2954 202A  
                      l2946 1FFA                        l3770 29B4                        l3762 297C  
                      l3930 2D20                        l3922 2D18                        l3914 2D0E  
                      l3906 2D04                        l3498 1918                        l3594 1C96  
                      l3586 1C5C                        l3578 1BE8                        l4298 262E  
                      l3756 31D0                        l2884 25D0                        l2876 25B2  
                      l2868 2580                        l2892 2816                        l2980 20EC  
                      l2972 209E                        l2964 2060                        l2956 2030  
                      l2948 1FFE                        l3852 324E                        l3860 3486  
                      l3780 29F8                        l3772 29BE                        l3764 2992  
                      l3924 2D1A                        l3916 2D12                        l3908 2D06  
                      l3940 2C60                        l3932 2BF0                        l3596 1CA4  
                      l3588 1C5E                        l3758 31D4                        l2886 25D8  
                      l2878 25B4                        l2894 2824                        l2990 213A  
                      l2982 20FC                        l2974 20A4                        l2966 2068  
                      l2958 2040                        l3854 3256                        l3862 3492  
                      l3870 3474                        l3774 29DC                        l3766 299A  
                      l3926 2D1C                        l3918 2D14                        l3950 2C6A  
                      l3942 2C62                        l3598 1CA6                        l2896 282C  
                      l2992 2146                        l2984 2116                        l2968 206E  
                      l2976 20C0                        l3856 3274                        l3864 3494  
                      l3872 347E                        l3880 349C                        l3776 29EC  
                      l3768 29A6                        l3928 2D1E                        l3960 2C78  
                      l3952 2C6C                        l3944 2C64                        l3936 2C0A  
                      l2898 2830                        l2978 20DA                        l2986 2124  
                      l3858 3140                        l3866 3496                        l3874 3480  
                      l3882 34A0                        l3778 29EE                        l3970 2C82  
                      l3962 2C7A                        l3954 2C6E                        l3946 2C66  
                      l3938 2C5C                        l2988 2134                        l2996 235E  
                      l3876 3482                        l3868 3470                        l3884 34A2  
                      l3892 2CA4                        l3972 2C84                        l3964 2C7C  
                      l3956 2C70                        l3948 2C68                        l2998 2362  
                      l3886 34A4                        l3878 349A                        l3894 2CF6  
                      l3974 2C86                        l3966 2C7E                        l3958 2C74  
                      l3896 2CFA                        l3888 2C8A                        l3968 2C80  
                      l3898 2CFC                        STR_1 1044                        STR_2 104C  
                      STR_3 1022                        STR_4 1038                        STR_5 1053  
                      STR_6 1031                        STR_7 1006                        STR_8 104E  
                      STR_9 1058                        u2000 200E                        u2001 2008  
                      u2010 2010                        u2020 202A                        u2100 2396  
                      u2021 2026                        u2101 2392                        u2030 2040  
                      u2031 203C                        u2040 20DA                        u2120 23F2  
                      u2200 19C0                        u3000 1C3E                        u2041 20D6  
                      u2121 23EE                        u2201 19BC                        u3001 1C3A  
                      u2050 20EC                        u2130 2404                        u2210 19E4  
                      u3010 1C4E                        u2051 20E8                        u2131 2400  
                      u2115 23C2                        u2211 19E0                        u3011 1C4A  
                      u2060 20FC                        u2140 2414                        u2220 1A14  
                      u3020 1C5C                        u3100 1FEC                        u2300 2B50  
                      u2061 20F8                        u2141 2410                        u2221 1A10  
                      u3021 1C58                        u3101 1FE8                        u2301 2B4C  
                      _LATA 0F89                        u2070 2116                        u2150 242E  
                      u2230 1A30                        u2310 32C4                        u3030 1C96  
                      _LATB 0F8A                        u2071 2112                        u2151 242A  
                      u2231 1A2C                        u2311 32C0                        u3031 1C92  
                      _LATC 0F8B                        u2400 2BBC                        u2080 2124  
                      u2160 243C                        u2240 1A82                        u3040 1CA4  
                      u2320 3446                        _LATD 0F8C                        u2401 2BB8  
                      u2081 2120                        u2161 2438                        u2241 1A7E  
                      u3041 1CA0                        u2321 3442                        _LATE 0F8D  
                      u2410 2BD8                        u2090 2134                        u2170 2A3A  
                      u2330 3396                        u3050 1E98                        u2250 2AD2  
                      u2411 2BD4                        u2091 2130                        u2171 2A36  
                      u2331 3392                        u3051 1E94                        u2251 2ACE  
                      u2420 2BEE                        u3140 31CC                        u2180 2AAA  
                      u3300 328E                        u2340 33B2                        u3060 1EAC  
                      u2500 2FF0                        u2260 2AE8                        u2421 2BEA  
                      u2181 2AA6                        u3301 328A                        u2341 33AE  
                      u3061 1EA8                        u2501 2FEC                        u2261 2AE4  
                      u3150 31F6                        u2190 195C                        u3310 2CA0  
                      u2430 229C                        u3070 1F02                        u2510 3000  
                      u2350 345E                        u2270 2B08                        u2191 1958  
                      u3311 2C9C                        u2431 2298                        u3071 1EFE  
                      u2511 2FFC                        u2351 345A                        u2271 2B04  
                      u3160 3206                        u1800 2908                        u3400 1D06  
                      u3320 2C06                        u2440 22AC                        u3080 1F12  
                      u2520 3018                        u2280 2B1E                        u2360 335C  
                      u2600 2D4C                        u3161 3202                        u1801 2904  
                      u3401 1D02                        u3321 2C02                        u2441 22A8  
                      u3081 1F0E                        u2521 3014                        u2281 2B1A  
                      u2361 3358                        u2601 2D48                        u2370 2B70  
                      u1810 293A                        u3410 1D16                        u3170 2992  
                      u2450 22BE                        u3090 1FD8                        u2530 3028  
                      u2290 2B3A                        u2610 2D6A                        u2371 2B6C  
                      u3147 31C2                        u1811 2936                        u3411 1D12  
                      u3171 298E                        u2451 22BA                        u3091 1FD4  
                      u2531 3024                        u2291 2B36                        u2611 2D66  
                      u2380 2B86                        u1900 283E                        u1820 3344  
                      u3180 29B4                        u2460 230E                        u2700 164A  
                      u2540 3040                        u2620 2DAE                        u2381 2B82  
                      u3157 31EC                        u1901 283A                        u1821 3340  
                      u3181 29B0                        u2461 230A                        u2701 1646  
                      u2541 303C                        u2621 2DAA                        u2390 2BA6  
                      u1830 2530                        u1910 2858                        u3190 29DC  
                      u2470 2326                        u2710 1688                        u2550 3050  
                      u2630 3072                        u2391 2BA2                        u1831 252C  
                      u1911 2854                        u3191 29D8                        u2471 2322  
                      u2711 1684                        u2551 304C                        u2631 306E  
                      u1840 254A                        u1920 2876                        u2480 2338  
                      u2800 1810                        u2720 16C8                        u2640 30C0  
                      u3600 270E                        u1841 2546                        u1921 2872  
                      u3425 1DB0                        u2481 2334                        u2801 180C  
                      u2721 16C4                        u2641 30BC                        u3601 270A  
                      u1850 2570                        u1930 288C                        u3290 3274  
                      u3450 1E20                        u3370 1CCA                        u2490 2358  
                      u2810 183E                        u2730 173C                        u2650 15C4  
                      u2570 27B2                        u3610 2756                        u1851 256C  
                      u1931 2888                        u3291 3270                        u3451 1E1C  
                      u3435 1DD6                        u3371 1CC6                        u2491 2354  
                      u2811 183A                        u2731 1738                        u2651 15C0  
                      u2571 27AE                        u3611 2752                        u1860 258E  
                      u1940 28B0                        u1780 28D2                        u3460 1E32  
                      u3380 1CDA                        u2820 1854                        u2740 175E  
                      u2660 15D6                        u2900 21D6                        u2564 278E  
                      u2580 2502                        u3620 2640                        u1861 258A  
                      u1941 28AC                        u1781 28CE                        u3461 1E2E  
                      u3445 1DFA                        u3381 1CD6                        u2821 1850  
                      u2741 175A                        u2661 15D2                        u2901 21D2  
                      u2565 278A                        u2581 24FE                        u3621 263C  
                      u1870 25AA                        u1790 28E2                        u1950 2E5C  
                      u3470 1E42                        u3390 1CF4                        u2830 1868  
                      u2750 1788                        u2670 15E6                        u2910 21EA  
                      u2590 2D3A                        u3550 108A                        u3630 2650  
                      u1871 25A6                        u1791 28DE                        u1951 2E58  
                      u3471 1E3E                        u3391 1CF0                        u2831 1864  
                      u2751 1784                        u2671 15E2                        u2911 21E6  
                      u2591 2D36                        u3551 1086                        u3631 264C  
                      u3480 2E10                        u1880 25D0                        u1960 2E76  
                      u2840 1882                        u2760 17AC                        u2680 1628  
                      u2920 2212                        u3560 14F0                        u3640 2664  
                      u3481 2E0C                        u1881 25CC                        u1961 2E72  
                      u2841 187E                        u2761 17A8                        u2681 1624  
                      u2921 220E                        u3561 14EC                        u3641 2660  
                      u3490 2E3A                        u1890 2824                        u1970 2EBC  
                      u2850 18CA                        u2770 17C2                        u2690 163A  
                      u2930 2232                        u3570 150E                        u3650 267A  
                      u3491 2E36                        u1891 2820                        u1971 2EB8  
                      u3707 2FD0                        u2851 18C6                        u2771 17BE  
                      u2691 1636                        u2931 222E                        u3571 150A  
                      u3651 2676                        u1980 2ECA                        u2860 18FA  
                      u2780 17E0                        u2940 2242                        u3580 26B2  
                      u3660 2690                        u3717 2DC4                        u1981 2EC6  
                      u2861 18F6                        u2781 17DC                        u2941 223E  
                      u3581 26AE                        u3661 268C                        u1990 33F8  
                      u2870 1926                        u2790 1800                        u2950 1B16  
                      u3590 26FA                        u3727 2DD4                        u1991 33F4  
                      u2871 1922                        u2791 17FC                        u2951 1B12  
                      u3591 26F6                        u2880 2174                        u2960 1B24  
                      u3737 2E14                        u2881 2170                        u2961 1B20  
                      u2890 21A8                        u2970 1B80                        u3747 2E40  
                      u2971 1B7C                        u2980 1BD6                        u3757 3210  
                      u2981 1BD2                        u3677 246E                        u2990 1C20  
                      u3767 3220                        u3687 2F66                        u2895 219E  
                      u2991 1C1C                        u3777 3240                        u3697 2F76  
                      i2l77 001A                        _TMR2 0FBC                  Read_X0@bit 004E  
                      _M_ID 0056                        _M_LR 008C                  Read_X0@lrc 0053  
                      _WPUB 0F61                  Read_X4@lrc 0054                  Read_X4@val 0052  
                      abs@a 000B                  _Flag_100ms 0093                        _dbuf 0099  
                      _main 25E2                        _dtoa 1FFA                        _prec 0080  
                      pad@i 0017                        pad@p 0014                        fsr1h 0FE2  
                      fsr2h 0FDA                        indf1 0FE7                        indf2 0FDF  
                      fsr1l 0FE1                        fsr2l 0FD9                        btemp 005A  
                      _xtoa 235E                        prodh 0FF4                        prodl 0FF3  
                      start 0026                 _M_Direccion 0084             ___fldiv@new_exp 0016  
           __end_of_Get_PPM 1006                ___param_bank 0000             __end_of_Read_X0 2814  
           __end_of_Read_X4 2520               _Pic_Gpio_Init 3140                 ?_UART1_Init 0012  
               ?_UART2_Init 0012                       ??_abs 000D                       ??_pad 0016  
              _BAUDCON1bits 0FB8                _BAUDCON2bits 0F70                  _Gasificado 0060  
             ___fltol@sign1 000D                       ?_main 0001                       ?_dtoa 0019  
           __end_of___fldiv 193A             __end_of___awdiv 25E2             __end_of___awmod 28C2  
           __end_of___fltol 2264             __end_of___lldiv 2A10                       _T0CON 0FD5  
           ___awdiv@divisor 0007                       ?_xtoa 0019                       _T1CON 0FCD  
                     _T2CON 0FBA                       i2l276 3124                       i2l278 313E  
                     i2l396 2F5C             ___awdiv@counter 0009                vfpfcnvrt@fmt 0026  
                     _TMR0H 0FD7                       _TMR1H 0FCF                       _TMR0L 0FD6  
                     _TMR1L 0FCE                 Read_X0@data 0050                       _TRISA 0F92  
                     _TRISB 0F93                       _TRISC 0F94                       _TRISD 0F95  
                     _TRISE 0F96                       _M_Led 0059                       _S_Led 008F  
                     _T_Led 0091                       _W_Led 0090                IndexOf_Str@i 0010  
              IndexOf_Str@j 0011                       _Z_Led 0092                 _Flag_1000ms 0094  
                _Leer_1Byte 3346              _Pic_Clock_Init 324E        UART2_WriteString@cad 0008  
                     _flags 0055         read_prec_or_width@c 0009         read_prec_or_width@n 000A  
                     _fputc 28C2                       _fputs 330A                 Read_Cmd@lrc 00D2  
                     pad@fp 0012                       _width 007E                       _putch 34CA  
                     dtoa@d 001A                       dtoa@i 0022                       dtoa@p 001E  
                     dtoa@s 0021                       dtoa@w 001F                       tablat 0FF5  
                     ttemp5 005B                       ttemp6 005E                       ttemp7 0062  
                     status 0FD8                       wtemp8 005B             __end_of_sprintf 33EA  
                     xtoa@c 0022                       xtoa@d 001A                       xtoa@i 0023  
                     xtoa@p 001F                       xtoa@w 0020         __end_of_IndexOf_Str 235E  
           __initialization 32CE            __end_of_HexToNum 305C              ?_Pic_Gpio_Init 0001  
              __end_of_main 26A0                __end_of_dtoa 215E                __end_of_xtoa 2454  
         IndexOf_Str@patron 000A            __end_of_Read_Cmd 15AA                ?_UART1_Write 0001  
               _Get_Comando 1E64                ?_UART2_Write 0001                      ??_main 0055  
                    ??_dtoa 001C                      ??_xtoa 001C               __activetblptr 0002  
    __end_of_Pic_Clock_Init 3290  __end_of_read_prec_or_width 2AB4                      ?_fputc 0005  
                    ?_fputs 000D                      _CCPR5H 0F56                      _CCPR5L 0F55  
          ___awdiv@dividend 0005                      _ANSELA 0F38                      ?_putch 0001  
                    _ANSELB 0F39                      _ANSELC 0F3A                      _ANSELD 0F3B  
                    _ANSELE 0F3C                      _T1GCON 0FCC            __end_of_Write_X0 2DBC  
          __end_of_Write_X4 30CE                      i2l4100 0016                      i2l3800 2F1A  
                    i2l3810 2F50                      i2l3802 2F28                      i2l4098 0012  
                    i2l3820 30DC                      i2l3812 2F52                      i2l3804 2F2C  
                    i2l3830 30FA                      i2l3822 30E2                      i2l3814 2F56  
                    i2l3806 2F3E                      i2l3840 3120                      i2l3832 30FC  
                    i2l3824 30E4                      i2l3816 2F5A                      i2l3808 2F4E  
                    i2l3850 313C                      i2l3842 3122                      i2l3834 30FE  
                    i2l3826 30E6                      i2l3818 30CE                      i2l3844 3126  
                    i2l3836 310C                      i2l3828 30F4                      i2l3846 3136  
                    i2l3838 3110                      i2l3790 2F0C                      i2l3782 2ED8  
                    i2l3848 313A                      i2l3792 2F0E                      i2l3784 2EE6  
                    i2l3794 2F10                      i2l3786 2EEA                      i2l3796 2F14  
                    i2l3788 2EFC                      i2l3798 2F18                      _RCREG1 0FAE  
                    _RCREG2 0F74                      _RCSTA1 0FAB                      _RCSTA2 0F71  
                    _OSCCON 0FD3               vfpfcnvrt@done 0028                      _SPBRG1 0FAF  
                    _SPBRG2 0F75               ?_Interrupcion 0001                      _TXREG1 0FAD  
                    _TXREG2 0F73            __end_of___xxtofl 1CB8                      _SP_PPM 008A  
                    _TXSTA1 0FAC                      _TXSTA2 0F72                   ??_Read_X0 004C  
                 ??_Read_X4 004C               ??_Timer0_Init 0005               ??_Timer1_Init 0005  
             ??_Timer2_Init 0005               IndexOf_Str@lp 0012                vfprintf@cfmt 0031  
         __end_of_UART_Read 275C                   ??___fldiv 000D                   ??___awdiv 0009  
                 ??___awmod 0009                   ??___fltol 0009                   ??___lldiv 000D  
              Read_Cmd@Data 00CD        read_prec_or_width@ap 0006                      clear_0 32D4  
                    clear_1 32E0                      clear_2 32EC                Read_Cmd@bajo 00D6  
          ___awdiv@quotient 000B             ___awmod@divisor 0007                Read_Cmd@alto 00D4  
                    isa$std 0001             ___awmod@counter 0009                      pad@buf 0013  
                    dtoa@fp 0019        Texto_Length@contador 0007                      fputc@c 0005  
                    fputs@c 000F                      fputs@i 0010                      fputs@s 000D  
           ?_Pic_Clock_Init 0001                __mediumconst 1000                      tblptrh 0FF7  
                    tblptrl 0FF6                      tblptru 0FF8               ??_Proceso_Led 0005  
               ?_Leer_1Byte 0005                      putch@c 0001            __end_of_vfprintf 32CE  
             ?_Set_Led_Wait 0001                   ??_sprintf 003C                 _IndexOf_Str 2264  
                    xtoa@fp 0019            Consulta_Sensor@i 0009                ___xxtofl@arg 000F  
              ___xxtofl@exp 000E                ___xxtofl@val 0005              ??_Interrupcion 0003  
                __accesstop 0060     __end_of__initialization 32FC               ___rparam_used 0001  
                ___fltol@f1 0005             ??_Pic_Gpio_Init 0005            ??_Consulta_Relay 000A  
            __pcstackCOMRAM 0001           __end_of_Leer_1Bit 3470               __end_of_fputc 296C  
             __end_of_fputs 3346         __end_of_Timer0_Init 349A               __end_of_putch 34CC  
       __end_of_Timer1_Init 3486         __end_of_Timer2_Init 34AC              _Tiempo_Control 008E  
            ??_Set_Led_Wait 0005               UART1_Init@brg 001A                     ??_fputc 0008  
                   ??_fputs 000F                   ?_HexToNum 0001                     ??_putch 0005  
                __pbssBANK0 0060                  __pbssBANK1 0100                  __pbssBANK2 0200  
             UART2_Init@brg 001A                   ?_Read_Cmd 00CD         __end_of_Proceso_Led 1E64  
              ??_UART1_Init 0016                ??_UART2_Init 0016                     _CCP5CON 0F54  
                 ?_Write_X0 0008                   ?_Write_X4 0008                   ?___xxtofl 0005  
                   _OSCCON2 0FD2             UART1_Write@dato 0005                     _OSCTUNE 0F9B  
                   _SPBRGH1 0FB0                     _SPBRGH2 0F76                  ??_HexToNum 0005  
                   _SP_Agua 0088          __end_of_UART1_Init 2D24          __end_of_UART2_Init 2C8A  
                   _Flag_U1 0097                     _Flag_U2 0095                     _Get_PPM 1001  
                ??_Read_Cmd 00CF                     _Read_X0 275C                     _Read_X4 2454  
            IndexOf_Str@buf 0008              IndexOf_Str@len 000F                     __Hparam 0000  
               _Timer0_Init 3486                 _Timer1_Init 3470                 _Timer2_Init 349A  
                   __Lparam 0000             UART2_Write@dato 0005                     ___fldiv 15AA  
                   ___awdiv 2520           Texto_Length@texto 0005                     ___awmod 2814  
                   ___fltol 215E                     ___lldiv 296C                   ?_vfprintf 002E  
              __psmallconst 1000                     __pcinit 32CE                ?_Get_Comando 001E  
                   __ramtop 1000                  ??_Write_X0 000C                  ??_Write_X4 000C  
                   __ptext0 25E2                     __ptext1 26A0                     __ptext2 105C  
                   __ptext3 305C                     __ptext4 2D24                     __ptext5 2454  
                   __ptext6 3346                     __ptext7 275C                     __ptext8 341E  
                   __ptext9 2AB4        __end_of_Interrupcion 0026                   _T0CONbits 0FD5  
            _UART_Interrupt 2ED8             Read_X0@Cantidad 004A                   _T1CONbits 0FCD  
             Read_Cmd@Index 00D8       read_prec_or_width@fmt 0005                  ??___xxtofl 0009  
          ___awmod@dividend 0005                 _Proceso_Led 1CB8                     _sprintf 33B6  
      end_of_initialization 32FC                     fputc@fp 0007               __Lmediumconst 0000  
                   fputs@fp 000E               ?_Texto_Length 0005          _read_prec_or_width 2A10  
           Read_X4@Cantidad 004A             ___lldiv@divisor 0009             ___lldiv@counter 0011  
         __end_of_vfpfcnvrt 1B04               Get_Comando@uE 003F        __end_of_Set_Led_Wait 34CA  
                   postdec2 0FDD         ?_read_prec_or_width 0005                     postinc0 0FEE  
                   postinc1 0FE6                     postinc2 0FDE            vfpfcnvrt@convarg 0029  
                ??_vfprintf 0031            ??_Pic_Clock_Init 0005      __end_of_UART_Interrupt 2F5E  
                 _UART_Read 26A0           Write_X0@Direccion 0008         Leer_1Byte@Direccion 0005  
                 HexToNum@c 0005           ??_Timer_Interrupt 0001               ___xxtofl@sign 000D  
              ??_Leer_1Byte 0007                   _TRISBbits 0F93                   _TRISCbits 0F94  
                 _TRISDbits 0F95        ??_read_prec_or_width 0007                 ___fldiv@grs 0018  
               ___fldiv@rem 0011                ?_IndexOf_Str 0008              ??_Texto_Length 0007  
                 _M_Funcion 008D                   Read_X0@nb 004F                   Read_X4@hi 004D  
                 Read_X4@nb 0051                   Read_X4@lo 004E           ??_Consulta_Sensor 0008  
         ??_Consulta_Server 0048        UART_Interrupt@c_1521 0002          __end_of_Leer_1Byte 337E  
               vfpfcnvrt@ap 0027                 vfpfcnvrt@cp 002D                 vfpfcnvrt@fp 0025  
                 _Buffer_U1 0100                   _Buffer_U2 0200             ?_UART_Interrupt 0001  
                ?_UART_Read 0001                   _Leer_1Bit 3448           Write_X4@Direccion 0008  
         _Set_Led_Conectado 34AC         start_initialization 32CE          ?_Set_Led_Conectado 0001  
                 _Length_U1 0098                   _Length_U2 0096                 __end_of_abs 341E  
               __end_of_pad 2ED8         ??_Set_Led_Conectado 0005           _UART1_WriteString 31A6  
             Write_X0@Valor 000A          ?_UART1_WriteString 0008               Write_X4@Valor 000A  
               vfprintf@fmt 002F       __end_of_Pic_Gpio_Init 31A6              UART1_Init@Baud 0012  
 __end_of_Set_Led_Conectado 34BC         ??_UART1_WriteString 000A                _Paso_Control 0057  
                ?_Leer_1Bit 0005              UART2_Init@Baud 0012                   ___fldiv@a 0009  
                 ___fldiv@b 0005                 __pbssCOMRAM 0055               __pcstackBANK0 00CD  
      Pic_Clock_Init@guarda 0005   __end_of_UART1_WriteString 3208                _Interrupcion 0008  
                  ?_Read_X0 0048                    ?_Read_X4 0048           _UART2_WriteString 341E  
                 Write_X0@i 000C                ?_Timer0_Init 0001                   Write_X4@i 000C  
              ?_Timer1_Init 0001                ?_Timer2_Init 0001                   _dtoa$2369 001C  
        ?_UART2_WriteString 0008                   __pintcode 0008                UART1_Write@g 0006  
                  ?___fldiv 0005                    ?___awdiv 0005                    ?___awmod 0005  
                  ?___fltol 0005                    ?___lldiv 0005                UART2_Write@g 0006  
               ??_UART_Read 0055               ??_UART1_Write 0005               ??_UART2_Write 0005  
       ??_UART2_WriteString 0009             UART_Read@i_1524 00DC        __end_of_Texto_Length 33B6  
               __smallconst 1000                    _BAUDCON1 0FB8                    _BAUDCON2 0F70  
              ?_Proceso_Led 0001                _Set_Led_Wait 34BC                    ?_sprintf 0032  
                UART_Read@i 00DA   __end_of_UART2_WriteString 3448                    _LATBbits 0F8A  
                  _LATCbits 0F8B                    _LATDbits 0F8C                    _PIE1bits 0F9D  
                  _PIE3bits 0FA3                    i2u320_40 2EE6                    i2u320_41 2EE2  
                  i2u321_40 2EFC                    i2u321_41 2EF8                    i2u322_40 2F28  
                  i2u322_41 2F24                    i2u323_40 2F3E                    i2u323_41 2F3A  
                  i2u324_40 30DC                    i2u324_41 30D8                    i2u325_40 30F4  
                  i2u325_41 30F0                    i2u326_40 310C                    i2u326_41 3108  
                  i2u327_40 3120                    i2u327_41 311C                    i2u328_40 3136  
                  i2u328_41 3132                    _PIR1bits 0F9E                    _PIR3bits 0FA4  
              Get_Comando@i 0042             _Timer_Interrupt 30CE                   _vfpfcnvrt 193A  
          Get_Comando@Index 0037                 ??_Leer_1Bit 0007            Get_Comando@rEthy 003B  
                  Read_X0@i 0051                    Read_X4@i 004F         __end_of_UART1_Write 2BF0  
           UART_Interrupt@c 0001         __end_of_UART2_Write 2B52             _Consulta_Sensor 2DBC  
           _Consulta_Server 2F5E                    _HexToNum 2FDE                 _INTCON2bits 0FF1  
                  _Read_Cmd 105C                    __Hrparam 0000            ??_UART_Interrupt 0001  
                vfprintf@ap 0030                    __Lrparam 0000                  vfprintf@fp 002E  
              _Valor_Salida 0058                  ?_vfpfcnvrt 0025                    _Write_X0 2D24  
                  _Write_X4 305C                  _ANSELAbits 0F38                  _ANSELCbits 0F3A  
                _ANSELDbits 0F3B                  sprintf@fmt 0033                    ___xxtofl 1B04  
                  __ptext10 3448                    __ptext11 2FDE                    __ptext20 2C8A  
                  __ptext12 1E64                    __ptext21 296C                    __ptext13 1B04  
                  __ptext30 33B6                    __ptext22 349A                    __ptext14 215E  
                  __ptext31 3290                    __ptext23 3470                    __ptext15 15AA  
                  __ptext40 33EA                    __ptext32 193A                    __ptext24 3486  
                  __ptext16 34AC                    __ptext41 2814                    __ptext33 235E  
                  __ptext25 1CB8                    __ptext17 2264                    __ptext42 2520  
                  __ptext34 2A10                    __ptext26 34BC                    __ptext18 337E  
                  __ptext43 2DBC                    __ptext35 1FFA                    __ptext27 3140  
                  __ptext19 2BF0                    __ptext44 3208                    __ptext36 2E4E  
                  __ptext28 324E                    __ptext45 31A6                    __ptext37 330A  
                  __ptext29 2F5E                    __ptext46 2B52                    __ptext38 28C2  
                  __ptext39 34CA                    __ptext48 2ED8                    __ptext49 30CE  
   __end_of_Timer_Interrupt 3140            Read_X0@Direccion 0048                    isa$xinst 0000  
           Get_Comando@Data 001E                    int$flags 005A                    _vfprintf 3290  
               _UART1_Write 2B52              _Consulta_Relay 3208                 _UART2_Write 2AB4  
   __end_of_Consulta_Sensor 2E4E     __end_of_Consulta_Server 2FDE                  _INTCONbits 0FF2  
                  intlevel2 0000                   sprintf@ap 003C            ___lldiv@dividend 0005  
              _Texto_Length 337E                  _RCSTA1bits 0FAB                  _RCSTA2bits 0F71  
                _OSCCONbits 0FD3            Read_X4@Direccion 0048                  _UART1_Init 2C8A  
                _UART2_Init 2BF0      __end_of_Consulta_Relay 324E                 ??_vfpfcnvrt 0028  
             ??_Get_Comando 0020                    sprintf@f 003D                    sprintf@s 0032  
          ___lldiv@quotient 000D          Leer_1Bit@Direccion 0005        Get_Comando@cFlagEthy 0041  
          ?_Timer_Interrupt 0001  
